age,income,credit_score,employment_type,loan_amount,existing_loans,spending_ratio,loan_status
59,81158,342,2,464200,2,0.777737283,0
49,54782,432,2,450678,0,0.230805961,0
35,105709,694,2,435569,4,0.665239103,0
28,98533,364,2,378199,3,0.231132219,0
41,128939,589,2,471860,3,0.750510383,0
59,78255,675,2,124097,1,0.83889986,0
39,131952,766,1,53302,3,0.540790216,1
43,92684,512,1,127561,0,0.763179261,0
31,76918,447,2,213051,0,0.694487373,0
31,146093,770,1,420651,1,0.756944705,0
44,104284,448,1,62728,3,0.73674264,0
56,99558,387,2,365742,2,0.343757519,0
44,105549,623,2,268382,2,0.549691307,0
23,124223,695,1,216929,4,0.872289931,0
42,101422,703,2,348754,1,0.440473061,1
22,140363,381,2,149121,4,0.879340963,0
44,146352,585,2,62193,2,0.608213198,0
50,45256,681,2,171656,2,0.523127992,1
58,50005,569,1,333778,2,0.660430226,0
22,26638,591,0,19679,4,0.77108742,0
41,57419,752,1,301649,1,0.475945708,1
53,53377,323,0,318485,0,0.223067923,0
32,126244,610,0,499285,0,0.696164409,0
42,63116,760,0,55374,2,0.869316749,1
45,56634,507,1,314142,1,0.637490655,0
47,102291,737,1,475186,1,0.331890135,1
48,43382,837,1,191773,3,0.373769773,1
36,135303,635,1,180931,3,0.836825503,0
35,76063,721,1,394347,4,0.209493467,1
23,42394,620,0,38178,3,0.584122666,0
57,87789,796,1,425791,4,0.311074352,1
27,123246,462,0,417545,0,0.397935105,0
41,130634,840,1,455470,2,0.414887155,1
29,20864,464,1,239162,1,0.353497923,0
59,119572,594,2,374517,0,0.754646444,0
38,60222,341,0,220101,0,0.432546422,0
24,33666,584,1,223438,4,0.441839494,0
45,143664,686,1,109139,2,0.51710477,1
34,40955,437,1,105290,4,0.831606702,0
29,130674,486,2,471878,0,0.681721122,0
46,123533,730,0,176140,1,0.243224793,1
22,101845,715,1,63951,3,0.227483345,1
40,136925,725,1,354773,4,0.596472461,1
48,89590,715,1,249924,0,0.820942393,0
27,147775,325,2,433387,3,0.426276033,0
28,86471,670,1,144334,3,0.37344028,1
55,130476,684,0,441486,0,0.723733732,0
34,108314,355,0,156857,2,0.621463957,0
37,142579,552,0,437685,0,0.59551914,0
56,63298,405,0,335975,1,0.304510839,0
24,83108,429,1,348367,3,0.323172923,0
22,133864,675,2,50643,1,0.397251443,1
26,68924,607,2,203729,4,0.344787254,0
24,36709,390,2,8582,3,0.880011322,0
49,29726,692,1,117781,2,0.213027711,0
38,80824,833,2,428496,0,0.638239437,0
46,60542,409,0,254957,4,0.562319177,0
54,40245,639,1,440805,1,0.426275865,0
30,54753,655,2,109004,4,0.821312098,0
56,99788,467,0,45000,2,0.669113804,0
34,41316,751,0,107592,0,0.898848046,0
51,122907,404,1,495424,4,0.318059172,0
35,104698,449,1,6085,1,0.261507485,0
28,35960,445,2,479643,4,0.297578087,0
34,50791,598,2,413816,0,0.388503677,0
43,127766,466,2,365138,4,0.491750894,0
41,45216,347,1,458017,1,0.8038223,0
36,52467,538,2,197811,0,0.398514236,0
38,84427,306,2,210253,2,0.840670317,0
44,132470,763,0,384453,2,0.524035382,1
46,82047,752,0,374258,3,0.652949013,0
45,93290,670,0,439812,4,0.3850854,1
49,67014,848,2,337554,1,0.309209671,1
35,24078,786,1,477519,4,0.808619858,0
21,98389,510,0,188260,0,0.276654326,0
45,70519,464,1,293969,3,0.741814914,0
27,24042,424,2,146985,1,0.606689014,0
29,69052,636,2,217823,4,0.802796447,0
44,34389,491,0,89269,1,0.702472888,0
21,115961,513,1,281476,0,0.397164871,0
28,88111,627,0,59895,3,0.602099318,0
44,125058,680,2,402648,1,0.209151534,1
31,113715,538,1,486311,0,0.53265284,0
37,70733,831,0,424786,2,0.260209545,1
28,54754,381,2,241641,1,0.500261498,0
55,38624,662,0,404319,3,0.276728266,0
55,105886,804,1,264830,1,0.868835865,0
53,46681,501,1,389190,1,0.56614757,0
25,109524,803,1,414116,0,0.83925259,0
59,101006,336,1,456631,4,0.215656356,0
48,44704,701,1,334711,4,0.646357299,0
27,124272,475,0,329857,1,0.414868151,0
29,114913,844,0,219241,3,0.502280297,1
28,114108,766,0,63639,3,0.811161177,0
32,143731,500,0,486944,0,0.886014766,0
54,27493,839,2,483692,1,0.372544368,0
53,89639,846,2,242895,1,0.8637773,0
43,120380,693,0,407204,4,0.682108864,0
44,74383,341,2,370747,0,0.86598974,0
57,22994,692,2,83488,2,0.593656899,0
55,89280,740,1,360049,3,0.872529399,0
42,67234,805,0,499614,3,0.824718821,0
47,67291,619,2,270121,1,0.290014219,0
55,148674,514,2,382794,0,0.417552949,0
21,112868,370,0,240101,2,0.370144234,1
55,25594,535,1,321785,3,0.600469528,0
57,125835,580,0,399484,0,0.761959602,0
34,27371,461,1,381609,2,0.731588013,0
23,67315,490,2,59431,1,0.708724393,0
21,103564,308,1,283900,4,0.462685413,0
25,147251,359,1,156836,3,0.297745817,0
46,121448,524,0,195984,3,0.347408488,0
34,99526,586,2,438601,2,0.719174222,0
59,132387,468,0,151104,4,0.303274037,0
47,36626,361,0,231086,0,0.356062693,0
29,106005,648,2,181774,1,0.497186857,0
35,126258,741,0,147957,0,0.250478701,1
35,125573,313,0,276940,2,0.348884443,0
46,27130,463,1,371727,3,0.304837689,0
33,26828,719,0,168935,3,0.865925248,0
52,77514,819,2,86014,0,0.33406812,1
59,127148,847,0,168189,1,0.803238797,0
52,132524,327,1,418969,2,0.280358734,0
24,124635,745,0,287469,1,0.808771193,1
50,72664,507,0,405237,2,0.61960365,0
57,131701,769,0,478937,1,0.794794146,0
43,37883,403,1,260152,0,0.807144082,0
59,63059,725,2,58096,4,0.617461471,0
35,104078,400,2,207476,2,0.842385907,0
49,62932,840,1,149143,0,0.609813804,0
56,149900,821,1,331793,3,0.698795555,0
33,81269,405,0,275185,3,0.491256334,0
52,139850,576,2,218123,1,0.839847386,0
27,95986,364,1,45058,3,0.776913777,0
42,105959,487,2,53263,4,0.316699178,0
48,22035,616,0,227574,2,0.603471495,0
22,129767,437,1,109820,1,0.82777913,0
26,60745,642,2,112645,2,0.755145146,0
48,37241,404,2,180542,2,0.873786946,0
48,72975,845,0,223898,0,0.361911181,1
40,43154,679,1,494454,3,0.457221743,1
50,45625,409,2,295367,2,0.555034322,0
31,64950,844,0,300719,4,0.362868419,1
48,118602,653,2,444015,4,0.475831679,1
45,76396,616,0,245776,3,0.576277443,0
59,119227,565,2,288805,3,0.333937442,0
53,138920,364,2,480191,1,0.379681473,0
21,33331,632,0,303576,1,0.28738975,0
47,83927,812,1,235119,1,0.699366987,0
33,106226,432,0,429363,3,0.453086349,1
23,104719,839,1,34114,2,0.354186307,1
59,83014,834,2,11030,0,0.555126904,1
26,59346,795,2,357195,1,0.247774514,1
28,90411,668,0,183501,0,0.846384624,0
47,74478,398,0,314887,4,0.406127265,0
29,32254,616,1,231941,3,0.820525044,0
57,75734,422,1,392900,4,0.548334046,0
53,48621,619,1,332759,1,0.795105348,0
44,136490,794,0,52577,2,0.372945109,0
35,96441,756,2,492800,1,0.322689422,1
52,66121,821,0,377580,0,0.794588262,0
52,147386,819,2,7966,1,0.349046718,1
44,101418,614,0,396500,2,0.722336745,0
32,80197,841,0,380982,2,0.441208656,1
59,104577,778,1,8728,3,0.723735609,0
22,114634,319,2,173376,3,0.835352386,0
23,138034,429,0,447493,2,0.887146902,0
57,62431,592,0,240189,2,0.451866634,0
37,137637,431,2,488546,0,0.457268084,0
22,119245,655,0,137019,1,0.886971416,0
22,120211,353,2,476317,3,0.803069691,0
48,24837,686,1,348524,0,0.23156438,0
43,131984,564,1,333274,1,0.60141499,0
57,110025,514,2,26414,3,0.32687134,0
52,103163,759,1,494442,0,0.895808775,0
53,91232,757,2,480276,4,0.297246109,1
21,68994,342,0,98005,4,0.591543329,0
39,99079,577,0,417655,3,0.665638859,0
22,32615,429,2,358886,0,0.855945258,0
46,21466,649,0,456436,1,0.793080818,0
52,50771,843,1,182857,1,0.37202834,1
26,138645,405,0,304117,0,0.600836766,0
52,103886,300,0,354235,4,0.867501771,0
24,85911,731,2,209390,0,0.715001793,0
31,118566,605,1,204268,4,0.681835444,0
37,40746,826,0,250389,4,0.728430755,0
58,108422,352,0,241232,1,0.425754332,0
44,129884,819,2,142161,3,0.710476589,0
25,80739,629,2,206926,2,0.362998326,0
54,128440,624,1,329379,0,0.49967194,0
26,118187,413,0,490357,4,0.822950172,0
42,93369,446,2,34400,0,0.213279803,0
31,21893,465,2,151477,3,0.490023055,0
36,50573,678,2,384384,3,0.386775237,1
53,116907,438,1,57763,2,0.339012732,0
29,60874,598,2,428425,2,0.787002795,0
26,97362,575,1,209670,4,0.687549001,0
36,119956,477,1,153496,2,0.278842904,0
49,107460,653,0,373954,4,0.546124329,1
23,147021,453,0,356667,1,0.52683404,0
40,138580,500,1,114955,4,0.299769456,0
56,53367,414,0,156628,2,0.759833891,0
39,41199,367,0,360281,0,0.45667178,1
46,136600,744,2,417546,2,0.733356443,0
23,111404,744,0,217338,3,0.334443831,1
39,94328,625,1,139308,2,0.420551423,0
40,77724,658,0,205288,1,0.266619663,1
52,106133,444,2,297456,4,0.300435489,0
27,56405,574,1,380831,3,0.818228443,0
53,118232,808,0,419407,4,0.276378851,1
59,128659,478,1,114602,4,0.267011845,0
38,35989,776,0,219529,2,0.858264118,0
21,48931,713,2,303784,0,0.652132422,0
31,29290,452,0,367315,3,0.270641188,0
48,58367,403,1,329437,1,0.880201717,0
45,141136,374,1,119124,1,0.302970007,0
43,99878,427,1,251921,0,0.736442008,0
51,110477,644,0,434904,0,0.224395953,0
50,99481,830,0,207301,2,0.637179258,0
55,96298,458,0,90802,1,0.58269271,0
27,146299,837,2,245324,3,0.345602667,1
36,50133,725,2,359168,0,0.6502023,0
46,132616,322,2,160194,0,0.631937095,0
22,125686,346,1,177296,0,0.758846201,0
21,47052,824,1,230612,3,0.813111841,0
32,127286,443,1,404547,1,0.557073458,0
25,105489,718,1,223174,3,0.543206635,0
57,60475,384,1,378555,3,0.63511704,0
52,102666,715,0,47262,2,0.710445312,0
29,116622,781,1,383358,0,0.449319821,1
55,77656,755,0,111435,1,0.553249318,1
39,24633,596,2,91314,2,0.60957293,0
36,37304,411,2,195664,2,0.891864659,0
23,127573,529,2,169998,4,0.611398538,0
40,117820,395,2,353431,0,0.356930586,0
44,66546,677,2,124318,1,0.611592901,0
53,27008,455,1,397278,1,0.773649708,0
44,68291,720,1,392102,1,0.800182576,0
31,47405,404,1,22528,0,0.760175318,0
28,137069,629,2,5068,1,0.821746591,0
56,56386,738,2,336397,3,0.434336439,1
58,110909,431,0,347898,3,0.555299435,0
40,40827,681,1,180040,0,0.745713767,0
55,53040,437,2,358082,1,0.385114966,0
45,80354,569,2,446839,4,0.460107006,0
55,98543,849,2,495395,4,0.781808958,0
45,38157,695,0,47129,4,0.739059955,1
49,117693,763,2,259935,3,0.879839698,0
38,55315,749,0,381140,4,0.897181841,0
38,55932,630,0,230760,1,0.368521183,0
22,41164,552,1,66321,1,0.83031499,0
55,34414,584,2,16526,4,0.266160851,0
36,147597,573,0,228524,2,0.696860146,0
56,34327,319,2,244583,4,0.354069571,0
53,133880,538,1,489780,2,0.41021781,0
24,20946,569,1,162781,0,0.862424824,0
53,34693,717,0,112535,0,0.384205866,0
34,47241,609,1,20063,1,0.671224508,0
41,135194,330,1,140795,3,0.324689956,0
40,115790,403,1,9213,1,0.265372984,0
28,35540,485,2,289941,1,0.437521918,0
27,92255,427,2,237842,3,0.636937271,0
23,84757,509,0,89946,1,0.373561601,0
37,61203,713,0,93918,3,0.410118159,1
53,45081,580,1,181289,1,0.696110873,0
32,81861,552,1,466499,0,0.271957216,0
42,31350,318,0,28655,2,0.512833564,0
42,75512,435,1,494100,1,0.859214171,0
50,76809,522,0,214062,2,0.477880164,0
58,121894,302,2,148659,4,0.50394072,0
58,117557,535,1,289699,1,0.716743013,0
28,62832,764,1,33071,0,0.745308065,0
47,48369,527,1,287383,3,0.738724473,0
47,51728,798,2,128441,0,0.898506917,0
54,37576,820,2,364282,2,0.250015761,0
41,49001,438,1,316295,3,0.887577299,0
50,147625,575,0,7203,0,0.865132732,0
53,103384,590,2,149707,0,0.79649723,0
48,20390,352,1,188643,0,0.517887903,0
53,107535,409,1,137216,3,0.80963166,0
25,65436,303,2,430915,0,0.354582689,0
39,31569,346,0,220691,0,0.754159085,0
24,33029,393,1,358807,2,0.329666812,0
55,42490,512,0,396988,0,0.770753402,0
37,65875,735,0,279357,0,0.630170393,0
48,143552,807,2,21944,4,0.268621896,1
50,120864,504,1,71723,3,0.826723689,0
49,25867,680,1,204741,4,0.604570037,0
26,100820,372,0,73947,2,0.659373795,0
55,119515,815,2,170529,4,0.398457025,1
57,29121,375,2,40191,1,0.810144853,0
44,21539,376,2,252129,3,0.581640515,0
49,111024,709,0,256767,0,0.494784199,1
51,37027,405,0,77264,4,0.573997222,0
55,147402,775,1,193996,4,0.692319157,0
53,94229,574,2,431960,0,0.686533513,0
41,28921,387,0,451640,0,0.450303971,0
52,70435,376,2,486633,2,0.469680796,0
43,142368,376,0,214409,4,0.593566735,0
53,30310,741,1,474300,4,0.847084985,0
23,83965,839,2,431102,1,0.721801187,0
38,142033,544,0,366990,1,0.47329049,0
45,131048,681,2,386694,4,0.435922839,1
51,116444,441,0,89963,1,0.566545672,0
23,89922,667,0,268116,4,0.808993958,0
44,117799,383,0,366363,3,0.206075469,0
52,113948,442,2,142693,2,0.697340248,0
42,102839,651,0,227621,1,0.406158579,1
43,32242,844,1,54738,4,0.345878236,0
22,137027,451,2,193766,1,0.208496598,0
47,132561,457,1,321921,2,0.827613434,1
22,28947,745,1,281674,3,0.838573929,0
46,132250,602,2,143426,0,0.242992209,0
37,91466,749,0,313673,0,0.565270726,1
53,123706,523,1,370039,1,0.306802121,0
29,140351,342,2,318858,4,0.731081288,0
59,144749,563,0,224831,2,0.66577403,0
49,81816,302,2,129750,3,0.407991569,0
46,68785,567,2,439448,3,0.281872197,0
55,139963,315,2,450295,3,0.781854464,0
45,20507,633,0,125883,0,0.671976735,0
44,86972,763,1,148622,2,0.204773962,1
33,47151,358,1,262391,0,0.639510247,0
27,31618,476,2,355340,1,0.767207219,0
56,94286,362,2,327529,3,0.613537642,0
40,36122,606,0,331880,2,0.497299574,0
21,27354,545,2,494781,3,0.608742865,0
28,129598,588,2,297412,0,0.63379844,0
36,50979,631,2,490092,0,0.648024237,0
34,106436,826,1,140362,0,0.876931538,0
32,99376,554,2,453250,3,0.325053451,0
43,72774,809,1,297282,2,0.636165189,0
35,122703,762,0,470198,2,0.331595324,1
48,25037,498,0,255927,1,0.346969704,0
54,48633,570,1,391794,3,0.668480519,0
22,44495,363,1,280576,1,0.841167859,0
52,84550,529,1,72058,1,0.311330973,0
43,101384,548,1,63175,1,0.873725874,1
42,56483,545,2,38329,1,0.423560628,0
45,133181,456,1,467292,0,0.47391983,0
42,93373,387,1,410544,1,0.307576577,0
42,54069,612,1,432463,2,0.631085274,0
26,27370,365,2,273821,1,0.617494346,0
35,139873,319,2,460026,0,0.50958882,0
57,136843,332,2,55357,4,0.533263973,0
53,91947,372,0,60812,4,0.636083113,0
28,59133,642,2,46616,4,0.608447574,0
25,116035,432,1,459500,3,0.461984367,0
59,115761,354,2,447957,2,0.81888007,0
24,133753,360,2,451694,0,0.667362366,0
26,20692,819,1,190128,4,0.343784431,0
52,48926,571,2,489699,0,0.423932095,0
50,119782,545,0,312678,0,0.751514671,0
55,124700,475,2,215128,3,0.273167767,0
36,93984,616,0,69162,4,0.725162399,0
33,63390,430,0,311855,1,0.451189709,0
50,69593,401,0,158877,0,0.586183732,0
39,95609,609,1,363124,4,0.396390682,0
37,120950,591,2,287287,0,0.8905196,0
39,25209,794,0,474044,3,0.834088204,1
48,146700,660,0,113380,3,0.849914886,0
46,26533,637,2,198545,1,0.329342863,0
57,106597,309,1,152089,3,0.789183067,0
46,27211,348,1,461418,4,0.574777971,0
43,29927,786,0,489075,3,0.69550144,0
29,97463,620,1,46423,1,0.352252847,1
32,137333,432,2,46713,2,0.698389252,0
21,44594,382,1,486072,0,0.839987071,0
21,94852,356,2,79310,0,0.38723697,0
54,97713,675,0,269349,4,0.363351896,1
52,96382,648,2,320410,1,0.273090184,0
45,27933,570,0,148414,1,0.386764673,0
21,123780,782,2,467779,1,0.575054583,1
36,132157,410,2,199262,0,0.782901404,0
59,60696,375,1,86863,3,0.395160184,0
25,85449,457,2,157272,0,0.634801072,0
42,87616,831,0,143260,0,0.535713489,1
49,26089,628,2,393377,0,0.402005328,0
23,76548,421,0,269952,3,0.557251357,0
32,46123,340,0,280995,2,0.317573677,0
46,27797,466,2,479106,4,0.647704292,1
36,70013,322,1,398126,2,0.280963905,0
57,28346,578,2,201000,2,0.711686368,0
42,105414,768,2,413274,0,0.324398875,1
49,53672,699,1,19620,2,0.898711407,0
34,37653,308,0,450971,0,0.776570816,0
48,69556,312,2,67995,0,0.440688213,0
25,143723,351,1,494982,4,0.498343341,0
50,128278,508,1,41681,1,0.381433715,0
25,46140,849,0,331653,0,0.736980193,0
32,21184,701,1,481555,2,0.466508879,0
36,143626,490,0,72703,4,0.728629857,0
46,54493,350,2,203752,2,0.212881088,0
46,64148,692,1,465919,1,0.294934672,1
41,44846,599,2,244128,3,0.455482034,0
59,131361,495,1,309280,1,0.276235973,0
56,42195,716,1,227452,4,0.620789595,0
53,25606,719,2,360843,1,0.235582469,0
50,23956,821,1,355600,1,0.801834096,0
57,36555,655,2,88086,4,0.732915599,0
43,110385,447,2,172415,4,0.351379535,0
30,38690,664,0,384673,2,0.538654334,0
25,78502,663,2,285398,0,0.516269155,1
56,144586,701,0,328417,3,0.707405231,0
54,68849,791,2,457827,3,0.48105623,1
51,46347,528,1,122574,3,0.223054708,0
30,118725,836,2,119847,1,0.391615101,1
39,123844,567,1,110547,4,0.526337064,0
52,111321,704,0,458218,4,0.882144551,0
21,69056,310,1,483899,4,0.816811067,0
25,83851,619,2,17926,0,0.326984301,0
24,118234,425,1,235431,4,0.706293158,0
36,101502,605,0,462480,4,0.855777831,0
44,116633,810,1,356671,1,0.206154829,1
36,101418,388,1,374531,2,0.704661972,0
22,90211,654,2,294707,3,0.521533447,1
48,61850,651,2,428904,1,0.676165337,0
52,98545,313,1,492775,1,0.623912492,0
47,47843,556,0,170202,1,0.889265846,0
40,82320,508,1,268069,3,0.402170784,0
44,49793,580,0,56595,1,0.750300087,0
32,59516,742,0,135249,2,0.364247922,1
55,124407,688,0,21321,4,0.504925584,1
53,149045,782,1,408985,2,0.882766612,0
53,37857,446,0,172820,4,0.736295407,0
57,39627,578,1,176100,4,0.421074879,0
32,81822,820,0,283295,1,0.633558498,0
23,104101,733,0,81133,1,0.234784458,1
21,111561,443,1,39187,3,0.386476442,0
53,72248,588,2,48835,0,0.702873343,0
30,75798,685,2,267203,2,0.599065499,1
49,113368,313,1,499044,3,0.528770997,0
33,64116,556,1,221789,3,0.683613242,0
32,95318,645,2,32235,2,0.478921224,0
51,124186,644,2,99208,2,0.218309301,1
22,147119,699,2,72114,4,0.508718636,1
55,107902,506,1,181438,0,0.831490435,0
43,48557,471,0,134191,1,0.79963059,0
37,91334,763,1,379975,0,0.48629803,1
46,95163,569,2,389033,0,0.215555009,0
28,126719,520,0,262057,1,0.645415091,0
49,143099,451,1,86583,0,0.718836099,0
46,98002,482,2,37160,3,0.405970503,0
30,62614,698,1,366155,3,0.5336648,1
46,32720,371,0,488301,1,0.894299757,1
54,77608,717,2,272421,1,0.603440109,0
27,127449,582,1,399996,2,0.445752434,0
24,122828,373,0,444795,2,0.639242214,0
31,146613,654,0,384245,0,0.326015615,1
49,92095,796,1,247521,0,0.339476661,1
56,125924,627,0,327894,1,0.8474473,0
45,104694,834,2,61902,0,0.367440029,1
41,116452,746,0,216270,4,0.417552565,1
56,107593,672,1,121849,3,0.580644069,0
30,55892,661,2,102052,0,0.829784834,0
57,126975,392,0,132894,0,0.747014223,0
29,97242,620,0,168233,2,0.230648744,0
44,136041,623,2,442715,4,0.685120768,0
55,146202,683,2,167958,0,0.552843038,1
55,97606,645,0,407016,3,0.532886989,0
56,143769,402,2,54460,0,0.684090857,0
38,138542,514,1,396568,1,0.337362432,0
59,126438,491,0,75975,4,0.887042065,1
52,20924,493,1,468059,0,0.651714571,0
44,71322,679,0,400580,4,0.455959322,0
43,46478,702,1,21568,0,0.620141546,0
52,91042,310,1,174164,3,0.351529604,0
57,66418,486,2,469235,3,0.643689305,0
32,82217,314,0,67679,4,0.219751999,0
33,120699,596,2,70781,2,0.438827338,0
43,110140,710,2,275574,2,0.723261828,0
45,100846,351,0,471935,1,0.765584494,0
55,93762,327,1,43692,2,0.377043589,0
50,31781,316,0,35086,4,0.577586623,0
37,25515,650,0,316815,2,0.569945023,0
40,137358,727,0,234334,1,0.495019232,1
45,56133,528,2,149973,0,0.359903088,0
42,102508,509,0,271051,2,0.692259763,0
33,117628,730,0,234652,4,0.376653177,1
39,96946,593,0,33604,4,0.837718016,0
56,105058,403,1,42869,1,0.569950904,0
32,29095,503,1,150609,1,0.809334836,0
39,108583,352,1,148573,3,0.403519905,0
32,40470,674,1,259557,3,0.764955409,0
29,63129,353,2,124261,3,0.279564509,0
27,28531,575,2,435587,0,0.736781239,0
48,57038,634,0,381783,4,0.470862095,0
34,107939,330,2,378834,3,0.528993062,0
51,62674,434,1,435037,4,0.316765124,0
39,147572,357,0,224804,1,0.213039382,0
36,114658,404,0,392736,0,0.666338245,0
25,102476,565,1,273217,1,0.611402798,0
55,49831,821,1,197077,4,0.635699706,0
32,77174,795,1,474313,3,0.378501231,1
45,31279,552,2,285245,1,0.367494224,0
41,58220,594,0,429642,2,0.781207418,0
56,80610,457,1,99877,0,0.732876927,0
43,72719,848,0,274457,4,0.435753081,1
36,144936,366,0,166845,3,0.646464001,0
59,73051,598,2,426219,1,0.779705003,1
59,92013,762,0,64668,0,0.82218061,0
34,76652,400,1,359100,3,0.204064383,0
51,85524,355,1,207322,1,0.769423675,0
25,102936,631,0,120087,4,0.445274634,0
55,26470,692,0,386595,2,0.702864799,0
43,87598,680,2,97675,2,0.459980955,1
49,61798,391,1,96634,4,0.624374361,0
31,144517,746,1,440510,0,0.652747708,0
38,73473,408,0,149654,4,0.48349494,0
32,39880,616,0,114119,1,0.558949732,0
29,120117,467,0,149832,0,0.70841936,0
30,64439,734,1,338935,2,0.533413688,1
37,140944,741,0,349302,1,0.20978634,1
58,34308,517,2,434199,3,0.209032938,0
27,111563,521,2,438525,3,0.662917595,0
33,116256,827,0,34715,3,0.793066276,0
29,55081,577,2,434631,2,0.749691476,0
47,95242,765,2,223400,4,0.417280211,1
22,70383,329,2,355404,0,0.529789519,0
25,29837,658,2,449797,2,0.363912518,0
49,124135,587,2,139724,1,0.892404937,0
57,72151,385,1,293441,1,0.382354514,0
58,138128,533,0,234030,3,0.491383115,0
39,56824,612,2,412244,0,0.676790266,0
28,53073,664,0,149875,3,0.813212369,0
21,132651,568,2,273451,1,0.236032979,0
42,117624,430,1,429541,1,0.410713773,0
37,113648,650,1,325760,4,0.598290094,0
27,46299,479,2,458699,4,0.632819157,1
45,119993,779,2,429790,4,0.249019207,1
24,78861,462,2,124828,3,0.664855116,0
56,50063,395,1,220870,0,0.569645056,1
26,89453,809,1,465287,4,0.779339166,1
51,141768,664,0,151004,2,0.355532423,1
39,143299,652,1,413965,4,0.33651889,1
59,88472,735,2,275871,3,0.755336055,0
47,122166,382,0,191478,0,0.69270839,0
30,34506,524,1,22332,4,0.754171352,0
46,114341,711,1,493286,0,0.747353899,0
39,99854,417,2,409050,2,0.272800473,0
59,133604,781,0,156397,1,0.395008133,1
23,46026,491,1,145285,0,0.382059595,0
33,47672,406,1,380885,4,0.854211097,0
48,58417,681,2,137475,3,0.541226602,1
40,72413,689,0,324115,3,0.277739993,1
48,144044,543,0,254271,3,0.402704534,0
28,85066,767,0,452246,3,0.810331154,0
59,79213,837,0,78042,0,0.792946465,0
21,70971,509,2,100195,3,0.830237638,0
23,47281,372,1,143663,1,0.471970141,0
33,133978,608,1,394288,2,0.648938673,0
48,48091,485,0,280140,0,0.394721744,0
45,70494,552,0,319629,0,0.326577732,0
53,123864,312,0,52830,3,0.215330753,0
58,133755,598,1,39370,3,0.356408665,0
26,38610,375,1,324716,0,0.623061896,0
52,21079,350,0,477224,3,0.83294722,0
41,115386,448,2,296242,3,0.293394387,0
36,66751,421,1,197633,3,0.842608093,0
41,106126,510,1,269340,3,0.441769664,0
31,75432,579,0,147163,3,0.498779885,0
57,50951,837,2,216648,4,0.455484978,1
56,100863,455,0,201326,4,0.486025698,0
55,98291,537,0,316406,4,0.381435204,0
39,145659,675,2,142095,0,0.689023275,0
40,79872,381,2,25543,2,0.730728177,0
38,27235,791,2,458245,0,0.776179024,0
34,102733,655,1,492129,4,0.438902708,1
35,82712,572,0,369315,0,0.735238824,0
51,41473,343,1,440553,2,0.64637275,0
21,87567,422,2,176481,3,0.870541261,0
23,126818,648,1,75540,1,0.497349617,0
36,145849,629,2,146035,4,0.89461681,0
43,127399,708,2,149868,4,0.718275821,0
31,144421,622,0,45972,2,0.743394428,0
32,99823,410,0,77613,3,0.217993402,0
30,124215,388,0,100384,3,0.548178846,0
52,129999,732,1,83062,1,0.569835699,1
36,52230,398,0,270405,3,0.228420071,0
28,104573,838,2,284190,2,0.418491856,1
58,112588,445,0,280541,3,0.868950926,0
32,88876,556,1,458652,2,0.498278005,0
44,60644,488,0,357949,4,0.330691389,0
48,68664,539,0,499910,4,0.559337095,0
28,65203,802,0,292901,4,0.223635904,0
48,86677,570,1,151371,0,0.56119209,0
56,45425,819,2,260456,4,0.615987814,1
46,143246,849,2,137974,2,0.450386054,1
28,104817,413,2,386003,1,0.733803339,0
48,127585,638,0,251088,3,0.294999854,0
48,105961,658,0,47399,4,0.814728387,0
57,120342,633,1,53330,0,0.868811437,0
56,145740,468,2,444524,0,0.200864167,0
47,117649,638,0,257055,2,0.789905162,0
37,89806,560,0,139918,1,0.554273604,0
29,62814,498,0,148431,4,0.522983944,0
53,90219,510,1,185448,4,0.367075375,0
40,69646,586,2,73056,0,0.513127529,0
33,59884,771,1,45832,2,0.865299005,0
48,115345,781,2,156170,0,0.347551344,1
49,146062,322,2,122095,0,0.325328867,0
33,120088,408,0,109987,1,0.369327413,0
55,138198,595,0,186034,2,0.586283936,0
26,89322,305,0,355816,1,0.851209871,0
38,41650,849,0,303029,2,0.601717114,0
25,114242,502,0,494472,4,0.370437734,0
45,29190,624,2,26157,3,0.508316621,0
22,58196,543,0,446588,3,0.473280092,0
30,59449,626,0,24674,2,0.232598629,0
50,59661,346,1,37357,3,0.557449294,0
25,49709,312,1,279722,0,0.288204471,0
53,130965,679,2,395601,4,0.789570829,0
21,100428,664,2,400467,4,0.584274037,1
38,95179,641,1,215121,3,0.791224538,0
52,29943,520,1,435645,2,0.869231281,0
31,63240,372,0,490857,0,0.860231804,0
41,65760,345,0,445087,2,0.270300534,0
46,41042,803,2,484742,3,0.86137195,0
45,141770,573,1,161571,4,0.757023045,0
42,63894,507,2,404637,4,0.744360674,0
47,26869,423,0,188276,2,0.263089978,0
33,81078,309,2,422807,1,0.325660292,0
53,76759,628,2,197012,2,0.882614366,0
54,125973,486,2,490731,1,0.34935911,0
55,64306,842,0,222443,2,0.318337331,1
21,128369,359,2,108229,1,0.453646133,0
41,75371,741,0,148274,1,0.839349338,0
26,40918,516,1,499166,1,0.533335424,0
48,48379,301,2,391125,1,0.844408603,1
37,140667,835,2,227274,0,0.434037146,1
25,128475,655,0,155362,1,0.358570052,1
51,110810,464,2,416346,1,0.546642106,0
25,103232,390,0,304221,4,0.630833823,0
58,22962,466,2,260672,0,0.474049299,0
23,33851,506,1,120136,1,0.442221357,0
43,137626,581,1,155468,3,0.352641499,0
57,65747,364,1,459064,0,0.392504736,0
57,145180,815,2,219560,4,0.671182574,0
30,72349,456,2,65530,2,0.458911477,0
30,90832,605,1,200346,4,0.255829929,0
39,76356,694,1,123179,4,0.296708773,1
37,34745,373,0,32122,0,0.460665432,0
41,25730,486,0,296525,0,0.847151701,0
34,33921,636,1,181507,3,0.465321183,0
29,118430,539,1,372758,3,0.242449454,0
21,91138,832,2,159339,0,0.492595981,1
33,103111,440,1,118271,0,0.668172316,0
24,39023,564,0,198050,0,0.615517294,0
21,65349,438,0,143160,2,0.395162074,0
52,146796,758,0,102354,4,0.681662246,0
54,101533,369,0,394872,3,0.641437062,0
48,103286,684,0,17822,3,0.320521078,1
51,61979,497,0,186288,1,0.313501502,0
28,42837,504,1,434805,2,0.583028157,0
59,34997,730,0,201334,0,0.661606993,0
46,124975,624,0,456127,0,0.873337409,0
54,108603,741,0,137508,2,0.495351442,1
23,65039,587,0,460070,3,0.735457468,0
32,147394,525,1,460104,0,0.281564523,0
21,40923,363,2,378345,1,0.822726319,0
25,28876,797,2,294425,3,0.643175279,0
50,80973,359,2,355161,4,0.640321232,0
50,22887,696,2,363149,2,0.299709844,0
37,83723,556,0,89403,3,0.227708611,0
43,62422,538,2,373167,4,0.691014397,0
35,122390,337,2,190024,1,0.281939521,0
57,71413,324,1,27766,2,0.288879105,0
41,122484,709,1,231345,0,0.331250102,0
34,22841,760,1,419429,0,0.268422538,0
22,144647,716,0,361035,4,0.637774764,0
31,48756,656,0,329383,3,0.495403364,1
59,91576,682,0,158609,1,0.386267265,1
58,138248,457,1,401010,4,0.50852458,0
54,30304,732,2,457420,1,0.790898001,0
58,50341,347,1,245904,1,0.848955584,0
54,24758,627,0,168396,1,0.541233301,0
38,37010,732,1,61764,2,0.596727041,0
50,147039,730,2,35858,4,0.380039951,0
35,80758,355,0,47850,2,0.559520265,0
47,51658,567,2,411234,3,0.723683725,0
54,69002,368,2,132171,3,0.544496085,0
58,123318,748,0,350161,0,0.411451031,1
53,21375,556,2,317934,0,0.607424043,0
44,119485,789,1,348264,0,0.862659222,0
35,42092,348,2,276994,3,0.821588698,0
50,20490,615,2,227309,1,0.738469665,0
37,23729,712,2,373903,1,0.393346743,0
25,25974,733,1,182047,4,0.369091655,0
49,138222,301,2,201582,3,0.786976033,0
24,105216,444,2,332840,0,0.326922233,0
30,103860,665,1,161904,3,0.623927915,0
37,147288,719,0,232818,1,0.507250961,0
30,116870,743,0,92826,1,0.527590527,1
37,41398,733,0,493193,2,0.518180382,1
40,54650,356,2,160958,2,0.829965103,0
44,41292,477,0,234002,4,0.260965976,0
25,121291,592,1,144490,3,0.748031015,0
54,123889,345,2,128152,2,0.78450887,0
26,23159,469,2,12081,2,0.860014003,0
22,118162,570,2,369860,3,0.516819968,0
33,82766,716,0,146186,1,0.550045634,1
31,114887,438,0,253917,4,0.872906165,0
43,122834,546,0,285866,4,0.520915743,0
36,37065,447,2,354652,4,0.552483931,0
51,41638,529,1,396896,2,0.432578023,0
31,21073,673,2,22985,1,0.222139215,0
36,66511,379,1,404104,4,0.503138186,0
28,104307,364,2,467470,3,0.658563918,0
24,145274,387,1,495899,4,0.682962137,0
24,120997,387,2,387378,0,0.204556053,0
45,127866,503,2,244990,1,0.760736942,0
23,49320,681,1,350989,0,0.54469093,1
52,89876,775,1,390590,1,0.564521753,1
23,54924,838,1,155371,3,0.873220582,0
47,101720,513,1,454266,2,0.399122811,0
49,60734,373,1,111747,2,0.733156392,0
52,88116,360,1,27036,1,0.602343372,0
39,60025,842,1,261306,4,0.690558923,1
41,114503,518,1,221493,0,0.492472216,0
25,22159,311,2,34346,3,0.395445277,0
38,68940,714,1,380651,4,0.582288167,1
48,99436,331,1,381817,2,0.462458802,0
42,96976,459,2,293835,4,0.356037825,0
41,34678,536,2,110578,0,0.787465304,0
26,81075,480,0,285130,2,0.533082117,0
21,67204,640,0,163918,1,0.793121019,0
25,32021,757,1,316809,3,0.531822108,0
32,26772,379,1,118408,3,0.589758388,0
46,87163,772,0,177473,2,0.896696169,0
54,129968,411,0,78728,1,0.866052948,0
34,93755,591,1,55054,0,0.390182909,0
46,43464,682,0,174559,3,0.808058771,0
47,71137,316,1,407628,2,0.473282439,0
29,50232,792,2,86499,3,0.249874117,1
46,81497,630,2,187545,1,0.60304671,1
42,128017,785,0,366303,0,0.883936302,0
50,94024,705,2,71553,1,0.882019581,0
37,120485,416,2,10279,4,0.288525765,0
46,129898,414,2,474164,1,0.739865667,1
56,71448,848,2,274856,1,0.761983131,0
21,125468,846,1,282961,3,0.458121349,1
28,104517,635,1,189904,1,0.661016627,0
55,20901,635,0,360760,2,0.541711635,0
35,107980,446,2,454440,3,0.359525168,0
42,127594,421,2,404840,3,0.732884997,0
34,103597,380,2,427342,4,0.383926895,0
46,22881,674,0,480331,2,0.438313427,0
48,49863,362,1,85667,1,0.333012883,0
43,131362,803,2,173534,4,0.703489913,0
34,25622,748,1,194748,2,0.521106838,0
44,142740,727,0,182887,4,0.510361278,1
22,21378,726,1,239027,0,0.623194007,0
46,103168,720,2,224983,1,0.310084413,1
34,113847,621,1,293237,4,0.828707723,0
27,91186,465,1,116030,0,0.525576269,0
23,65201,760,0,122385,1,0.456568801,1
43,140767,758,0,168597,4,0.288683426,1
38,127760,488,0,34030,4,0.317567943,0
58,79251,763,0,49067,4,0.84425222,0
55,92572,678,1,403423,4,0.519631923,1
35,59255,301,1,343577,3,0.705528744,0
45,83212,663,0,293783,4,0.256361447,1
57,70210,371,0,401008,3,0.650425181,0
48,145629,726,2,5420,3,0.845063435,0
30,136736,469,2,492976,0,0.409974416,0
59,42499,504,0,24198,1,0.60539835,0
37,122552,636,1,433824,3,0.858153373,0
59,71628,771,0,182277,2,0.703525788,0
42,81360,494,1,87951,3,0.243627852,0
46,24603,574,1,242015,2,0.465116003,0
45,113309,306,2,285019,0,0.260040929,0
37,147466,477,0,75511,2,0.802922317,0
33,105473,541,0,96997,0,0.635163891,0
40,32632,502,1,288475,0,0.869467221,0
45,50607,842,0,284037,0,0.21382943,1
24,111873,761,2,200985,2,0.496161159,1
30,85756,379,2,23243,2,0.27305487,0
23,66994,822,0,20535,0,0.445341476,1
38,83382,716,0,461419,0,0.313320776,1
56,90354,683,2,468813,1,0.430155632,1
42,76344,690,0,334538,0,0.773483403,0
54,73775,425,1,161561,4,0.312489529,0
28,27349,793,0,346358,1,0.53156533,0
39,91154,346,1,387439,1,0.845108194,0
57,47464,775,0,367513,1,0.899145501,0
26,62624,763,0,117695,4,0.375448783,1
46,141897,422,2,220958,1,0.85489772,0
54,146866,773,1,280490,1,0.382972077,1
26,57344,433,2,184077,2,0.489469949,1
57,145857,322,0,404989,2,0.814546529,0
53,103791,534,2,231073,0,0.750323273,0
42,44299,358,0,127580,0,0.80024129,0
41,67975,463,0,342468,3,0.760179676,0
26,21462,515,0,168415,4,0.364542704,0
26,140209,482,1,248470,2,0.591156581,0
24,101441,389,1,369890,0,0.469675503,0
50,110456,610,1,79783,4,0.521797678,1
31,101788,556,2,444179,1,0.307769411,0
50,126540,832,0,440199,4,0.421037291,1
51,60581,832,2,172044,2,0.800352985,0
44,120372,351,2,284103,3,0.828290887,0
29,91289,637,0,356487,2,0.627107159,0
23,125541,470,2,170205,0,0.54878708,0
51,34175,366,0,225826,0,0.698987782,0
57,141704,599,0,56150,4,0.626197275,0
56,26191,531,0,288878,2,0.888572504,0
44,103434,367,0,486580,0,0.333062155,0
51,104518,805,2,22400,1,0.514331308,1
26,100158,327,2,156074,1,0.842768352,0
22,86537,350,2,365473,3,0.840315942,0
40,135721,559,1,391582,4,0.546742793,0
48,67645,483,2,434708,0,0.294366301,0
31,128536,322,2,102753,3,0.770470577,1
24,43283,428,1,499978,1,0.609615631,0
35,143153,590,0,229540,3,0.741216211,0
26,106971,800,0,376007,3,0.523766542,1
50,112759,485,0,166947,0,0.342718745,0
58,79123,778,1,161118,0,0.216792585,1
22,122780,791,2,159736,0,0.591396788,1
35,50024,812,2,422669,4,0.312732325,1
31,69630,366,2,9746,3,0.330996046,0
28,50734,766,2,225581,3,0.505413942,1
46,20515,584,1,128765,4,0.509453951,0
25,130782,716,2,411433,1,0.392070963,1
26,86727,399,0,330328,2,0.292345546,0
46,117800,488,1,93898,1,0.861466926,0
24,129164,687,1,308979,4,0.292148431,1
39,66216,540,0,276277,3,0.445540809,0
40,91833,716,0,106345,3,0.413407595,1
53,78755,475,2,45533,0,0.806436528,0
40,47856,686,0,403620,0,0.487043714,1
32,134959,770,1,169411,3,0.286830449,1
21,93870,532,1,295869,3,0.20718272,0
46,44162,751,1,210404,0,0.705364722,0
34,26008,576,2,443596,0,0.700150765,0
58,27987,528,2,446289,1,0.49244857,0
57,82532,470,0,196945,3,0.2884156,0
31,116502,512,2,222972,3,0.460143669,0
56,23332,581,2,132240,4,0.612917716,0
33,86323,340,1,177413,1,0.692760059,0
23,58990,421,1,268380,2,0.254767925,0
53,29873,526,0,335060,2,0.589415229,0
26,102542,593,1,372625,2,0.393286855,0
30,105761,566,2,133357,0,0.632086401,0
25,56444,840,0,281682,2,0.653698086,0
43,55340,750,0,410187,4,0.837422591,0
30,125219,748,1,104821,0,0.487264863,1
22,25033,360,1,481669,0,0.576313462,0
33,93324,801,1,43655,2,0.387750586,1
22,35689,446,0,213094,0,0.400589917,0
40,129756,633,1,65784,1,0.232223647,0
21,107134,441,2,389691,1,0.40024826,0
57,123016,343,0,385321,2,0.244680083,0
29,115239,443,1,459505,4,0.874741053,0
37,20066,632,2,173482,0,0.636984265,0
29,134159,796,2,358126,3,0.321203993,1
31,65246,695,1,449518,2,0.281736452,1
35,27533,354,2,419919,0,0.459085834,0
44,100639,606,0,311335,2,0.415353127,0
58,90152,722,0,254526,2,0.395478347,1
55,131581,716,2,321256,4,0.527737231,1
50,135828,624,0,16399,3,0.83901169,0
51,79658,379,1,371509,0,0.597635178,0
25,58498,330,2,17685,2,0.564862053,1
34,129028,411,0,354921,2,0.764583905,0
31,31772,771,1,271631,0,0.202817228,0
29,109385,373,1,279162,2,0.338169968,0
54,69036,778,0,429041,2,0.547330154,1
32,78531,686,2,143822,2,0.693716342,0
55,139159,732,1,457172,1,0.539519736,1
55,32940,711,1,448445,1,0.314601187,0
21,138027,766,1,88220,3,0.850987972,0
42,36932,547,1,310262,4,0.430065592,0
49,115305,419,2,64615,0,0.751750977,0
28,76827,366,0,84946,4,0.823989334,0
31,81431,626,0,257409,4,0.442514564,0
57,44648,769,0,126869,1,0.791718247,0
34,132947,792,1,455506,3,0.697541578,0
50,52966,585,2,282249,4,0.832996586,0
55,47777,611,0,417129,4,0.375917491,0
41,144661,608,2,368708,2,0.851894324,0
57,52567,396,0,185587,0,0.245714534,0
25,135259,412,1,52342,3,0.7555699,0
39,37174,755,0,379160,0,0.504965514,0
34,62598,762,1,251605,1,0.324522977,1
46,144711,431,1,188256,4,0.255582069,0
24,79199,420,0,481463,4,0.47268326,0
45,33798,496,2,327650,0,0.472526745,0
45,85364,781,1,292111,1,0.360970169,1
38,37558,338,2,303167,2,0.350860779,0
28,81084,811,0,321432,2,0.479660009,1
59,64237,773,1,257868,4,0.487079718,1
34,85497,460,2,129939,4,0.509655359,0
52,20178,588,1,368685,3,0.808131571,0
58,136932,499,0,293766,0,0.627878154,0
53,106006,827,1,50201,4,0.214303216,1
43,37118,802,0,473249,1,0.563369469,0
35,42616,547,2,21350,0,0.733715907,0
53,20798,682,1,321964,3,0.239490015,0
45,27601,517,2,315853,2,0.495825515,0
37,45363,386,0,355376,3,0.5158471,0
53,22795,381,0,425686,0,0.867814317,0
22,117462,361,2,166961,2,0.532978768,0
34,65264,799,2,146296,1,0.724930184,0
59,122892,341,0,243332,2,0.412031432,0
26,92833,311,2,141537,2,0.745514656,0
26,149688,414,0,349562,1,0.425863657,0
23,23084,517,2,102739,4,0.501016511,0
27,115865,405,0,229552,4,0.535637594,0
28,96646,827,0,60214,2,0.848454079,0
35,20731,771,1,231445,2,0.237417483,0
49,21129,686,0,139016,3,0.337807006,1
53,48022,525,0,29336,4,0.694019922,0
50,21605,780,1,43624,1,0.604304362,1
59,97506,707,1,332350,2,0.376071973,1
47,129241,756,2,49764,2,0.402440621,1
56,64130,320,2,495548,3,0.45711664,0
49,49265,502,0,361469,3,0.515242865,0
58,52330,716,2,50420,3,0.772619126,0
53,88469,715,2,487974,0,0.209670834,1
57,35187,747,0,109381,1,0.828613819,0
47,45791,811,1,70671,0,0.489118978,1
53,110436,384,1,413989,2,0.361348262,0
24,90610,466,0,112596,3,0.55588889,0
42,132341,683,0,293591,3,0.66176903,0
22,111962,767,0,140105,3,0.231326553,1
30,59867,371,0,454068,4,0.701044146,0
25,136178,820,0,25497,1,0.732532831,0
30,20893,772,0,84714,0,0.316327599,0
53,119694,557,2,131892,1,0.317517,0
58,39773,574,2,208154,3,0.342649188,0
33,24239,319,2,472148,2,0.757640098,0
51,40863,789,1,419194,4,0.390402139,1
56,71415,789,0,244939,1,0.757155087,0
44,88968,625,0,148954,2,0.578366701,0
35,120675,828,2,153017,3,0.737019931,0
49,80430,388,1,485536,3,0.587571129,0
28,139000,785,2,454701,3,0.435038229,1
25,21515,649,0,467066,3,0.8374999,0
49,117206,383,0,254720,4,0.700706963,0
24,134210,686,2,327014,4,0.538838362,1
32,124630,386,2,154667,1,0.646199933,0
22,34605,606,0,220363,3,0.631090349,0
47,76240,453,2,102847,4,0.450681352,0
51,25586,739,0,200110,2,0.496640223,0
56,121221,563,2,454342,4,0.422779744,0
56,140419,720,1,247303,4,0.899662692,0
46,142374,792,0,363278,1,0.606045118,0
47,134205,710,1,433665,4,0.264438725,1
25,51186,472,2,368254,2,0.563375029,0
40,46928,303,1,246337,3,0.234973375,0
31,118264,771,2,416855,0,0.402056434,1
30,103087,409,1,443586,1,0.512172781,0
58,142990,336,1,494775,2,0.573989341,0
26,107029,330,1,210700,1,0.88332698,0
28,40711,680,0,76918,3,0.887555207,0
43,74962,567,1,440926,4,0.268648559,0
46,40039,310,2,190123,4,0.576692871,0
32,56561,643,2,196711,2,0.771976577,0
46,95483,843,0,8159,3,0.366398974,1
33,117871,465,0,338336,0,0.725394169,0
38,101395,641,2,334132,0,0.815033339,0
45,108658,781,1,112739,4,0.663741177,0
53,21577,318,2,285850,3,0.429392344,0
32,127792,483,0,408078,3,0.846192624,0
56,48350,844,0,277363,2,0.818464066,0
24,136908,309,2,356161,0,0.701077723,0
25,127468,491,1,301680,2,0.454567679,0
57,53798,619,1,338776,1,0.754327454,0
28,117434,774,0,239561,3,0.421276287,1
48,101417,726,2,475607,0,0.377066996,1
51,30785,358,2,461102,2,0.560509371,0
29,92227,735,0,375942,4,0.897994658,0
49,138680,396,2,478212,1,0.763025359,0
34,81957,795,0,301081,2,0.710854912,1
42,85431,577,1,26094,4,0.516408923,1
31,37297,564,1,130312,0,0.418365006,0
43,91894,308,2,109894,0,0.799130534,0
21,136869,756,1,251146,1,0.597412946,1
57,83772,572,1,122118,4,0.769278466,0
41,39581,307,0,163996,3,0.541427597,0
46,75192,507,0,350469,0,0.727770246,0
56,21462,422,2,136195,3,0.807418741,0
43,148848,332,0,451365,3,0.473973019,0
21,84173,812,2,338589,2,0.209498699,1
35,35511,503,2,36854,2,0.378448596,0
41,96106,817,0,65796,0,0.840440529,0
29,68665,816,1,336576,3,0.681279582,0
29,64414,742,1,195040,2,0.716053102,0
30,101010,638,1,439050,4,0.42770203,0
46,92573,737,1,284255,4,0.690891089,0
55,113665,744,2,77575,4,0.652397502,0
45,127803,435,1,115380,4,0.324861564,1
46,139682,686,2,291243,3,0.878083544,0
31,33386,324,0,467422,4,0.447817915,0
58,144069,805,0,448509,3,0.430500882,1
22,74460,624,2,113871,0,0.458413081,0
27,26221,637,1,254791,0,0.264203731,0
38,43474,394,2,282173,4,0.637474462,0
47,126073,844,1,430027,4,0.367036971,1
54,135375,445,1,20793,4,0.762318929,0
47,132660,530,2,315250,0,0.475909326,0
37,41045,794,2,352806,2,0.520990938,1
44,111319,337,1,220836,0,0.652495438,0
45,136582,724,2,263490,4,0.733309794,0
27,125693,736,1,482347,2,0.361780713,1
26,24922,667,2,399188,2,0.876406031,0
44,131943,644,0,398576,1,0.635625082,0
53,42706,459,1,138704,3,0.203947036,0
49,62771,849,0,434174,4,0.490935547,1
42,72335,840,2,239324,3,0.505772474,1
46,118015,443,0,85882,1,0.766415483,0
48,72949,644,2,381002,3,0.413597842,0
41,90714,568,1,154080,4,0.431858561,0
27,115558,567,2,82656,1,0.249345865,1
37,35240,468,2,428499,3,0.398482217,1
40,111756,332,1,318052,0,0.701873191,0
40,122272,676,2,143890,2,0.644329844,1
42,22716,513,1,468871,1,0.256975862,0
48,36574,739,2,35579,0,0.280285724,1
27,131815,791,1,60178,4,0.463848175,1
21,103255,692,0,193656,2,0.720630433,0
52,93717,788,2,201092,1,0.783042795,0
33,131299,328,2,118204,2,0.21023683,1
50,64066,338,2,100373,1,0.430307404,0
43,135066,472,1,137047,1,0.496983305,0
39,81826,316,2,461695,3,0.837792968,1
52,40213,355,1,283409,2,0.55098459,0
50,91916,525,2,330662,2,0.388790536,0
49,86151,366,0,402534,0,0.473032946,0
49,148518,496,2,387755,4,0.505504109,0
50,137018,322,0,433297,0,0.668997111,1
36,149024,536,1,194721,3,0.228761448,1
39,70906,437,0,120475,1,0.472616164,0
38,20463,772,2,179141,3,0.652588246,0
21,51973,528,2,214742,3,0.398325621,0
34,94694,616,1,372112,0,0.614225705,0
22,40651,500,2,378830,1,0.450095251,0
48,88694,557,2,81377,4,0.731104607,0
50,40008,779,1,358815,3,0.242418388,1
58,131738,477,1,148499,4,0.842573386,0
24,90474,422,0,438467,1,0.320128784,0
21,58185,641,1,235739,1,0.310982961,0
28,107924,470,2,107263,0,0.788450061,0
49,94417,358,1,423381,2,0.808498046,0
59,145502,764,2,465501,0,0.265081319,1
23,91139,559,0,126359,4,0.83610325,0
52,54980,672,1,365988,0,0.391308507,0
30,42504,394,2,69927,1,0.63303518,0
30,74970,424,1,340314,3,0.248015443,0
39,36766,340,1,343294,2,0.466462771,0
54,136944,553,1,292010,1,0.515507226,0
53,113922,306,1,277426,3,0.619878599,0
43,31695,770,0,156391,4,0.56769038,0
48,37796,810,2,434942,4,0.523045073,0
52,62543,368,1,20412,4,0.871748148,0
27,34559,380,2,471802,0,0.329515944,0
49,124450,841,0,129135,4,0.310595961,1
28,53139,561,2,125019,4,0.699393343,0
21,140494,388,2,291727,0,0.252186319,0
23,123869,507,0,219649,3,0.538024019,0
44,28802,512,1,329066,1,0.538837183,0
43,93843,565,2,273329,2,0.417017732,0
28,60205,592,2,353492,4,0.851310619,0
57,118750,506,1,96368,4,0.397780405,0
23,54159,632,1,192461,4,0.401909367,0
53,31516,376,2,262902,0,0.364009975,0
48,70492,587,0,284567,0,0.302051625,0
28,49086,346,1,56268,0,0.454807739,0
54,133758,499,1,117692,2,0.676621082,0
55,50480,726,0,439860,1,0.719514004,0
52,72091,509,2,172858,4,0.769393242,0
44,148023,719,1,362345,3,0.338280722,1
34,130195,453,2,473741,4,0.224942882,0
52,67766,821,2,350888,4,0.882280101,0
36,58737,714,2,123222,4,0.210032764,0
24,29265,652,0,355734,4,0.872475187,0
57,134165,456,2,428693,1,0.780170093,0
41,139501,560,2,231982,3,0.838452333,0
34,138257,376,1,127942,0,0.471029999,0
51,90990,787,1,139643,3,0.338041399,1
38,121454,430,0,24576,4,0.62452458,1
27,111717,754,0,386785,3,0.71887582,0
30,35386,462,1,460919,4,0.291602746,0
27,124718,314,1,145752,3,0.75833506,0
53,57425,531,0,161778,2,0.346015324,0
43,141635,494,2,215926,3,0.544174105,0
41,63254,841,0,222267,0,0.799537715,0
39,109863,658,2,462743,0,0.335397158,1
39,138350,630,1,382186,3,0.369319254,0
56,73634,726,1,206637,3,0.24393981,1
49,106717,796,1,446652,1,0.302629878,1
38,67662,785,2,138846,3,0.302568074,1
22,106988,748,0,153044,0,0.342399252,1
21,123784,712,2,150120,2,0.400340278,1
25,126337,629,0,103908,0,0.770488355,0
40,119287,446,0,375868,1,0.841034705,0
31,107527,558,0,242741,3,0.484396426,0
22,126847,591,1,85225,2,0.289746266,0
23,95452,442,0,349417,0,0.356666948,0
43,30143,664,1,131170,2,0.715344184,0
32,111391,389,0,479766,4,0.674197863,0
40,35581,463,0,485570,0,0.877045111,0
25,87443,780,1,365881,4,0.210142076,0
57,49424,383,1,474896,2,0.725531132,0
58,108844,376,2,363681,3,0.55405552,0
50,61984,816,0,62602,3,0.831885085,0
29,61505,784,1,333547,3,0.603316672,0
54,132061,403,2,32182,4,0.512667407,0
55,122478,751,2,347020,3,0.666095427,0
42,82699,786,1,475589,1,0.78346641,0
44,46957,638,0,314203,0,0.397748985,0
37,45464,777,2,407003,0,0.275268931,1
30,134012,522,0,267537,2,0.503112683,0
50,43649,308,0,328919,4,0.350163911,0
43,62065,352,2,195526,0,0.500678823,0
52,112661,376,1,148128,4,0.893733721,0
37,54758,802,0,459699,2,0.601885466,0
37,25596,615,1,443173,3,0.685520156,0
34,36374,464,2,426645,2,0.674549896,0
29,138686,578,0,50909,1,0.774490585,0
22,23775,326,1,320050,3,0.860890019,0
45,47388,369,1,364579,3,0.661172669,0
59,143800,517,0,495973,3,0.533266251,0
29,41029,664,1,353434,2,0.422481662,1
42,103981,605,1,311533,1,0.45219201,0
24,73639,423,2,288049,4,0.434136426,0
46,134010,318,2,225691,2,0.427125844,0
49,34645,556,1,189802,0,0.686237503,0
54,51105,595,1,62557,0,0.611396321,0
43,33668,321,0,383958,2,0.341396531,0
57,147949,749,2,242706,4,0.878738213,0
31,35960,849,0,493373,0,0.499407861,0
26,146519,347,1,484329,4,0.596260481,1
38,31357,482,0,238336,3,0.691820677,0
41,84604,734,1,202271,2,0.629574164,0
56,122739,406,2,183373,3,0.417736238,1
58,71796,487,2,89752,0,0.758394601,0
54,35804,385,1,445475,4,0.277107548,0
37,147732,755,2,210873,3,0.598297084,1
57,135733,436,1,271718,0,0.391322056,0
45,34626,635,0,355435,1,0.631033657,1
58,48132,768,1,262974,3,0.352595437,0
32,27951,702,0,454992,1,0.740539759,0
43,26449,839,1,101777,1,0.359275432,0
42,39065,371,2,486428,0,0.823274494,0
41,121503,323,1,485313,2,0.803088433,0
47,125072,784,1,291881,4,0.453675416,1
51,29130,355,1,28390,0,0.470074202,0
26,109360,522,2,96612,3,0.69105242,0
47,82287,478,1,57330,4,0.263261477,0
54,126937,733,2,76082,2,0.256643589,0
32,71702,749,1,189714,0,0.295426938,1
27,56993,791,0,419496,2,0.593732735,1
30,51875,488,1,234561,3,0.304301613,0
37,135284,719,0,288181,0,0.394332097,1
46,26054,548,2,121668,3,0.652837985,0
41,119809,463,2,124229,4,0.210936644,0
48,127357,554,1,438792,4,0.326165626,0
22,68517,775,2,426780,2,0.850951464,0
21,96368,716,1,235205,2,0.664504336,0
56,49670,469,2,221511,4,0.41388578,0
46,69112,616,0,101342,1,0.231712397,0
49,108388,473,2,247936,4,0.610234166,0
41,109156,769,0,357072,0,0.356006417,1
31,48307,644,1,33087,3,0.872122807,1
31,133087,744,1,114844,4,0.680872668,0
56,87087,317,1,486045,4,0.88188672,0
59,67922,369,0,212285,3,0.794229228,0
55,83080,637,1,17803,3,0.538119191,1
54,113348,826,1,444218,0,0.668694203,0
44,99335,755,0,333905,3,0.768475037,0
42,46312,568,2,133574,2,0.604724937,0
25,125156,487,1,207382,4,0.243041251,0
53,86985,828,2,345723,3,0.52931242,1
56,140641,733,2,414379,0,0.291401332,1
40,77608,587,1,466596,3,0.700392743,0
39,109962,798,1,471099,4,0.676440241,0
55,120963,740,0,187957,1,0.895035734,0
37,60277,602,0,222412,3,0.640166861,0
54,51551,386,1,41764,2,0.76009656,0
29,109813,737,2,490998,4,0.387801496,1
46,76597,840,0,198198,0,0.438016895,1
22,121025,321,0,244066,4,0.841916977,0
29,144342,816,1,203296,1,0.728634582,0
29,65212,802,1,314199,0,0.658688422,0
37,29637,766,1,318743,1,0.377819385,0
21,63258,400,1,349931,1,0.68900455,0
45,55693,440,0,214112,2,0.820734552,0
45,29824,437,0,306864,3,0.361558358,0
59,149553,527,0,98120,2,0.694286764,0
55,46950,580,2,180556,2,0.475585767,0
23,43488,730,0,132976,2,0.283137189,1
57,147870,339,0,381211,0,0.734422474,0
50,124544,818,1,174924,3,0.316995752,1
58,135200,510,0,18219,3,0.377027391,0
54,20215,601,0,375652,0,0.748059429,0
32,125603,385,0,95351,2,0.71949295,0
39,31523,696,1,316009,2,0.377928146,0
57,95900,552,0,59457,1,0.85867523,0
37,88689,832,0,95159,1,0.350699658,1
30,43834,680,2,435033,4,0.89553555,0
32,54474,743,2,205065,1,0.71652991,0
36,63066,332,2,98391,3,0.474755383,0
44,119871,559,2,450596,0,0.291244445,0
39,30400,533,1,317544,2,0.424356969,0
28,145211,814,2,303402,4,0.335616958,1
51,30345,607,0,217078,1,0.635287711,0
41,53896,369,2,185029,4,0.449798607,0
37,105430,753,1,378610,0,0.406505083,1
43,48899,738,2,154353,0,0.729993234,0
57,126171,663,2,82264,4,0.361419604,1
36,48229,780,1,187403,4,0.610822522,0
26,137053,443,1,181752,4,0.336217265,0
28,25583,323,1,436939,2,0.700359025,0
45,24897,724,1,146234,3,0.637585039,0
38,140406,474,1,230880,1,0.758707461,0
45,91537,624,1,499240,1,0.247947952,0
32,129417,647,0,376021,1,0.347073815,1
35,24567,317,2,449311,4,0.308122252,0
46,94807,343,2,278482,4,0.333392868,0
46,149648,454,1,223904,4,0.272109855,0
52,132652,676,1,16675,2,0.593457331,1
30,97239,701,0,94606,2,0.615401985,0
36,33329,524,0,287224,2,0.790442829,0
27,121045,516,1,248747,2,0.492416724,0
37,137708,330,0,253585,0,0.572669299,0
43,91792,358,0,281080,2,0.893912842,0
46,20228,652,1,15019,2,0.572291558,0
41,110282,744,1,242790,2,0.601503261,0
42,102214,534,1,465498,1,0.89714219,0
27,57052,406,1,447897,1,0.895890567,0
34,77769,490,2,355448,1,0.496821312,0
35,66032,829,2,209933,3,0.644462781,0
27,131694,544,1,9486,0,0.536561755,0
29,108721,375,0,349165,4,0.704500816,0
28,53686,846,1,215936,2,0.856870565,0
43,96981,566,2,123411,1,0.416761516,0
49,118802,616,0,155184,0,0.773212619,0
38,83261,420,2,56697,2,0.658394253,0
51,22809,324,1,60998,3,0.396129361,0
50,123265,731,2,114537,4,0.758109761,0
59,61785,459,2,364960,2,0.498993113,0
55,56547,413,2,31576,4,0.284278023,1
38,62818,801,0,186172,2,0.89539145,0
59,120422,465,2,375208,3,0.497952433,0
37,91927,474,0,86238,0,0.579086783,0
34,85681,300,1,419536,4,0.765573212,0
51,99465,385,1,220045,4,0.872613295,0
44,109862,619,2,130885,0,0.811021495,0
55,115527,700,0,70729,4,0.567537245,1
54,133221,681,1,95853,1,0.581987253,1
23,57333,617,0,126992,0,0.396620856,0
57,146457,549,0,230090,3,0.523962015,0
46,36576,824,2,483095,2,0.862787218,0
43,139875,555,2,296288,2,0.708858661,0
59,59405,606,0,392287,0,0.208313894,0
35,114000,443,0,193398,1,0.281554747,0
24,93779,690,2,344292,3,0.846667889,0
49,51601,468,0,286451,2,0.79410353,1
42,87946,597,2,327742,2,0.540315126,0
45,87356,532,0,417839,1,0.631884797,0
33,72116,570,2,156321,4,0.402752207,0
38,120825,359,0,471981,0,0.754981526,0
53,144749,595,2,96810,1,0.622322213,0
36,137256,766,0,370014,1,0.686377994,0
22,124186,534,1,77131,1,0.462436887,0
55,82894,533,1,361282,1,0.501306605,0
54,54635,667,0,174449,4,0.345377458,1
50,27465,531,1,450581,3,0.86363678,0
33,76754,790,0,370556,1,0.862589914,0
33,117975,802,0,301695,1,0.772425873,0
38,112850,680,1,310070,0,0.854888583,0
52,129765,727,0,95214,2,0.665729637,0
52,105119,663,2,354894,4,0.364256309,1
55,112691,501,0,43599,1,0.732147366,1
59,58871,445,0,234417,3,0.427693346,0
49,82874,756,1,114490,3,0.508337183,1
49,97733,434,2,360474,3,0.392045115,0
36,49511,563,0,27593,0,0.496535342,1
30,100960,363,0,458550,3,0.675522156,0
50,68821,790,0,230472,0,0.277427393,1
45,85776,340,0,114865,4,0.27364485,0
59,138128,595,0,458109,3,0.678639008,0
40,90167,302,0,178708,2,0.745706817,0
25,95135,409,2,467441,1,0.586026679,0
21,64462,520,2,438579,4,0.32714871,0
50,81382,669,0,192031,2,0.501529794,1
23,110194,667,0,478439,4,0.730722866,0
34,123381,735,1,221989,3,0.680013171,0
50,52574,303,2,234701,4,0.276905834,0
24,122072,543,2,487341,4,0.878403027,0
38,61910,465,0,137192,4,0.356354717,1
57,93531,325,2,414707,0,0.354272653,0
45,45186,694,2,48638,2,0.521900073,1
21,114781,773,1,175134,3,0.42907019,1
35,42813,316,1,272337,1,0.888790192,0
29,98812,391,2,487360,3,0.253542841,0
35,105525,782,2,20213,3,0.414507434,1
44,98282,842,2,259286,0,0.467905512,1
24,129779,504,0,249987,0,0.545421296,0
32,38557,801,1,346910,4,0.2114845,0
57,48060,699,0,220031,3,0.257653492,1
57,78866,506,1,153259,2,0.38046675,0
26,92104,445,1,146112,0,0.587801457,0
59,120905,400,1,202374,0,0.737440099,0
44,104577,540,2,34949,2,0.680546744,0
31,26080,462,1,248072,0,0.596917439,0
33,33854,472,0,401743,2,0.478062988,0
54,142013,801,1,253066,1,0.809486152,0
45,87695,846,0,474773,2,0.52184078,1
27,47025,583,1,219480,1,0.409476964,0
24,72982,658,1,369577,4,0.64053458,0
28,61081,680,2,213366,4,0.684480498,0
40,24368,832,0,416973,0,0.478929171,0
49,119621,462,1,292556,2,0.219700297,0
30,139181,606,1,150384,0,0.26589205,0
54,47094,638,0,420335,2,0.791919224,0
46,66040,354,1,147876,0,0.239583545,0
23,86766,632,2,190058,4,0.614413767,0
26,103053,426,0,51545,4,0.32859657,0
25,43991,542,2,343663,0,0.360248404,0
25,21301,708,0,166071,2,0.391333772,0
43,48610,802,0,363237,3,0.22680397,1
29,101463,602,0,437974,2,0.324064692,0
55,54678,763,1,361468,0,0.655349989,0
40,44466,534,0,495702,2,0.549101995,0
55,100440,337,0,467735,1,0.75813036,0
38,60875,438,0,8768,2,0.242869475,0
37,46081,494,2,268648,4,0.822228807,0
44,44354,826,0,335130,4,0.897478972,0
23,113297,300,1,474988,1,0.211017981,0
52,38300,395,0,383865,2,0.877348046,0
55,84384,712,0,13002,3,0.365103899,1
58,115027,837,2,80427,2,0.684780197,0
33,141684,728,1,305931,4,0.40473841,1
45,80892,534,1,18898,4,0.565269015,0
29,55525,648,1,408688,0,0.557292957,0
24,46532,780,0,85800,4,0.452773836,1
34,26464,695,0,219299,0,0.702282738,0
57,36562,650,1,376167,4,0.619745537,0
54,127392,715,1,430848,4,0.555793903,1
31,75514,350,2,131718,3,0.887987518,0
23,133428,380,1,38743,0,0.858006528,0
48,132564,335,0,214610,0,0.868805092,0
49,128047,366,0,248589,4,0.816926772,0
29,94219,780,0,179458,0,0.378608737,1
23,52634,767,2,135864,4,0.444983222,1
45,20060,441,1,492002,4,0.361738234,0
54,29269,655,0,441604,2,0.890323821,0
32,83143,770,2,157395,0,0.306863309,1
29,43065,738,2,467485,1,0.456558229,1
35,22895,830,0,177391,0,0.339331097,1
45,100859,426,2,465975,0,0.356417669,0
25,32352,504,2,21868,3,0.372961519,0
31,130179,328,0,235804,1,0.647769473,0
54,69737,744,2,269224,1,0.253234559,1
44,124127,763,0,149848,3,0.600770912,0
35,116426,579,0,202303,3,0.773500365,0
58,52016,450,2,453668,0,0.736566644,0
28,81304,539,0,189884,2,0.305820189,0
25,31962,565,0,68271,3,0.840312214,0
46,53302,404,1,496721,1,0.739063267,0
38,105382,732,0,82585,1,0.203711758,1
26,24011,796,1,456758,0,0.716161543,0
57,149716,739,1,129147,2,0.716195175,0
33,39782,457,1,20628,4,0.547771256,0
48,87691,471,1,392994,3,0.232187691,0
25,140654,793,2,264517,3,0.605934157,0
33,142017,610,2,144337,0,0.736022732,0
37,59725,702,0,422887,2,0.389611839,1
52,29196,762,0,396016,1,0.666947753,0
49,63459,666,0,279604,1,0.447748337,1
23,107245,849,2,264970,4,0.601698383,0
54,149613,554,1,8477,1,0.469196025,0
47,98863,507,2,269346,3,0.412633026,0
33,143206,749,2,118846,4,0.799140133,0
53,139391,394,0,356554,2,0.727686781,0
26,121010,777,0,249000,4,0.441814394,1
44,52769,489,0,373897,2,0.504242149,0
39,127529,783,1,278994,1,0.684192393,0
36,145361,835,1,240693,0,0.767755146,0
48,44700,722,2,419025,4,0.679038884,0
53,135792,432,1,469102,4,0.578652106,0
33,100356,354,0,138878,3,0.868070082,0
45,96427,809,1,405379,3,0.741900534,0
56,120165,840,1,361512,2,0.280914302,1
47,25269,709,1,267329,0,0.590697369,0
58,141631,510,1,29718,3,0.486689649,0
27,63880,592,0,475297,3,0.756454946,0
25,134003,414,0,192274,1,0.231264124,0
51,28320,558,2,161287,1,0.487506499,0
43,69589,421,2,426541,3,0.422793421,0
30,139534,598,2,285602,2,0.298830189,0
52,96276,680,1,135293,0,0.465162881,1
50,55897,800,1,389486,3,0.670960195,0
59,78565,596,0,152078,2,0.45317452,0
51,50930,661,2,230152,2,0.606004603,0
38,77233,762,0,431185,3,0.614968257,0
56,102821,737,2,81820,2,0.610977789,0
22,34380,426,2,371158,4,0.570672319,0
34,96896,496,2,425871,2,0.281891765,0
33,90934,520,1,230751,3,0.352919149,0
49,75830,390,2,86234,2,0.760046953,1
32,25529,710,2,134282,3,0.551655842,0
59,141292,307,1,498622,1,0.694253421,0
22,114598,843,2,276246,3,0.598936356,0
52,122222,767,1,334251,2,0.227083178,1
33,102987,619,1,239501,3,0.757349638,0
47,69178,693,0,131328,0,0.245026936,1
37,26937,568,1,419769,3,0.860221836,0
51,141952,490,1,89079,3,0.350763845,0
54,59886,360,1,396313,0,0.5586843,0
44,69699,737,2,99437,0,0.24451163,0
55,96396,563,0,84570,0,0.826452665,0
26,110678,394,2,97656,4,0.885958178,0
39,45279,769,1,202937,3,0.302404752,1
50,58106,813,1,385445,0,0.40705058,1
27,130776,493,0,177492,0,0.211112095,0
30,121444,781,0,161454,1,0.750875844,0
52,126300,635,1,467451,4,0.418025033,0
54,133793,734,1,43795,3,0.612186229,0
48,136278,495,2,56425,2,0.227452951,0
35,99737,548,1,62402,4,0.700822187,0
50,60544,797,2,460755,4,0.570582774,1
57,123247,511,0,212275,1,0.707486172,0
49,131190,765,2,370271,3,0.752695019,0
42,28997,520,1,243723,3,0.262470006,0
24,126102,572,2,421675,0,0.604664485,0
40,105711,453,2,316793,0,0.654960824,0
52,136045,548,0,208567,4,0.561703128,0
56,60860,578,2,100117,1,0.327686579,0
24,23225,739,1,266712,3,0.756918099,0
47,130114,575,2,444600,1,0.89822083,0
37,79470,813,2,469962,2,0.878489177,0
32,133218,387,2,214125,3,0.744270695,0
42,148854,804,1,192350,0,0.492675406,1
37,120764,540,2,345300,4,0.436110348,0
30,127041,535,1,434960,1,0.247982059,0
21,132224,427,2,355484,0,0.491400413,0
42,83656,802,0,35568,4,0.309234018,1
46,71880,499,0,416207,0,0.378034299,0
38,81078,842,0,276056,3,0.824320741,0
34,108646,801,1,168599,1,0.877967942,0
49,96290,791,1,494615,2,0.8639913,0
32,76633,320,1,317570,0,0.33534898,0
56,46655,533,2,377507,1,0.830625946,0
55,141118,715,1,235066,3,0.299053711,1
32,63601,447,1,418623,0,0.555362146,0
27,23114,328,1,258007,3,0.650564357,0
49,46502,660,1,410560,2,0.523726811,1
31,69768,607,0,499957,2,0.866286205,0
53,68128,461,2,7355,4,0.433248906,0
26,40028,360,0,101429,4,0.569164364,0
35,75565,424,2,190805,4,0.252814955,0
52,103123,755,2,464501,3,0.796557206,0
31,128255,370,0,483187,4,0.489354377,1
43,55333,765,1,443949,1,0.690372481,0
46,23174,542,0,455131,3,0.677571942,0
54,137769,789,2,450932,3,0.673384025,0
54,55398,520,2,116151,4,0.554856795,0
49,55929,772,1,305670,4,0.394263153,0
24,24321,832,0,285232,3,0.637566191,0
37,143549,793,2,332521,2,0.873254053,0
55,115971,381,0,180477,2,0.783764479,0
33,131508,821,1,437058,4,0.276137762,0
59,75421,311,1,66788,2,0.216231181,0
35,92635,562,2,56529,1,0.54927995,0
49,43760,748,1,488155,1,0.743080546,0
49,31360,491,2,117833,1,0.419731787,0
31,30313,413,2,108578,3,0.690866795,0
52,131806,325,1,188455,3,0.852344885,0
22,105998,798,1,44177,3,0.521289155,1
34,25801,807,0,121903,3,0.370911759,0
40,34130,844,0,44056,3,0.842430503,0
42,34271,361,2,486465,4,0.530584775,0
31,36075,528,0,71421,2,0.485487515,0
47,122455,334,2,169704,4,0.4473531,0
23,127215,755,1,306829,2,0.496111867,1
37,38984,801,1,213294,4,0.671560498,0
48,108095,324,0,73590,1,0.503603739,1
49,80942,331,2,276121,0,0.426956722,0
41,32861,311,2,357712,3,0.720546366,0
36,118970,618,0,316111,0,0.342079999,0
57,102203,300,2,341216,0,0.341353607,0
40,91376,734,2,413286,1,0.687504876,0
26,81247,435,1,480689,0,0.806694571,0
39,89101,495,2,288644,0,0.368847588,0
25,128730,432,2,382619,1,0.333787482,0
23,40977,385,2,15011,2,0.669214117,0
21,70617,775,0,184111,4,0.634561765,0
58,77473,623,0,407112,0,0.513076643,0
35,106654,479,0,362479,3,0.267102448,0
54,108177,815,2,478334,1,0.264249802,1
55,92902,474,2,438174,0,0.744139252,0
45,112172,320,0,440128,2,0.516238382,0
44,35630,404,0,5814,2,0.800576964,0
32,40056,742,2,473492,3,0.602313556,0
38,27382,348,2,422935,0,0.633116699,0
35,75739,827,1,499297,3,0.853936109,0
36,101685,444,0,287294,2,0.315231126,0
47,68639,639,2,468710,2,0.580116961,0
28,79838,653,0,8825,4,0.24069702,1
45,66041,374,0,55368,2,0.451247534,0
37,20992,618,0,413016,1,0.30366895,0
49,92394,386,1,80535,4,0.331485174,0
28,87657,341,2,91390,3,0.854356304,0
35,47160,392,2,228923,2,0.62747777,0
47,65156,806,0,110076,1,0.824510693,0
27,71375,828,2,211089,4,0.510464129,1
23,106442,564,1,184577,1,0.618350343,0
49,39572,591,0,258477,4,0.222466159,0
44,137925,763,1,62899,4,0.528651563,1
23,24136,396,1,218854,4,0.594839671,0
40,81868,394,2,289745,3,0.2117444,0
35,102263,625,2,146749,4,0.752642424,0
45,52167,373,1,427768,4,0.406796089,0
50,130957,635,2,265321,1,0.516740952,0
34,35479,367,1,223930,4,0.5749412,0
27,139392,376,1,466107,3,0.894538007,0
37,51376,507,0,472909,1,0.269428903,0
40,24823,520,1,498915,4,0.588695694,0
56,145156,561,1,128355,1,0.571415902,0
29,90456,709,2,358594,3,0.248236787,1
58,39585,630,0,169364,1,0.643756852,0
42,123775,643,2,133424,3,0.400798104,0
22,37272,373,0,130451,2,0.272637576,0
44,46619,553,2,333241,4,0.325049352,0
28,95069,631,1,209775,3,0.776522263,0
31,59895,697,0,152256,4,0.272887334,1
33,23720,644,0,488249,3,0.526849172,0
37,39267,754,0,225408,0,0.336691185,1
28,35696,414,0,459262,0,0.313623903,0
41,49968,612,2,333885,0,0.343998232,0
38,73364,527,2,66377,3,0.544948054,0
50,43345,544,0,410255,4,0.366451895,0
38,71567,825,0,50161,0,0.267713065,1
51,111229,827,0,171078,4,0.760980608,0
58,81607,726,2,153616,3,0.577874982,0
52,39385,341,0,17987,4,0.309797557,0
31,103658,764,0,10239,4,0.530000894,1
45,86900,577,0,49785,0,0.24785375,0
53,88244,318,2,28358,1,0.606300905,0
58,85425,365,1,381903,2,0.438213374,0
28,98518,466,1,480890,3,0.272469971,0
31,102844,702,2,192522,3,0.328550695,1
42,52919,708,1,224592,3,0.441991893,1
44,110697,411,0,164500,2,0.764485218,0
37,77196,573,0,14096,1,0.321628987,0
32,135600,706,2,52582,4,0.276764955,1
52,120625,672,2,422752,3,0.561157305,1
35,99401,338,1,193467,4,0.591087875,0
36,20495,404,1,378739,0,0.263168922,0
42,64755,623,0,466373,0,0.399139135,0
48,87684,713,2,106494,0,0.383934827,1
40,53324,728,1,336628,3,0.330355127,0
53,98929,360,1,268431,2,0.420946689,0
30,21552,606,0,190582,3,0.225975958,1
52,71272,653,0,28902,0,0.656084848,0
53,55853,692,0,323332,0,0.891941002,0
22,138192,503,0,380038,3,0.643832737,0
53,52924,557,1,419380,2,0.452753515,0
53,94462,785,2,348348,2,0.667537211,0
33,116387,816,2,137844,4,0.600061145,0
50,43889,745,0,189126,1,0.792730551,0
53,125466,479,0,453094,0,0.635312193,0
33,74675,641,1,131800,2,0.643853448,0
46,142231,432,0,430454,0,0.355164932,0
42,93591,742,2,240576,1,0.490939067,1
59,90190,552,0,325437,0,0.441091242,0
22,42634,564,2,479514,2,0.207997631,0
58,52363,392,0,499658,4,0.419296511,1
59,83752,710,0,12213,3,0.540243487,0
46,97004,437,2,282085,3,0.619894043,0
35,76398,507,1,363025,2,0.854198263,0
54,118458,606,1,498936,2,0.367379632,0
31,60718,565,0,414180,1,0.306700294,0
23,133627,617,0,31855,0,0.808611982,0
26,102916,412,2,456985,1,0.859293246,0
29,46870,677,2,388883,3,0.541567974,1
26,57394,753,0,481720,0,0.280651593,1
29,72057,490,2,6046,1,0.539771809,0
59,99795,739,1,282053,3,0.276610329,1
51,100409,486,1,215186,0,0.818229905,0
52,33016,666,2,421584,4,0.695705073,0
32,62137,388,2,383997,4,0.368795912,0
28,20153,486,2,99135,1,0.820683485,0
28,27853,431,1,76255,2,0.64653121,0
48,32379,675,0,217568,0,0.867284336,0
40,35792,398,2,225214,1,0.886335894,0
27,141169,333,2,251936,2,0.202297252,0
31,58367,470,2,413840,2,0.284149946,1
40,38100,665,0,240787,0,0.582845632,1
36,146082,358,2,373522,0,0.869097012,0
24,133089,480,2,277496,2,0.895963545,0
26,83456,318,1,363565,3,0.597185555,0
42,31049,525,2,347683,1,0.321661042,0
46,20786,772,1,276367,0,0.314135014,1
23,89904,394,0,495185,2,0.734700431,0
34,50699,596,2,254048,3,0.614356375,0
31,142784,474,2,345398,4,0.584141729,0
38,67691,521,1,333995,2,0.526035446,0
32,57040,353,0,55044,3,0.707594239,0
43,138455,702,0,485305,4,0.800637925,0
32,112990,617,1,357362,3,0.412070657,0
33,77986,648,0,90000,0,0.354642437,0
45,58762,742,0,374384,2,0.669139416,0
39,43600,839,0,429635,4,0.840312697,0
56,114774,581,0,411983,3,0.443710208,0
28,110777,659,0,208074,4,0.390713753,1
49,39810,307,0,298172,1,0.358280241,0
52,105703,790,0,315097,2,0.378143635,1
38,107347,640,0,62965,0,0.29445334,0
26,125315,771,2,239466,4,0.617744759,0
38,77204,548,1,74776,3,0.396578248,0
39,40085,534,0,298603,4,0.630461053,0
42,66854,382,1,95932,3,0.258122645,0
57,94797,392,0,349475,4,0.280819754,0
52,104269,693,0,160761,0,0.575299349,1
23,59779,567,2,478662,0,0.558071661,0
48,76207,716,1,335126,2,0.390056949,1
30,114615,828,1,401562,0,0.778991596,0
55,53980,552,2,181251,4,0.330933015,0
49,76117,421,2,119773,4,0.452462787,0
35,34141,309,1,307661,0,0.588858194,0
53,29344,615,0,336822,1,0.807047772,0
27,125008,572,0,217678,4,0.492985683,0
32,35896,605,1,379635,2,0.479020669,0
50,109353,509,0,339767,1,0.6056762,0
41,49813,763,2,487504,0,0.421686791,1
51,104431,715,2,217243,3,0.696421277,0
44,85679,515,2,457132,4,0.374087158,0
40,30681,379,1,485970,3,0.776237198,0
57,92903,779,1,364553,2,0.390647389,1
24,23228,846,1,315719,1,0.894890814,0
48,24582,317,0,375645,3,0.421523732,0
40,98683,464,1,312183,2,0.815178297,0
44,31397,824,1,186027,3,0.478149168,0
52,58799,501,2,85260,3,0.372238389,1
56,57011,645,0,60871,2,0.358314275,0
54,99183,665,0,196750,4,0.795133897,0
56,113254,747,2,125773,3,0.41612709,1
22,64264,812,0,429567,2,0.436994106,1
35,62317,618,1,65693,3,0.337895139,0
54,67914,516,0,298577,4,0.872927303,0
56,104633,333,2,79797,2,0.371320758,0
26,122489,565,0,215087,3,0.373210533,0
59,144237,379,2,282948,0,0.860728523,0
32,65254,712,1,228853,4,0.830629198,0
23,60096,551,1,312245,3,0.374237618,0
38,73785,311,2,196187,1,0.805307899,0
41,72344,700,1,83363,2,0.374876249,1
35,134988,581,1,112904,3,0.259124915,0
53,102643,411,0,311844,4,0.774252944,0
55,140382,677,1,119952,4,0.74009071,0
46,88546,567,2,344720,1,0.406266985,0
28,91091,597,1,24477,1,0.26309729,1
56,85603,616,0,283271,3,0.344507219,0
50,48412,808,2,222790,0,0.7397396,0
43,130489,845,1,31049,4,0.87532347,0
34,71658,664,1,488279,0,0.38130145,1
34,119841,846,1,17473,0,0.772781161,0
22,69549,570,2,218317,3,0.35955286,0
57,147595,773,0,235582,2,0.675720274,0
25,31549,836,2,328980,2,0.258529428,0
58,91216,533,2,309608,2,0.609706948,0
34,45739,358,0,18714,1,0.388432924,0
59,41209,550,2,328022,4,0.848092164,0
45,127051,385,2,432424,1,0.402825622,0
40,107968,689,1,364625,4,0.478908486,1
22,35116,479,2,485320,4,0.788475378,0
59,40045,448,1,472899,4,0.506792208,0
26,46327,420,2,217875,3,0.366888576,0
37,55709,555,1,308658,2,0.583281025,0
45,63617,608,1,101988,1,0.787993837,0
48,80139,358,1,272280,1,0.503224328,1
22,46905,368,0,103115,3,0.293021942,0
55,84148,745,2,36516,4,0.468160839,1
57,92603,687,2,344126,2,0.868132593,0
25,118095,385,2,462094,0,0.250415134,0
21,139779,526,0,50099,0,0.485911621,0
32,62919,483,1,357204,3,0.653620156,0
56,103521,621,2,18188,2,0.254962408,0
43,112905,617,0,242445,0,0.441466783,0
51,103400,698,0,116073,0,0.858404848,0
31,108150,592,2,318332,1,0.221444985,0
30,78446,592,1,391221,2,0.726219316,0
23,72428,784,0,10560,0,0.788962476,0
34,67894,746,2,113763,1,0.393942508,1
36,101149,711,1,434613,2,0.350300059,1
30,26447,807,0,475409,4,0.840374626,0
49,25499,543,0,390795,2,0.734801187,0
30,59041,719,2,305226,3,0.279366497,1
32,51315,453,2,220448,1,0.348538079,0
50,21299,723,1,46430,4,0.634948608,0
21,140506,572,2,448738,1,0.49359185,0
25,125005,819,2,45397,1,0.552922059,1
40,24994,427,1,212932,0,0.866079705,0
28,115414,672,2,134189,2,0.494164824,1
32,101163,458,1,30247,1,0.817177397,0
21,146759,475,1,481310,1,0.662521303,0
40,27489,510,1,156015,3,0.285133621,0
48,111647,746,2,175532,3,0.721154926,0
57,52355,466,1,46986,3,0.564146352,0
57,93805,759,2,311658,1,0.357568075,1
32,88367,656,1,216980,4,0.402684526,1
57,129906,603,2,450601,2,0.590132697,0
48,137409,532,1,410847,1,0.621191743,0
35,97355,626,0,72008,0,0.877723483,0
26,136220,481,0,163027,4,0.798304095,0
40,110349,633,0,314511,4,0.344087501,0
34,107173,328,1,429018,2,0.741794449,0
22,21996,392,2,75408,4,0.205804266,0
29,139999,629,1,229155,2,0.290865923,1
57,64387,483,1,310485,4,0.339790291,0
40,134965,394,1,149763,2,0.618039547,0
46,23089,652,1,376930,3,0.336279504,1
49,118827,564,2,271897,3,0.455691059,0
21,40659,318,1,6833,4,0.369945847,0
55,65178,798,0,240304,4,0.436191637,1
26,140053,438,0,275789,2,0.859716011,0
57,115965,824,0,241192,2,0.898163447,0
25,101268,554,1,382572,1,0.680005474,0
53,105042,384,2,363121,3,0.60061551,0
34,126471,757,2,45024,1,0.695913492,0
32,90726,831,2,253140,1,0.74015654,0
40,90111,391,1,113853,0,0.717308921,0
44,126031,368,2,216670,2,0.25732477,0
54,133682,336,0,145707,0,0.417205394,0
45,54565,439,2,156136,0,0.440401967,0
49,120435,477,1,14940,1,0.458478132,0
59,109242,436,1,302313,0,0.441019645,0
51,133204,489,2,345791,2,0.750964608,0
43,149642,641,1,245739,1,0.723323268,0
58,42884,304,2,50200,2,0.203220212,0
40,37199,556,2,192401,4,0.407467066,0
43,80038,542,0,449374,0,0.636564553,1
36,77786,714,1,165811,1,0.284185935,1
28,129636,642,0,244354,3,0.249838806,1
41,124970,678,1,153865,2,0.779878684,0
21,69294,445,2,88682,0,0.516878991,0
28,98015,622,1,38677,2,0.798981158,0
49,54178,421,2,464512,2,0.776486909,0
52,32665,551,1,290166,4,0.825359365,0
58,149604,610,0,469364,2,0.233792194,0
25,20534,774,0,499760,4,0.330291046,0
42,111828,791,2,163337,4,0.407300215,1
54,56132,646,0,5530,4,0.295361271,0
21,135720,786,2,276695,0,0.539828875,1
46,56110,772,2,295538,2,0.759283823,0
30,78754,681,2,47987,2,0.865827268,0
50,83580,579,1,447200,4,0.822701894,0
38,42469,371,2,335240,2,0.520135676,0
37,84016,820,0,351241,2,0.645543771,0
46,66233,665,1,337783,4,0.361487286,1
28,122804,393,0,422306,3,0.4821063,0
32,149863,672,2,481673,3,0.809827817,0
47,86708,638,2,243841,4,0.220438265,0
28,78232,736,0,7781,0,0.572931491,1
45,113450,635,1,22330,2,0.810958809,0
24,106437,791,0,272401,2,0.285406912,1
53,126311,339,2,63642,3,0.887782341,0
21,54409,658,1,190321,4,0.208674025,1
39,135159,553,2,318807,0,0.820284008,0
51,39324,697,2,39956,4,0.447570802,0
36,28738,469,0,240439,3,0.292883407,0
34,123030,810,2,282759,3,0.310150723,1
25,130093,559,0,268025,2,0.690825103,0
46,44054,758,1,400063,1,0.809503774,0
48,49709,828,2,240975,0,0.648746448,0
22,129321,640,2,449343,0,0.85010748,0
26,105643,356,1,126265,1,0.789735157,0
29,148805,517,0,354790,3,0.206322265,0
53,20363,763,2,132148,4,0.668600765,0
45,30358,546,1,304480,0,0.413244282,0
33,121613,672,2,86850,1,0.518150008,1
29,135233,716,0,100654,2,0.265821524,1
33,23240,330,0,176003,2,0.397469413,0
51,92201,667,0,442140,3,0.642880177,0
31,65689,407,0,290110,0,0.352867491,0
24,21936,717,1,442239,4,0.653275668,0
54,132272,697,2,16320,0,0.84612252,0
58,111074,571,1,456057,2,0.203458214,0
24,63965,415,0,70125,0,0.750039504,0
58,97534,555,0,465968,2,0.648923216,0
39,20882,380,0,227172,1,0.232642934,0
26,40224,427,0,240077,1,0.753116996,0
54,125227,534,2,488153,2,0.357164725,0
38,143750,480,0,122296,4,0.386074379,0
33,139299,456,2,130355,4,0.265460978,0
43,145865,753,0,197930,0,0.574065871,1
39,132012,323,2,456930,2,0.548756618,0
31,143745,772,2,16780,3,0.443022154,1
21,50825,699,0,343374,4,0.318127665,1
44,90740,433,1,206417,4,0.786567488,1
27,48885,720,1,480314,1,0.813464901,0
45,60056,512,1,117696,4,0.578405727,0
41,23203,781,1,496193,4,0.370957734,0
35,80241,647,1,111075,4,0.267277046,0
21,22244,465,0,258731,2,0.807980917,0
32,118322,647,0,138001,2,0.267236904,0
27,135329,697,0,362297,1,0.209226026,1
35,88619,734,0,386666,0,0.528578304,1
41,41584,520,0,412460,4,0.711889715,0
39,28521,607,0,365559,0,0.520275903,0
49,70017,765,2,376859,2,0.235987425,1
45,53541,398,2,127636,4,0.683020379,0
53,49063,541,0,382546,0,0.649632834,0
52,90268,457,0,391425,0,0.677070812,0
55,145234,526,2,16116,3,0.347841744,0
58,146218,722,2,224026,2,0.756988886,0
46,138206,371,0,479459,1,0.535417748,0
31,84952,542,2,350445,1,0.575446967,0
55,113054,829,1,434111,3,0.582081007,1
28,59563,344,1,214708,0,0.400764506,0
34,59752,771,1,28867,3,0.375093873,1
30,115233,670,2,376651,3,0.203336291,1
22,22567,391,0,6208,2,0.477627239,0
29,36121,321,0,180157,4,0.539572089,0
23,21674,471,0,332716,0,0.719962622,0
41,96411,491,2,463450,1,0.246638873,0
46,129876,376,2,88748,1,0.846792589,0
28,86275,580,1,147324,3,0.384770928,0
22,87081,663,2,90261,3,0.456704483,1
26,49140,478,1,405222,3,0.233853726,0
48,145139,537,1,249443,0,0.657195488,0
49,29327,434,0,225667,3,0.696245958,0
46,90663,579,2,338027,3,0.850153852,0
45,43331,318,0,37171,4,0.435780302,0
32,43004,670,0,33517,0,0.380158111,0
25,127369,411,2,160346,2,0.708260552,0
54,139243,520,2,431793,2,0.694760622,0
57,30492,603,1,32648,4,0.85598684,0
35,74797,624,1,336798,1,0.343723037,0
56,78095,736,1,285054,2,0.693704836,0
35,33749,737,1,262471,0,0.246808004,0
43,83217,469,0,214691,1,0.536257675,0
26,109044,674,0,54647,3,0.283573544,1
41,29045,680,2,476939,0,0.657202192,0
43,40116,313,1,5424,1,0.621026733,1
36,38667,799,1,187971,2,0.234183054,1
35,95057,690,1,31641,3,0.423732476,1
45,94205,848,0,432966,3,0.476523543,1
56,47302,829,2,389560,0,0.373642189,0
31,31283,791,0,479670,3,0.227069031,0
35,50935,849,2,159226,1,0.423175327,1
24,92534,684,2,184238,4,0.754837431,0
41,114342,495,0,410208,2,0.452076362,0
33,51624,599,0,301145,0,0.426358829,0
42,33440,846,2,19546,4,0.859227197,0
39,131001,607,0,177596,4,0.229141503,0
54,66501,551,0,466771,0,0.737101737,0
34,107333,307,2,6304,1,0.538165519,0
24,21269,507,2,127722,2,0.861123755,0
47,27868,430,1,379592,0,0.475429521,0
49,50251,325,0,447500,4,0.695629636,0
48,97909,753,2,349512,4,0.248954755,1
55,104523,485,0,93327,0,0.850140698,0
28,58729,783,0,277166,4,0.441179867,1
36,35734,350,2,211958,0,0.566803203,0
56,62429,304,1,82354,0,0.296937126,0
50,61337,459,2,431833,2,0.86189051,0
38,60325,507,2,125045,0,0.671079283,0
22,103600,556,0,336642,4,0.237763234,0
33,82514,504,1,194896,3,0.308644745,0
24,28433,310,2,128780,2,0.479883798,0
46,133957,307,0,206462,4,0.351739709,0
45,29111,708,2,39307,4,0.413237899,1
50,123986,331,0,252659,2,0.898243813,0
31,83753,839,2,265956,2,0.661054088,0
27,133783,686,1,466696,4,0.845552322,0
51,100583,527,2,124645,3,0.505058862,0
30,93620,774,0,420543,1,0.697197599,0
59,41751,506,2,270388,4,0.521783205,0
33,36453,617,1,420936,2,0.42975718,1
51,105844,647,1,30090,0,0.563421203,0
27,58968,533,1,331421,0,0.499117729,0
56,50077,343,1,116559,2,0.886378454,0
40,128582,441,0,104895,2,0.547316484,0
24,54775,475,2,127641,1,0.767779193,0
27,78144,748,1,446752,2,0.666773628,0
21,68570,381,2,274999,0,0.535739066,1
33,66097,434,0,258555,3,0.531905051,0
42,44503,476,2,390107,2,0.439323082,0
41,22779,682,2,254502,1,0.274887265,0
42,106840,542,1,263845,3,0.73302853,0
48,20755,440,1,383959,1,0.842666355,0
29,59263,756,0,399817,3,0.352568398,1
46,128491,739,2,430168,2,0.847971446,0
29,75087,355,0,116113,0,0.362612953,0
35,62281,826,0,317518,3,0.571055371,1
30,71482,718,0,403906,4,0.440535397,1
44,74857,387,1,17521,1,0.28015615,0
28,142989,307,1,105146,3,0.236986862,0
44,37400,776,2,212091,1,0.455742573,0
36,60115,514,2,406274,0,0.233140705,0
46,34249,796,2,149776,1,0.272944506,0
47,133183,802,1,63933,1,0.299608305,1
57,66825,544,1,76101,4,0.201340994,0
24,130361,777,0,48856,1,0.307276551,1
44,44600,608,1,42256,3,0.604095076,0
39,57706,530,0,324496,1,0.773666185,0
56,39222,682,0,263660,2,0.335400972,0
59,119041,454,1,428831,1,0.256610823,0
30,124504,474,0,126638,2,0.710659939,0
45,61139,414,0,243282,1,0.205713898,0
38,134919,689,2,269071,1,0.713913471,0
39,136605,610,0,413728,3,0.291782065,1
56,61302,599,1,275445,2,0.359799543,0
30,114684,317,1,91849,2,0.284048938,0
53,107838,311,0,210065,4,0.37313671,0
25,88159,703,2,469244,1,0.758723157,0
55,28646,531,1,335903,1,0.292780874,0
54,33543,577,1,355191,3,0.895915943,0
53,114496,652,2,354135,4,0.428968443,1
41,148212,602,0,330202,4,0.845377688,0
37,42785,840,1,497474,3,0.333023156,1
42,98353,769,0,463142,2,0.331528264,1
57,51406,376,0,421650,0,0.595734978,0
35,108992,820,0,297485,3,0.235420059,1
55,71428,323,0,374989,2,0.760702028,0
48,43777,314,1,413223,4,0.507730675,0
27,77939,824,2,367022,3,0.689437531,0
52,73026,646,1,162871,0,0.322242542,0
31,106450,471,2,322964,1,0.649650146,0
30,49553,626,0,413890,3,0.615849458,0
29,43548,784,2,413642,0,0.728962876,0
34,83221,788,0,470847,0,0.408180905,1
33,57265,761,1,311935,3,0.853215902,0
45,145549,677,1,225712,2,0.872910749,0
22,60701,463,2,8255,3,0.807686528,0
55,71287,671,0,169898,4,0.600423636,0
27,26727,723,0,498477,0,0.494201789,0
41,130460,776,2,486784,0,0.240594693,1
38,70717,681,0,272088,1,0.863059461,0
23,52427,454,0,436042,0,0.866246941,0
59,36692,556,0,297641,1,0.213081918,0
31,51625,367,1,294867,0,0.449821283,0
59,44918,643,1,433503,0,0.816025458,0
44,126931,576,1,278989,3,0.256596423,0
39,61136,690,0,356977,3,0.337596464,1
24,134826,748,1,466322,4,0.885074122,0
46,134881,558,0,360183,2,0.793102168,0
58,72409,606,0,471202,4,0.838444446,0
52,35577,394,2,221879,0,0.299508093,1
59,105155,763,0,242079,4,0.347921171,1
56,131776,545,1,60569,3,0.623791609,0
57,119246,486,1,86434,0,0.551216755,0
53,122924,672,0,215997,0,0.408952373,0
56,146759,705,1,249790,4,0.81869241,0
23,140408,707,0,423679,1,0.830972031,0
29,101731,424,2,267888,2,0.404178807,0
28,47689,636,0,486556,4,0.309027198,0
53,31154,640,0,434498,4,0.304364695,0
26,124657,477,2,57082,2,0.539097637,0
59,114948,469,1,452905,0,0.293042947,0
24,41341,338,2,343551,0,0.531338155,0
33,117554,368,2,84072,1,0.523353851,0
22,94681,535,0,486849,4,0.818877149,0
25,127798,680,0,331910,2,0.407347308,1
47,66330,356,2,70711,4,0.592456721,0
52,138069,576,1,270361,3,0.720449905,1
41,107759,398,2,478858,4,0.617140357,0
28,88416,826,1,428575,4,0.867847491,0
58,145067,624,2,117000,3,0.621594236,0
28,106807,760,2,320653,3,0.831303525,0
23,53313,478,1,460186,2,0.371539472,0
23,66900,418,2,289501,0,0.592526941,0
42,98840,768,0,309498,1,0.580314149,1
26,54695,848,2,305714,3,0.892616477,0
22,50225,754,0,12034,0,0.343154419,1
43,106072,325,1,21263,2,0.298695379,0
22,116367,789,1,440396,4,0.628170454,0
58,69156,307,0,186171,2,0.3565845,0
37,97209,815,2,210384,2,0.647408742,0
55,107453,832,0,80348,3,0.880742362,0
54,47829,448,0,90275,1,0.862554197,0
43,100908,787,1,425141,3,0.361772117,1
50,45938,324,0,256011,4,0.319627444,0
28,79164,724,2,286719,3,0.592517501,1
42,74530,592,0,27231,4,0.610744102,0
56,140921,484,1,344079,3,0.66357505,0
25,88199,730,2,183803,1,0.719043648,0
33,80282,616,1,290244,0,0.620670117,1
49,67801,697,0,146840,1,0.278227103,1
51,29465,623,0,497051,3,0.753110579,0
36,23326,845,1,195409,2,0.255662029,0
50,23659,375,1,252457,0,0.21399488,0
36,80289,785,2,254130,2,0.738760738,0
32,47594,387,1,55697,1,0.583850197,0
37,135819,531,1,16357,0,0.689013993,0
36,24763,306,0,465189,3,0.467923127,0
32,108657,849,0,161018,2,0.207764745,1
28,30828,351,1,222496,3,0.431710744,0
40,67588,695,1,76038,4,0.625694663,0
23,31221,520,0,373056,0,0.357992149,0
36,31211,727,2,60149,2,0.681463034,0
50,33569,442,2,10566,1,0.756080707,0
43,116894,662,2,127474,1,0.517986899,1
48,57860,681,2,308720,1,0.813004909,0
25,91558,576,0,320462,1,0.798371595,0
40,65337,570,1,336694,2,0.814640567,0
21,72311,313,2,394203,4,0.662725923,0
50,33515,597,0,56408,1,0.4133523,0
41,91695,763,1,451722,1,0.536875898,1
40,142006,826,2,254070,1,0.697357455,0
26,131527,533,1,346293,4,0.347394557,1
42,126749,326,2,307311,0,0.717190456,0
38,107227,770,1,300843,1,0.583662032,1
28,44904,392,2,253089,1,0.267212208,0
59,79935,608,2,316689,1,0.590100429,0
52,63790,351,1,498985,0,0.246743297,0
53,88580,618,1,188501,1,0.2100151,0
36,95148,480,1,381071,0,0.822739369,0
32,25636,419,0,223422,0,0.542941278,0
58,97129,342,0,290530,3,0.580302759,0
54,134483,559,1,326417,3,0.39595644,0
34,22892,496,0,117312,1,0.579921304,0
56,41672,554,2,308729,2,0.318208085,0
53,25812,635,1,397270,3,0.721952058,0
43,116621,801,0,240364,3,0.776344412,0
22,148177,554,1,12509,2,0.799113046,0
41,20654,813,2,223924,4,0.274656902,0
22,74633,541,2,247225,1,0.59042808,0
47,37143,448,0,343751,4,0.766125679,0
29,75934,598,2,229350,4,0.289751542,0
21,87334,752,1,379529,0,0.269665686,1
31,123463,692,0,214836,0,0.771859399,0
23,145851,511,1,213222,1,0.757715227,0
43,49087,837,1,474053,2,0.514085196,1
46,31618,430,1,260117,0,0.276797818,0
24,28446,628,2,68305,3,0.56128621,0
38,107182,555,1,368229,1,0.47636224,0
26,122127,778,2,309995,4,0.562983202,1
55,68867,362,1,344054,1,0.507926641,0
42,71028,610,2,39407,0,0.597960089,0
35,80101,706,2,313750,2,0.708990803,0
42,47200,404,2,112277,4,0.742401933,0
57,115107,314,1,215590,2,0.654287539,0
32,108074,558,1,135204,1,0.339258431,0
58,126091,711,2,495010,2,0.477986118,0
38,81465,558,1,443868,2,0.24985682,0
55,129500,559,2,146320,1,0.51617161,0
50,106436,344,1,277659,4,0.879237589,0
44,138422,630,2,367722,2,0.649211495,0
50,144124,464,2,359489,2,0.30822876,0
34,107892,492,0,146902,1,0.388004362,0
26,108559,820,1,327775,3,0.245201552,1
23,140044,700,1,367928,2,0.327689723,1
36,59148,673,0,130496,0,0.54148915,1
27,102928,364,2,405015,4,0.441399467,1
34,40698,686,2,210155,2,0.342773622,1
29,62470,794,0,233170,1,0.302618889,1
35,112071,714,0,412544,0,0.659249782,0
41,71660,329,2,410895,1,0.590671664,0
55,73910,565,1,26058,2,0.789848219,0
22,55450,627,0,393370,0,0.32827702,0
47,76463,791,0,233845,4,0.793589822,0
22,53757,516,0,313840,4,0.604537821,0
55,98012,619,0,483658,4,0.386356236,0
38,126750,698,0,245035,3,0.391487198,1
34,147043,404,0,43872,1,0.473266273,0
40,90247,629,2,59971,2,0.522089052,0
38,92015,346,2,349227,0,0.257753559,0
30,51390,613,0,28306,1,0.789399416,0
45,76116,446,2,426426,2,0.285078749,0
22,33161,761,1,50693,3,0.53842189,0
45,52152,785,1,295383,2,0.468077763,1
53,100171,709,0,98366,1,0.558600959,1
56,126379,326,1,336061,2,0.821237762,0
51,115833,328,1,367512,0,0.892361838,0
34,40836,570,2,230449,3,0.214189961,0
21,110367,800,2,143519,0,0.475267602,1
36,86543,552,2,484120,3,0.772327372,0
23,75648,684,2,156343,3,0.428622016,1
55,46331,359,1,464091,2,0.654325323,0
26,125992,406,0,123469,0,0.894581443,0
45,30763,519,2,221582,3,0.652739902,0
33,89444,740,1,228117,3,0.277833964,1
54,113109,845,2,108434,2,0.79005237,0
28,39187,395,1,192915,1,0.876660206,0
41,31957,388,2,293365,1,0.698755895,0
54,24379,530,0,263180,4,0.49334767,0
24,47959,574,2,462604,4,0.863880123,0
45,102018,545,0,359943,3,0.878000411,1
35,143076,410,2,61467,1,0.85458172,0
24,47105,533,2,340413,3,0.488273302,0
32,20877,577,2,116414,0,0.752795372,0
52,68353,776,1,337729,1,0.657925551,1
52,103788,716,1,48086,1,0.325794666,0
48,116870,427,0,378081,1,0.574860431,0
33,104585,536,0,91624,4,0.723383706,0
51,103308,427,1,86144,2,0.827138593,0
34,71567,693,0,5638,2,0.803818859,0
40,77913,774,0,471461,4,0.30826095,1
38,22637,694,1,337823,4,0.541623273,0
49,92778,410,1,199006,4,0.534788041,0
26,62025,389,1,333904,2,0.829115943,0
52,126917,579,1,52234,3,0.201356116,0
49,121187,632,2,328193,4,0.717099476,0
22,119508,523,1,330987,3,0.633049062,0
43,102464,400,0,184119,3,0.845100031,0
39,48742,431,2,115406,0,0.519842145,0
51,31831,312,2,145813,2,0.660370575,0
25,133768,756,0,256183,3,0.880922921,0
39,135911,740,2,330148,2,0.720732634,0
54,105092,397,0,328633,2,0.247168782,0
30,110879,419,2,290135,0,0.317273486,0
45,108370,592,2,110711,2,0.775015772,0
22,146537,300,0,424297,3,0.434356879,0
31,66762,549,0,127761,1,0.694142677,0
51,124824,448,0,249166,3,0.689876613,0
35,118958,694,0,62304,3,0.895590366,0
29,108741,343,1,413858,2,0.528910907,0
43,38830,343,1,263382,3,0.716482652,0
39,75044,377,0,342247,1,0.234127014,0
29,93948,525,1,374307,2,0.523813714,0
55,89202,461,0,253134,4,0.330677081,0
41,57045,552,0,123778,3,0.788400086,0
29,106322,431,2,415615,3,0.787935832,0
48,137257,747,0,38103,0,0.365455094,1
27,91051,773,0,20330,4,0.422799607,1
36,127509,408,0,414680,4,0.691734449,0
36,46627,334,0,138206,1,0.716786146,0
53,35198,766,2,129679,4,0.660342121,0
24,89521,574,0,54409,0,0.897686246,0
24,131439,486,2,231270,1,0.808078248,0
59,126471,542,0,5184,4,0.491941217,0
37,49475,563,2,494139,1,0.428883705,0
57,125752,821,1,126529,4,0.617794824,0
59,138998,840,2,447490,4,0.772345435,0
49,39403,386,2,242432,4,0.532740432,0
56,23681,834,0,339943,3,0.716384825,0
58,111555,509,2,60810,4,0.213412028,0
59,138884,345,2,83727,3,0.848088076,1
57,113122,766,0,205122,2,0.741684309,0
55,135260,839,1,430950,0,0.475933061,1
27,62292,325,1,469829,1,0.468808628,0
47,123057,565,1,317690,1,0.272020765,0
48,125386,474,2,40120,2,0.771307607,0
42,122306,815,0,184556,4,0.738040656,0
34,25629,610,1,196635,0,0.641174795,0
27,113246,621,1,342180,2,0.271019531,0
57,115864,434,1,85528,2,0.383638956,0
42,97814,354,1,191185,1,0.521240131,0
25,28417,842,0,189168,3,0.386180361,0
22,138888,830,1,15133,3,0.503781746,1
47,54765,455,2,142477,4,0.358170278,0
41,94499,446,2,428485,4,0.444720353,0
58,134088,784,0,218482,2,0.656607819,0
35,76574,319,1,101993,4,0.824652757,0
41,122828,568,1,120742,3,0.469521477,0
30,110545,632,2,153157,0,0.684335762,0
43,148206,700,0,40702,1,0.29435516,1
59,47675,605,2,256147,3,0.578572584,0
25,145609,327,0,478099,4,0.845192958,0
21,121711,766,0,149574,1,0.219555063,1
33,92267,559,0,313623,1,0.387290153,0
41,60563,833,2,84384,2,0.292745474,1
46,31332,400,0,92957,4,0.573185036,0
41,143745,652,2,281570,2,0.675749725,0
38,39177,599,2,468447,1,0.240445434,0
57,109254,595,1,250579,2,0.249199094,0
52,88447,652,2,414076,4,0.808740435,0
56,77104,429,2,314009,3,0.519363204,0
37,104335,455,1,52404,0,0.52406612,0
55,134938,373,1,96246,3,0.861206276,0
31,100730,641,1,324567,1,0.424146727,0
41,24951,764,0,95947,3,0.827916553,0
46,126402,389,0,472595,2,0.881978321,0
24,48333,754,1,36152,4,0.369185938,1
54,41673,631,0,479325,3,0.559827194,0
38,134421,647,1,371014,3,0.574049307,0
55,60870,532,0,297881,4,0.806317678,0
49,141945,401,2,59325,2,0.412735695,0
49,147536,780,0,174839,0,0.75862971,0
58,91101,513,0,229864,3,0.879705174,0
41,42821,407,2,238242,1,0.788235657,0
33,45494,464,1,439921,2,0.836398198,0
37,119477,634,0,138074,2,0.695848107,0
29,146083,385,0,349303,3,0.832769032,0
21,94160,723,2,196309,4,0.315395445,1
22,132698,663,2,383776,3,0.698652991,0
49,131560,359,2,322857,3,0.712314148,0
53,20835,781,2,46815,4,0.507426663,0
30,145126,549,1,463213,1,0.255816927,0
41,38646,416,0,459075,4,0.635710622,0
48,143777,844,0,250301,3,0.236316565,1
31,97360,343,0,199308,0,0.467681747,0
54,57335,808,0,354931,4,0.47556916,1
28,89351,464,1,345387,1,0.899245756,1
42,134934,667,0,487869,4,0.409861424,1
28,22429,591,1,27743,4,0.774317757,0
35,61950,585,1,323883,2,0.23722018,0
37,80654,503,2,124492,2,0.57083619,0
43,127422,823,2,474542,3,0.575684175,1
44,129934,420,0,365300,3,0.640124897,0
39,139975,487,1,135275,4,0.767003642,0
25,88143,312,2,217204,0,0.733346367,0
52,111186,499,1,35339,3,0.73270569,0
21,124234,755,2,39121,4,0.502605754,1
43,117889,747,1,441211,4,0.709230038,0
57,122326,370,0,450248,4,0.543921002,0
28,97527,429,0,381276,4,0.246865825,0
33,106704,342,1,448047,4,0.823127248,0
28,51099,819,2,46446,2,0.823114314,0
43,59385,312,2,254380,1,0.426015135,0
21,55919,834,0,131530,1,0.839731833,0
44,116952,601,0,443894,4,0.730588827,0
55,80782,826,0,418914,3,0.480560862,1
44,91116,414,2,241240,0,0.432053919,0
37,92590,759,2,478468,4,0.88259989,0
25,109626,804,0,363486,0,0.698838874,0
40,60387,607,1,88404,2,0.465166968,0
41,35823,624,2,315062,1,0.649388722,0
51,66015,474,0,101666,2,0.600068339,1
56,122877,813,1,193307,3,0.567178016,1
31,35339,471,2,11125,3,0.651291329,0
35,149949,801,1,243580,4,0.576338426,0
39,23491,633,1,257428,3,0.658353248,0
27,20706,583,2,394566,3,0.835297994,0
48,117493,774,0,498867,2,0.895285478,0
25,35728,353,1,183583,0,0.696500811,0
25,26997,757,0,238084,1,0.849474561,0
50,123537,719,2,296190,3,0.800887178,0
52,80408,708,1,224368,3,0.406526179,1
28,78097,603,1,389762,2,0.853035588,0
30,149526,521,1,15114,1,0.2495663,0
58,58523,832,1,5637,2,0.430945275,1
52,141648,457,1,43634,0,0.647961455,0
48,45163,647,2,355857,2,0.568840812,0
37,37718,458,1,40776,1,0.579688675,0
51,107508,534,2,159672,1,0.756421831,0
28,103767,704,0,480003,3,0.336292578,1
45,59619,556,2,293953,0,0.887452857,0
29,32126,346,1,421972,4,0.506220759,0
22,109131,512,0,457685,3,0.864890285,0
35,84926,778,2,43368,2,0.468181105,1
23,60633,786,2,82185,2,0.621250668,0
56,97654,641,2,394313,1,0.51521803,0
24,23317,823,1,475118,1,0.673154615,0
34,64980,802,1,410096,1,0.328537311,1
45,64115,305,2,481535,4,0.480439973,0
30,81646,443,2,261286,4,0.247866785,0
41,63158,560,0,193227,3,0.618670992,0
56,75963,531,1,383337,4,0.873877189,0
32,67631,569,1,92762,1,0.232134561,0
47,69316,746,0,111745,3,0.661741017,0
22,125364,521,2,332460,3,0.742568575,0
33,79342,351,2,75856,0,0.349175897,0
52,35504,415,0,406943,4,0.391152005,0
51,88593,837,2,475476,2,0.34110676,1
36,46660,840,2,306355,2,0.408188846,1
52,57196,318,0,352613,0,0.277057791,0
52,85938,691,0,346074,1,0.45924351,1
54,28605,718,0,241328,0,0.458250437,0
31,77388,608,2,308561,1,0.76508722,0
30,101297,485,0,220730,4,0.760670821,0
35,75501,560,2,499889,4,0.757706354,0
37,73309,827,1,198899,3,0.596925139,1
38,47043,572,1,429653,3,0.428116481,0
29,53635,459,0,287663,3,0.487675161,0
45,99315,523,2,275127,3,0.422420453,0
34,100691,555,2,49656,2,0.607349533,0
45,126514,479,2,272779,3,0.856585385,0
42,53132,319,0,369517,3,0.399147749,0
50,109387,767,2,371699,3,0.521196272,1
40,35366,509,2,377027,1,0.658581851,0
41,113944,812,2,253945,3,0.791286438,0
52,92107,357,1,155694,0,0.377333744,0
41,82580,392,2,240113,3,0.396202966,0
55,135267,520,1,79975,3,0.819615873,0
52,142362,531,2,360589,2,0.256180684,0
50,77889,663,2,65666,3,0.623813324,0
59,99553,673,2,368021,1,0.802318791,0
32,59236,755,1,323149,4,0.845219925,0
38,24150,387,2,234501,3,0.208881078,0
41,131369,319,0,112725,3,0.458766184,1
33,39423,313,2,147475,3,0.38008535,0
41,24137,432,1,65477,2,0.597622812,0
28,49992,333,1,497826,4,0.643003594,0
27,130540,507,0,367549,2,0.899842134,0
43,114438,498,0,70035,2,0.558933748,0
52,135140,454,0,168975,2,0.586026815,0
31,64921,377,1,490705,1,0.490019455,0
42,141225,471,2,143383,4,0.303374066,0
42,99369,588,2,448827,1,0.412327248,0
45,86917,844,0,102561,1,0.372889442,1
42,93690,719,0,25615,4,0.760853784,0
48,54235,306,2,323952,1,0.582071495,0
49,98975,459,0,38580,4,0.407335541,0
33,39122,539,2,455268,3,0.542365032,0
38,43956,722,2,128731,2,0.353205418,1
22,83879,835,2,359000,1,0.329589005,1
49,78560,369,2,47898,4,0.801959566,0
41,141435,515,1,160024,0,0.861367598,0
35,102800,403,2,87790,1,0.256010225,0
47,130310,353,0,20227,1,0.735417895,0
51,88685,629,0,411976,4,0.517318075,0
35,44660,502,0,275970,0,0.472280149,0
43,148029,587,0,477691,0,0.682587917,0
44,126196,344,1,366116,3,0.38637758,0
33,106064,497,2,350357,1,0.214406858,0
42,134440,515,2,458648,2,0.349801993,0
57,21168,780,0,472212,1,0.329447554,1
53,65124,608,0,456420,2,0.223834567,0
23,55897,734,0,406889,2,0.424920791,1
39,35032,631,2,98402,4,0.532162973,0
43,72797,326,1,303302,1,0.715080088,0
49,55294,465,1,473205,4,0.427962928,0
50,63827,617,1,20904,3,0.336178186,0
59,23516,573,1,130212,2,0.361433838,0
45,39751,682,0,151468,0,0.823823955,0
57,50373,664,2,229978,2,0.343304284,1
28,142026,402,0,92469,3,0.815468467,0
36,50270,802,1,59039,2,0.512969297,1
28,30386,672,0,231957,4,0.854080303,0
21,121859,544,1,9334,1,0.485664495,0
25,84817,468,2,364140,0,0.324378054,0
23,85184,717,1,32268,4,0.58432095,1
21,134316,655,0,69636,1,0.611394622,1
24,99693,777,2,289212,0,0.644842512,0
55,57879,424,1,426463,3,0.488047703,0
52,125056,836,1,70121,2,0.234020939,1
54,69597,701,2,390905,0,0.638703946,0
45,59132,816,0,224742,3,0.853121108,0
30,23626,830,2,283429,1,0.87029104,0
41,105936,553,0,105539,0,0.617819758,0
59,122179,420,1,222975,3,0.213920913,0
47,123801,331,1,29136,1,0.274226937,0
47,101515,336,2,458594,4,0.783793368,0
22,97065,641,1,436003,2,0.780821106,0
33,75390,312,2,29425,3,0.862210924,0
29,36645,482,1,493217,4,0.594642096,0
56,111960,564,1,23961,1,0.804671406,0
42,74144,387,0,169515,0,0.777420848,0
46,33382,761,2,285967,2,0.612594564,0
32,24025,345,2,342553,1,0.748546287,0
37,63226,691,1,76123,3,0.287997381,1
34,99380,418,0,109249,2,0.64744193,0
34,142971,830,0,30852,4,0.867415669,0
54,138910,746,2,42535,2,0.313370249,1
40,89711,345,2,12004,4,0.720829877,0
31,116055,807,1,163895,1,0.424550058,1
36,146189,825,2,109913,0,0.771972747,0
51,94710,302,1,321230,2,0.688047654,0
26,23443,327,0,254408,0,0.84832198,0
39,41395,680,2,12131,0,0.698354794,0
57,30725,456,0,219304,2,0.487217416,0
24,53461,810,0,292793,2,0.207624774,1
24,147000,632,1,140171,0,0.755041828,0
40,61115,413,0,449022,3,0.485925477,0
30,130084,688,1,429787,3,0.669443866,1
44,116887,786,1,35580,2,0.273546537,1
55,103732,549,0,119163,0,0.823678045,0
46,132145,614,0,99200,0,0.504960458,0
57,99790,538,1,86118,1,0.843784214,0
58,99557,533,1,31469,0,0.694912204,0
41,131672,602,0,332323,3,0.285023583,0
59,91260,633,1,486154,1,0.605437629,0
41,48690,412,1,29236,3,0.836954114,0
30,21407,661,2,423326,4,0.759979392,0
58,93568,396,2,290574,2,0.492586285,0
24,78560,315,2,311551,4,0.868545078,0
40,67340,675,2,174020,2,0.388003327,1
37,37794,689,2,88299,3,0.462575392,0
27,39881,516,1,381640,3,0.724799921,0
24,106292,698,1,349709,4,0.36303319,1
49,125698,559,2,455583,2,0.560762129,0
34,114952,619,0,174252,2,0.710152433,0
23,69703,495,2,140724,1,0.650777436,0
44,64354,777,0,77370,0,0.30875894,1
57,111288,717,1,369899,1,0.640762221,0
36,98462,774,0,486239,3,0.60089737,0
24,139020,843,1,132845,4,0.590491378,1
44,119301,530,0,405300,2,0.778233031,0
54,138764,820,1,443846,1,0.328727216,1
50,34390,499,1,189348,4,0.726096191,0
38,124403,320,2,216300,4,0.732648212,1
39,107475,610,1,120052,0,0.705851808,0
51,47307,733,2,138727,2,0.554177819,1
39,116364,670,2,455968,4,0.476877123,1
39,114049,377,2,110737,2,0.476274012,0
42,138740,841,0,497834,1,0.7136661,0
44,139991,584,0,183742,4,0.548527692,0
32,44502,439,1,141344,4,0.436903607,0
50,115599,581,2,398434,1,0.637828779,0
58,42486,557,2,101428,2,0.785907882,0
51,131813,659,1,304615,2,0.243056119,1
56,58258,739,2,53762,4,0.88049587,0
39,77716,569,1,419731,1,0.267656358,0
56,117228,433,2,170379,3,0.558216684,0
50,123920,403,0,254193,2,0.592146681,0
53,101494,394,1,476897,3,0.296747494,0
38,120552,779,1,154058,4,0.840915627,0
48,102768,540,0,351768,3,0.530026954,0
31,30748,312,1,337744,3,0.30018436,0
53,82785,446,0,379236,2,0.698128682,0
37,96050,394,2,123336,4,0.664383042,0
26,42738,592,0,322032,3,0.874005899,0
24,94231,324,0,485948,2,0.509061427,0
40,93606,571,1,147675,3,0.387457181,0
47,113301,804,2,335168,2,0.241995804,1
35,61662,465,0,95728,4,0.713185068,1
26,138313,386,2,296041,1,0.632094382,0
34,116297,790,0,154874,2,0.880827584,0
31,102234,440,1,152483,2,0.698515486,0
59,35123,402,0,65399,3,0.853213036,0
29,120680,525,0,231274,4,0.894105156,0
46,45616,593,2,65692,0,0.499901801,0
36,122682,605,0,455892,0,0.305206509,0
25,31182,553,1,148842,1,0.337095544,0
30,110369,479,1,78513,4,0.422862656,1
23,118878,339,0,435645,2,0.556227037,0
33,82013,819,0,495783,0,0.285694,1
50,51331,845,2,392185,1,0.41120251,1
26,66098,535,2,457645,4,0.415455693,0
37,46128,762,1,206157,1,0.202859958,1
39,51556,527,2,418553,0,0.447918118,0
55,147398,782,0,360045,3,0.28130654,1
46,107505,729,1,222253,3,0.500797966,1
25,41876,321,2,249405,4,0.337575716,0
49,28949,642,1,160579,1,0.775479968,0
57,71962,339,0,64596,2,0.256367747,0
40,110054,472,2,75509,0,0.805962302,0
41,143984,738,0,13436,3,0.606368631,0
30,91206,478,0,15086,3,0.521048464,1
25,44099,432,1,481492,1,0.584819622,0
56,124871,650,1,358198,3,0.46327639,0
26,32716,824,1,418067,1,0.289328333,0
46,72611,839,2,306876,0,0.736115871,0
24,58885,805,2,413058,1,0.849538113,0
59,73144,383,1,396072,3,0.865047336,0
59,85220,763,2,388899,1,0.669498054,0
55,27837,642,2,262144,3,0.487243199,0
21,69355,579,1,231562,4,0.534851974,0
44,67299,562,0,6745,3,0.659875988,0
56,39159,465,2,279841,3,0.776150762,0
26,145212,592,2,490685,3,0.462196996,1
51,136680,808,0,8879,4,0.841746857,0
40,136931,525,0,221769,2,0.426990508,0
44,126802,469,0,154571,3,0.571601843,0
45,136375,747,1,224249,2,0.87295326,0
56,122413,801,0,171107,0,0.856739241,0
41,71012,826,1,416867,1,0.687021563,0
50,79305,678,0,342368,2,0.427192136,1
44,107096,500,0,380513,0,0.353324523,0
50,37106,549,1,343668,1,0.256100349,0
42,78123,708,1,356150,3,0.696058083,0
48,131825,424,0,304393,3,0.552415486,0
27,28720,412,0,422065,3,0.600601386,0
55,57661,436,0,497449,4,0.530674522,0
48,135031,795,2,209381,4,0.538062504,0
34,113898,449,0,237700,4,0.599891533,0
30,113794,642,1,296220,4,0.839983404,0
36,107318,620,2,206195,0,0.22055641,0
36,126704,831,1,169196,0,0.761145746,0
51,41120,588,2,151859,3,0.473361382,0
45,39790,788,2,320606,1,0.721446987,0
33,78655,791,1,353128,4,0.86396843,0
26,79643,551,2,76035,1,0.414400895,0
29,113448,376,1,8841,0,0.262688246,0
56,67374,691,0,312034,4,0.362608905,1
40,62907,711,2,394871,0,0.355464982,1
38,70071,472,1,30402,0,0.719294592,1
41,140507,500,2,256093,2,0.243300727,0
24,54812,516,1,378857,0,0.235653506,0
53,69570,675,0,486807,3,0.685526016,0
47,70901,310,0,372507,0,0.589703779,0
27,80186,311,2,202273,4,0.492437281,0
26,142066,734,2,102807,3,0.602757885,0
35,148364,672,1,290381,0,0.714673534,0
38,70251,572,1,179060,3,0.272429961,0
52,85171,808,2,492019,0,0.587300491,1
31,56160,431,1,212382,3,0.777091783,0
40,39156,618,1,398769,1,0.453700419,1
44,96208,467,1,149932,2,0.734112591,0
35,99980,696,2,95439,3,0.791794587,0
27,92320,479,0,274189,4,0.774650434,0
41,37929,357,0,342060,2,0.655249481,0
46,86606,779,1,61435,2,0.702141163,0
34,108442,759,2,103453,0,0.751372627,0
57,120154,360,1,37261,3,0.713596517,0
41,82559,668,0,250749,2,0.516176114,1
38,74205,420,1,477095,4,0.31138466,0
25,130694,845,0,7853,4,0.41681142,1
23,88475,316,2,80664,4,0.345072594,0
43,84341,795,1,115884,0,0.453010908,1
46,115377,796,2,53022,1,0.542531756,1
57,62863,804,1,400952,3,0.87133267,0
44,101837,831,1,300868,2,0.871623956,0
39,85439,614,1,278584,3,0.738711965,0
45,27194,368,1,337860,2,0.886098202,0
41,91387,460,1,428500,0,0.898611071,0
32,141361,444,2,111911,3,0.819679723,0
53,101914,684,2,409862,0,0.255652508,1
24,86214,568,0,482781,0,0.498230872,0
27,116176,753,1,90694,3,0.573883987,1
42,119292,817,0,412558,3,0.28685781,1
53,49777,649,2,201692,2,0.766041439,0
37,145355,409,0,200333,4,0.30407839,0
44,46183,782,2,264004,0,0.468330143,1
54,47445,706,1,400151,1,0.248238526,0
48,87038,350,0,494218,2,0.567215162,0
59,136477,702,0,440592,2,0.617929013,0
42,107201,775,0,210870,4,0.714623795,0
37,36198,386,0,475356,4,0.437623042,0
54,41411,367,1,440697,0,0.61337205,0
26,70577,341,2,486885,2,0.713903138,0
26,35867,356,2,121189,2,0.733424604,0
54,82501,495,1,99203,1,0.411149293,0
21,34266,361,2,191793,0,0.247392751,0
30,59422,562,0,498993,0,0.226333634,0
41,55208,411,1,104039,4,0.737642199,0
25,128538,477,2,269982,0,0.469807242,0
22,141544,325,1,171402,1,0.293759864,0
42,51213,709,1,477192,0,0.329142255,1
22,27367,830,2,107210,3,0.736305332,0
30,144158,616,2,235648,3,0.6192314,0
54,99026,831,1,370284,1,0.550982216,1
36,55362,405,1,105166,4,0.63610531,0
59,139377,763,2,304138,2,0.296249688,1
42,71588,545,1,227947,0,0.42332957,0
32,58285,380,2,35384,4,0.461844462,0
44,146683,695,1,312522,4,0.420148439,1
58,145085,821,1,374462,0,0.805091418,0
30,94755,563,1,430859,2,0.606994801,0
55,91846,573,2,415142,0,0.710524985,0
52,56307,471,0,43977,2,0.365694263,0
27,115167,564,2,28652,1,0.384851826,0
41,100280,325,1,199367,2,0.357735188,0
40,39867,768,0,15270,4,0.681585704,0
46,76523,775,0,87804,1,0.444328697,1
24,104161,655,1,197702,3,0.483558893,1
42,26378,325,2,41417,1,0.696385125,0
35,104685,333,0,132390,2,0.880259091,0
41,127669,563,0,445110,1,0.31331272,0
35,96958,437,2,61042,1,0.243873388,0
42,47926,761,2,330397,3,0.336392152,1
48,123215,467,0,184913,2,0.714472479,0
34,118707,380,2,319867,4,0.336239104,0
47,33180,706,0,156389,1,0.609046682,0
48,112837,345,1,453224,0,0.613221576,0
46,138070,352,2,172506,4,0.40609617,0
22,56931,775,0,182197,1,0.248108396,1
45,44014,315,2,217056,4,0.479440362,0
23,134775,659,2,342593,0,0.330749796,1
28,116472,786,0,210174,4,0.329131247,1
53,99872,801,1,234052,4,0.56581221,1
55,78502,440,0,86141,0,0.671184797,0
26,107736,746,2,5557,0,0.252790537,1
59,25470,589,0,374920,0,0.604824979,0
43,116395,508,2,442599,3,0.37234115,0
45,34953,774,0,404256,0,0.671308643,1
39,124580,712,1,51652,4,0.767151085,0
25,58507,726,1,497648,0,0.764909545,0
31,138961,670,1,121048,1,0.458902951,1
32,112969,589,1,65941,0,0.597088772,0
30,111493,731,0,354484,0,0.755586629,1
28,26523,567,1,341972,2,0.242567183,0
44,106923,450,0,162182,4,0.623937035,0
48,77190,554,2,403565,4,0.785565389,0
56,67761,652,2,166446,1,0.460649899,1
57,51169,676,2,351689,3,0.51878568,1
41,65641,657,1,377767,2,0.689109648,0
28,42990,669,1,47591,1,0.247519298,1
29,49661,526,1,398273,1,0.469945172,0
35,33419,602,2,391151,4,0.406997539,0
38,34457,688,2,472255,2,0.211895975,0
40,87600,676,2,360973,4,0.337180863,1
26,123619,417,2,256608,3,0.477118496,0
32,96102,304,0,331722,4,0.338200096,0
22,53085,743,0,375641,0,0.621678823,0
27,117064,651,1,155193,4,0.514056825,1
36,70654,832,1,272637,0,0.227636906,1
23,26130,423,2,264830,1,0.392528185,0
23,125723,576,0,107181,3,0.213633739,0
47,22042,693,0,72818,0,0.450694626,0
58,90134,659,1,224778,3,0.381377012,1
53,62982,768,0,387340,4,0.681730748,0
48,118422,356,1,268575,4,0.415184848,0
21,85185,550,2,458685,1,0.462611065,0
28,53477,449,2,460457,4,0.707733752,0
57,134161,751,1,443510,0,0.536642373,1
52,72709,461,2,105079,1,0.589518065,0
57,48716,419,2,260270,3,0.788942665,0
24,98137,650,0,222199,1,0.344821814,0
50,56018,398,0,409567,3,0.89242987,0
26,28061,466,0,168555,2,0.830073564,0
39,28609,813,0,298339,0,0.40058698,0
52,55371,700,0,249015,0,0.825056892,0
29,130350,664,1,260280,3,0.727769311,0
32,103021,625,1,238761,4,0.85152953,0
31,40805,546,0,158807,4,0.683794632,0
36,27857,733,2,20203,2,0.672134168,0
21,31620,392,2,271118,3,0.202425086,1
41,28177,567,1,240281,2,0.53222807,0
50,50111,620,1,369913,3,0.340188024,0
33,140770,361,1,259171,2,0.426857021,0
54,108578,599,2,90222,3,0.885170944,0
24,104181,702,1,437929,0,0.25985137,1
48,109941,602,2,260848,2,0.705740529,0
58,147049,552,1,17636,2,0.321061389,0
51,31826,777,2,302214,3,0.205180938,0
47,33890,668,1,296267,1,0.550993096,0
25,102428,459,1,125973,1,0.312850709,0
45,137067,465,2,430028,0,0.875826379,0
23,146044,504,1,426976,4,0.342587716,0
53,78031,566,0,9966,4,0.334424692,0
24,139440,437,2,247823,0,0.222516847,0
45,132134,667,1,385558,4,0.430873747,1
40,95020,742,2,351106,3,0.216878172,1
54,25495,316,1,84698,1,0.549220645,0
46,48481,367,0,414274,0,0.55392745,0
25,31267,432,1,46482,3,0.237270301,0
55,137897,729,1,245275,0,0.368043594,1
48,125702,607,0,7998,1,0.78247454,0
49,26743,473,2,127659,4,0.523781341,0
29,74800,711,1,66265,3,0.504227029,1
58,123475,396,1,71445,1,0.689143863,0
26,68773,453,0,378177,0,0.70041736,0
39,77042,541,2,170720,2,0.733373821,1
31,69476,603,2,458839,3,0.781337628,0
22,147967,584,0,345177,0,0.362575452,0
29,112105,326,0,351624,0,0.246466425,0
41,48552,701,1,143599,1,0.466185415,1
44,85242,659,0,371144,0,0.798568537,0
54,65772,359,0,139144,3,0.254620065,0
42,63730,501,0,410234,3,0.603167659,0
23,48948,669,2,34652,0,0.690758064,0
32,96311,832,0,9476,1,0.536985049,1
48,89093,451,1,100768,3,0.378622811,0
50,89123,401,1,163554,2,0.428416637,0
46,36535,745,1,238865,4,0.250156469,0
41,86490,528,0,198585,1,0.404808483,0
48,66562,424,2,222483,1,0.231064605,0
46,139042,535,0,283363,4,0.708427499,0
53,145251,461,0,297592,4,0.828596695,0
41,109080,652,1,478119,3,0.64345919,0
55,147844,367,0,423336,0,0.659692256,0
54,78535,472,2,273999,0,0.530499636,0
38,118991,560,1,454769,2,0.309225514,0
31,61269,516,2,466849,0,0.205407599,0
43,100674,423,2,180657,2,0.440783198,0
42,62462,461,2,483641,2,0.72604199,0
37,23127,500,0,137156,1,0.872302106,0
25,43147,753,0,103856,1,0.501759448,1
31,65528,701,0,158016,3,0.455773709,1
50,97095,761,0,432137,4,0.512170954,1
35,133100,574,1,66282,4,0.499442427,0
47,88931,505,0,92393,2,0.638115883,0
55,110925,339,1,187469,4,0.713903178,0
53,86381,572,2,134822,2,0.749470616,0
40,119468,392,1,23070,4,0.654723367,0
36,131258,341,0,191059,3,0.506406771,0
54,83749,764,1,251453,1,0.865072629,0
22,58672,678,0,61690,1,0.697713787,0
55,33731,406,0,226083,2,0.498660629,0
48,144647,627,1,66134,4,0.512607244,0
59,74512,364,1,354899,0,0.772586595,0
26,118658,664,2,374137,3,0.508378621,1
29,71024,783,2,457655,4,0.561391536,1
40,136712,323,2,298633,0,0.404086604,0
21,121121,839,2,28178,3,0.787240384,0
28,23832,361,2,346163,3,0.565599836,0
43,52332,790,1,325100,1,0.586775157,1
23,32467,572,2,183874,2,0.816472782,0
24,61025,528,1,246535,4,0.844362087,0
45,33107,319,2,67778,3,0.776935658,0
58,148347,302,0,193791,4,0.245759289,0
35,97994,720,2,431789,3,0.510456371,1
41,114202,606,0,431904,1,0.440331657,0
55,63481,731,1,116466,2,0.349460347,1
34,22581,435,2,123292,0,0.836267713,0
56,95118,814,1,495281,0,0.823048271,0
32,144010,492,2,366891,1,0.525708518,0
37,71638,714,1,241424,3,0.294192595,1
59,143714,417,2,51475,1,0.209355934,0
29,28418,508,2,317841,2,0.506926956,0
55,113627,333,0,432194,0,0.227968604,0
33,49113,617,1,165749,4,0.626689159,0
35,104363,419,1,479756,0,0.62588621,0
38,143607,824,1,15272,2,0.829257614,0
53,83044,388,1,404428,3,0.33303439,0
26,99955,811,1,288215,1,0.45997597,1
47,81030,346,0,113644,0,0.801681772,0
43,31814,821,2,211308,0,0.532007552,0
47,119340,583,0,362660,4,0.241806302,0
54,30024,676,1,153369,1,0.277548738,0
58,83288,433,1,188004,4,0.7694182,0
34,129236,547,2,242957,4,0.720588201,0
56,77836,617,0,455100,3,0.813117062,0
28,27435,735,2,426841,0,0.283202816,1
55,87084,475,2,33831,1,0.732291721,0
39,144023,650,0,255747,3,0.658573055,0
50,90601,442,2,385457,3,0.362605269,0
34,108416,697,0,128950,3,0.88173307,0
40,140871,668,0,454694,2,0.599248373,0
45,138645,800,1,330053,2,0.834814583,0
44,23407,669,2,296511,3,0.801365194,0
34,118943,681,1,181885,2,0.433187822,1
46,52940,385,2,499090,1,0.575169803,0
58,25666,759,2,25121,0,0.50195781,0
43,57122,624,1,302691,1,0.696354299,0
42,138647,821,1,330786,0,0.611629403,0
39,45092,788,1,292058,2,0.749397473,0
23,149753,696,0,383808,1,0.208226582,1
39,143402,654,2,153250,4,0.681455283,0
29,95645,587,0,72258,3,0.423345609,0
48,121190,758,2,215493,0,0.356955498,0
40,120468,835,2,65563,0,0.760868956,0
27,149207,590,0,186122,4,0.262454848,0
34,46505,467,0,329751,4,0.359922032,0
29,56713,727,2,70638,3,0.342614039,1
39,74387,789,1,360115,2,0.493877812,1
34,63169,654,1,263140,1,0.425635749,1
58,93282,495,1,411478,1,0.704327822,1
56,97511,844,1,405669,1,0.689558916,0
37,71742,310,2,244015,2,0.427829624,0
50,60522,555,1,181246,3,0.505886543,0
29,101132,695,1,383864,1,0.345535729,1
53,139622,708,1,344904,0,0.66958443,0
45,138764,661,2,404388,0,0.477355918,1
34,123489,558,0,81788,0,0.292978273,0
31,119397,302,1,285062,4,0.289085844,1
55,23880,383,2,274341,4,0.425624475,0
34,63454,455,2,364271,2,0.72312752,0
50,75711,475,1,149749,1,0.217853035,0
24,63539,771,0,409255,4,0.380442285,1
24,128984,723,0,294929,0,0.313740311,1
48,88321,433,0,271714,4,0.869534475,0
28,107985,679,2,77242,0,0.693697123,0
22,34799,576,1,409871,1,0.363262879,0
42,134584,535,1,234810,2,0.34522241,0
36,124843,312,2,52907,3,0.800621382,1
49,80102,641,1,276593,3,0.333158687,0
50,70726,334,1,291774,0,0.89794144,0
32,68784,513,0,341802,4,0.397612184,0
55,140364,711,1,51371,4,0.2590329,1
31,133034,704,1,409207,0,0.683659326,0
41,63333,793,2,29887,1,0.626749955,0
41,60828,458,2,18859,0,0.899875516,0
25,89526,409,0,421856,1,0.761460021,0
40,74362,848,2,315483,2,0.500185573,1
57,73997,825,0,489284,2,0.673628014,0
23,143973,646,0,189307,0,0.772494618,0
53,70341,578,1,269656,2,0.559608568,0
29,39073,778,0,348126,4,0.391010016,0
29,122399,410,1,289056,1,0.34707395,0
24,34549,730,0,235639,3,0.406697006,0
55,103795,841,2,125639,3,0.793648147,0
37,76920,414,2,171587,2,0.466302661,0
54,105326,389,2,413632,1,0.400664911,0
44,95515,511,0,471032,4,0.764121059,0
52,149392,849,0,212582,3,0.222344239,1
21,40316,838,1,382925,4,0.61577079,0
28,46183,659,1,441962,4,0.811542262,0
43,113860,785,1,179847,3,0.487058624,1
32,44624,671,1,369211,3,0.388522713,1
32,82515,514,0,279371,2,0.544196349,0
35,123712,314,0,411247,1,0.702234017,0
39,105781,558,1,244891,0,0.561623894,0
46,66705,762,0,300144,1,0.205347296,1
49,109326,419,0,318397,0,0.254827189,0
42,46756,427,0,115848,3,0.704929896,0
41,80390,822,0,334708,4,0.479965934,1
58,88369,624,1,125921,1,0.749343082,0
40,90821,619,1,363113,4,0.65464294,0
49,29589,805,0,389758,1,0.607061084,0
24,133012,825,2,154385,1,0.830962618,0
27,34116,349,1,250398,4,0.214925451,0
48,93181,368,1,342330,2,0.308524053,0
48,64786,690,2,227832,3,0.637063169,0
24,114686,682,1,455967,2,0.246079633,1
42,143711,315,2,319636,2,0.65147934,0
32,96425,738,2,297508,1,0.888884754,0
23,50286,431,0,416577,3,0.815165669,0
42,123081,547,1,72949,1,0.613641847,0
22,35994,572,2,111330,0,0.825783672,0
44,121039,648,0,429286,1,0.281387706,1
54,131915,783,1,108722,4,0.518285915,1
47,142961,849,0,158481,1,0.500073281,1
21,110198,656,0,34854,0,0.435513311,1
28,124672,617,2,101742,1,0.200140979,0
43,46639,347,1,124625,0,0.823720313,0
58,37205,309,0,34655,3,0.744394627,0
26,76677,532,2,408168,1,0.657000261,0
42,52930,335,2,434581,0,0.290276791,1
45,93313,712,0,481514,3,0.464743594,1
38,113851,761,0,333300,4,0.847028898,0
37,133153,303,2,235305,2,0.631850724,0
32,112509,343,0,126232,0,0.622387376,0
26,38316,554,0,192796,4,0.839188602,0
46,47304,413,1,282599,3,0.591883607,0
47,121839,696,2,223818,4,0.618336274,0
28,116058,473,0,445889,1,0.442000986,0
39,107876,554,2,137046,2,0.46000865,0
21,105366,765,1,279823,0,0.679924804,0
49,33403,576,2,197863,3,0.424304652,0
55,100052,763,2,32429,2,0.591375544,1
34,137478,801,2,285217,3,0.395437684,1
55,104627,740,1,75207,4,0.316287667,1
40,93495,368,1,35365,3,0.518081721,0
33,51932,808,2,454144,3,0.352212209,1
58,116090,625,2,247975,4,0.828946014,0
28,56701,366,1,341597,4,0.412529076,0
40,23385,603,0,111657,2,0.618181467,0
53,141324,783,1,12784,0,0.384409288,1
46,119226,847,2,379673,4,0.380613484,1
59,77241,716,0,497178,2,0.445445257,1
41,30367,458,0,135229,3,0.841112197,0
29,85030,448,0,237273,3,0.474048417,0
44,66505,326,1,256428,1,0.774886529,0
57,144462,547,1,125913,4,0.338108652,0
37,53332,400,1,148363,2,0.23371868,0
44,105178,395,1,482678,2,0.747174545,0
41,96325,683,2,293298,0,0.579312428,1
59,55268,581,0,262946,2,0.552608069,0
59,106486,621,2,292794,4,0.390544094,0
33,45563,695,1,204813,2,0.25062191,1
31,125185,577,1,238420,1,0.538002025,0
39,56404,828,2,100830,3,0.807058451,0
31,75182,562,0,303345,3,0.28401541,0
33,52991,592,0,437695,2,0.850419616,0
21,124601,593,1,77920,2,0.392310356,0
39,67663,694,1,218869,2,0.572530405,1
32,85886,812,1,448459,2,0.246555877,1
28,142002,479,1,466811,1,0.497532616,0
28,103848,534,0,167806,4,0.28812852,0
32,44127,636,2,224999,1,0.23358165,0
53,77692,307,0,86451,1,0.876590385,0
46,114389,742,2,241889,1,0.711066175,0
59,57500,838,1,379313,3,0.703340405,0
48,53785,390,1,104978,1,0.263384783,0
25,104146,571,2,47568,2,0.850545367,0
28,109126,304,1,253586,1,0.528627961,0
45,114979,518,0,161865,2,0.796598848,1
47,67997,417,1,319348,4,0.208820771,0
43,27170,414,1,444962,3,0.408744537,1
50,33303,562,1,430205,4,0.897232985,0
43,91743,605,1,185537,4,0.49948663,0
40,97852,721,0,226913,3,0.821945477,0
38,55187,506,2,197455,2,0.429598844,0
38,85034,602,1,21767,2,0.567730393,0
22,91776,411,1,305796,2,0.797953346,0
24,21893,716,0,481948,3,0.624074392,0
50,33753,584,0,89244,1,0.70763464,0
53,58090,484,0,411599,0,0.360183243,0
56,84922,520,1,469000,1,0.309123306,0
38,96768,743,2,368877,1,0.36121451,1
57,79412,416,0,327233,4,0.545134052,0
39,142406,369,0,31440,0,0.760675335,0
48,76030,369,0,319587,2,0.447795695,0
40,37509,726,2,323469,1,0.595371047,0
53,88653,742,1,222838,3,0.763368723,0
32,56929,436,1,231262,1,0.367143526,0
35,149626,803,1,60919,2,0.818083014,0
59,68291,430,0,152683,1,0.867157619,0
22,24042,517,1,199555,4,0.227279095,0
49,82574,470,0,420673,4,0.241377777,0
30,57201,774,2,408472,1,0.263671803,1
22,112282,428,2,453072,4,0.743737886,0
31,34016,356,1,307677,3,0.332535862,0
33,45022,480,0,366970,0,0.707987191,0
30,120962,545,0,103995,1,0.508893249,0
34,47938,443,1,164353,3,0.785378507,0
38,63678,350,2,334419,3,0.765988789,0
29,138171,667,2,399741,3,0.871763793,0
59,149638,758,2,152525,2,0.375726495,1
48,121248,517,2,404467,1,0.360467414,0
23,81720,556,2,375888,1,0.222055583,0
40,125514,455,1,24507,1,0.487291267,0
26,76805,741,1,215468,0,0.521344218,1
47,94323,324,1,222716,3,0.875159683,0
22,21986,835,2,426122,1,0.781549706,0
49,96478,359,2,471401,4,0.316754203,0
58,102994,766,1,497807,2,0.758942554,0
23,32161,733,1,280337,0,0.324809497,0
36,40689,365,2,494774,2,0.254435549,0
50,147101,405,0,364336,3,0.785957926,0
22,114699,395,1,243143,4,0.883171707,0
37,80924,467,2,217521,3,0.261682981,0
32,121311,341,2,331186,1,0.769747413,0
55,119273,403,1,326660,2,0.801448854,0
21,94308,503,0,479381,4,0.283128909,0
35,121128,819,2,166764,2,0.39827743,1
46,83745,581,1,337634,0,0.713562447,0
57,146881,342,2,38512,4,0.765411196,0
41,21211,409,2,146791,0,0.447781885,0
51,20229,509,2,191499,4,0.31195058,0
45,138972,348,2,425865,1,0.653841133,0
43,68542,414,0,17402,2,0.691378022,0
44,34345,454,1,370024,2,0.552525498,0
58,121489,802,1,124764,3,0.301458747,1
48,51819,370,1,145288,4,0.791140721,0
41,67779,818,1,250739,4,0.651686171,0
38,102421,635,1,36050,0,0.808414974,0
56,112244,366,0,100808,4,0.853078352,0
55,85584,792,2,55093,2,0.763988499,0
29,39950,512,2,10050,4,0.87106019,0
58,35173,480,1,313860,3,0.867980422,0
50,137743,547,2,120455,3,0.633541189,0
54,78032,513,2,400654,2,0.709721871,0
52,135074,658,2,375830,2,0.689585975,0
23,119273,548,1,52431,2,0.634795337,0
23,48036,815,1,248445,4,0.213548623,1
48,143885,387,0,283904,4,0.449134677,0
35,132857,475,1,475830,1,0.27005482,0
43,91356,725,0,152545,0,0.410181377,1
31,34292,380,1,48815,4,0.247995365,0
52,23052,437,2,198532,1,0.844022048,0
56,64377,732,0,407473,1,0.515930941,1
53,109317,769,0,92986,3,0.332555113,1
44,87838,649,0,30634,4,0.609345462,0
59,87819,425,1,327547,1,0.337515653,1
54,133689,608,0,51573,3,0.763108225,0
48,128103,529,1,426864,0,0.414143377,0
57,35620,759,0,228784,3,0.420430443,0
27,50461,644,1,447196,0,0.808965661,0
24,40750,609,0,132099,2,0.591442019,0
57,118426,319,2,277440,2,0.821111474,0
21,108719,840,2,458413,3,0.489021621,1
21,29472,776,0,289103,2,0.440749388,0
40,89263,568,1,19570,4,0.554342098,0
39,132036,302,1,302567,3,0.24304417,0
49,77602,315,1,85263,1,0.30794054,0
30,45523,657,2,416115,4,0.353665145,1
38,50766,432,2,171857,3,0.771674098,0
48,123262,611,2,117446,0,0.71365913,0
55,86060,781,1,198878,2,0.335315095,1
51,29079,843,1,324107,2,0.393723295,0
47,28399,604,1,476091,2,0.860983304,0
31,80726,568,0,39341,3,0.260062074,0
58,112906,713,0,10597,4,0.583218569,1
25,36532,324,0,490864,0,0.565404894,0
28,142689,615,2,408460,2,0.707995472,0
54,102357,575,2,139868,4,0.383004763,0
32,63162,688,1,112127,1,0.854340856,0
58,23749,743,0,80589,1,0.487408017,0
21,31353,726,1,426744,0,0.400003725,0
51,132313,356,0,251992,2,0.435808592,0
24,48477,667,0,416864,1,0.444105644,1
25,44570,641,1,351111,4,0.33924989,0
50,106373,603,1,136607,4,0.849637744,0
44,31437,673,0,315613,1,0.322412629,0
23,58104,411,0,200984,2,0.817982844,0
31,83370,305,2,311637,0,0.483450454,0
24,24551,578,1,470633,2,0.388493538,0
46,88359,681,1,50785,3,0.338956267,1
47,74880,312,1,258138,1,0.553039631,0
47,32916,602,1,352161,3,0.66848098,0
26,146150,459,0,374915,1,0.828754721,1
35,100703,453,2,396170,0,0.656712609,0
50,61445,480,1,499593,2,0.538563743,0
57,67636,825,0,464777,2,0.223433245,1
57,93927,479,0,166941,1,0.840798834,0
57,98194,676,0,201166,4,0.83165847,1
55,49685,467,0,236427,3,0.465101877,0
43,71134,513,0,35192,2,0.220324264,0
26,108916,449,1,205229,2,0.713358686,0
24,127967,315,1,494318,1,0.754176614,0
38,114455,390,2,484699,4,0.579726081,0
29,147763,419,1,84941,3,0.48201249,0
49,87847,552,0,324688,4,0.795792986,0
33,59993,359,2,140475,4,0.334761492,0
37,64333,565,0,434307,1,0.507690732,0
52,128574,708,0,188582,4,0.217140278,1
42,78865,330,1,486277,3,0.31480737,0
24,99096,320,0,10017,0,0.858581864,0
25,69756,588,1,175275,0,0.604658275,0
57,142863,842,0,192545,3,0.763914631,0
33,81192,797,2,188195,1,0.54055029,1
54,80686,773,0,315404,2,0.784378969,0
42,68733,704,1,50938,1,0.577265358,1
43,124089,847,0,194001,3,0.203176399,1
23,45993,431,1,90265,4,0.829789305,0
54,50492,623,1,492182,0,0.303996284,0
52,40981,431,2,371264,4,0.515388333,0
41,44143,820,1,173444,1,0.53367203,1
41,97603,329,2,368872,3,0.233065392,0
31,109452,600,2,189324,0,0.23714927,0
59,80277,303,0,281772,3,0.733786267,0
24,127044,624,2,390383,0,0.410315553,0
21,131957,808,1,148573,0,0.486739716,1
48,69990,536,1,123165,0,0.594878761,0
44,148406,834,2,428347,1,0.461370273,1
55,82888,315,0,356246,3,0.742526199,0
33,89351,833,2,356504,2,0.819125258,0
54,117372,745,2,124346,2,0.241802519,1
31,69999,802,1,335492,2,0.644782369,0
56,123013,529,0,365492,3,0.422362005,0
37,122811,406,0,97862,4,0.608292695,0
55,124879,688,0,251393,3,0.538735123,1
38,90309,562,0,14402,0,0.433574965,0
42,32446,364,1,96861,4,0.266370952,0
44,50733,564,0,454172,0,0.591607938,0
39,139156,637,0,393265,0,0.278954796,0
57,96000,600,0,187992,3,0.309284062,0
59,68632,677,1,267084,2,0.887522678,0
41,41576,474,1,112089,4,0.421693633,0
28,23320,451,0,31000,1,0.609105333,0
48,30750,775,1,356939,2,0.390562359,0
25,123002,565,2,117885,1,0.805856607,0
37,73463,628,0,203534,3,0.398338134,1
57,46572,462,1,464608,4,0.456819606,0
56,138361,737,0,273132,3,0.625871304,0
39,37948,642,0,210351,1,0.808990695,0
47,146898,666,1,324143,0,0.771349908,0
54,136528,764,2,467890,3,0.38470192,1
31,58826,498,0,245456,4,0.78068847,0
32,109051,799,2,217690,3,0.690836721,0
41,47867,315,1,451642,2,0.892879943,0
31,80231,595,0,457040,3,0.854813368,0
59,86262,810,1,118174,1,0.573195705,1
48,111356,538,1,234982,3,0.724950033,0
25,146340,600,1,210471,4,0.599125791,0
37,92233,305,1,65659,3,0.616496809,0
40,64678,519,0,436006,3,0.271050581,0
32,127561,752,2,250776,4,0.201571996,1
26,32963,732,2,100343,3,0.233730462,0
37,84360,685,0,420334,4,0.876641468,1
39,69434,594,0,188097,1,0.28838776,0
46,86617,417,2,389597,4,0.231072793,0
52,40269,704,2,64938,1,0.416750947,1
26,137569,311,0,10149,1,0.611725958,0
56,96312,508,1,43079,4,0.863922451,0
58,117352,464,0,138556,3,0.689921305,0
31,99732,593,2,453690,2,0.393447078,0
53,137658,818,1,488943,4,0.857340613,0
44,127648,377,2,380460,3,0.225228753,0
43,101494,733,1,315745,1,0.885337805,0
35,108905,376,2,253965,0,0.241048491,0
47,97225,347,1,310953,2,0.727694981,0
31,102867,381,0,156863,3,0.231708277,1
37,57528,508,0,205415,2,0.85209301,0
34,144597,744,1,162720,0,0.276066128,0
47,98972,821,1,429306,0,0.235335309,1
38,85602,328,0,357780,0,0.822485608,0
48,116261,603,0,135366,4,0.267055719,0
24,110748,764,1,232557,2,0.758551904,0
27,143193,801,1,106477,4,0.722924248,0
55,146277,745,0,22857,0,0.619214627,0
29,53332,789,2,392449,3,0.464573904,1
28,144481,727,0,198399,0,0.840906385,0
37,110937,658,1,248588,4,0.809756879,0
37,149529,390,1,229458,0,0.498372978,0
53,98929,352,2,254098,0,0.362207469,0
52,89206,503,0,179039,4,0.390800169,0
28,111137,455,1,320853,4,0.354226504,0
39,22251,301,0,466164,3,0.578876374,0
58,65717,656,1,184933,4,0.80797718,0
23,119108,357,2,121839,3,0.741528377,0
25,47027,553,0,204790,1,0.756857322,0
33,117382,479,0,128307,1,0.513801944,0
51,106551,792,2,127850,4,0.425711382,1
36,29583,334,1,25948,0,0.730149039,0
52,70387,374,1,300926,2,0.755308793,0
42,43104,588,0,186828,0,0.686747595,0
49,32224,670,2,349933,4,0.222474986,0
42,80624,628,0,110217,3,0.612779282,0
23,76058,603,0,237103,0,0.44293208,0
30,124320,520,1,204460,1,0.337334924,0
41,116372,463,1,482744,4,0.686076684,0
36,49299,779,1,465025,0,0.387968295,1
32,98572,754,1,143721,0,0.838988811,0
22,105469,674,1,165074,3,0.408655352,1
44,97928,519,2,39723,3,0.58862642,0
55,149518,553,0,79314,3,0.779433515,0
50,93474,487,2,357456,2,0.481482837,0
50,24141,490,0,206157,4,0.780060571,0
55,43350,688,1,217471,4,0.706587478,0
39,95082,514,2,278953,1,0.844606167,1
28,90871,674,0,456385,1,0.428084194,1
46,25077,385,1,144374,4,0.273519645,0
27,66015,773,1,275244,0,0.501244649,1
50,91147,830,2,204519,4,0.750069428,0
27,79180,346,2,344771,2,0.515304579,0
23,60857,364,2,79635,1,0.383391551,0
21,121196,774,1,322164,1,0.219322224,1
56,79840,445,0,10663,1,0.419116662,0
45,145463,681,0,362584,4,0.699366778,0
57,79902,365,2,492043,1,0.303329629,0
21,25577,816,0,180721,1,0.438615566,1
35,40002,392,1,314280,4,0.214162023,0
57,70711,725,0,251314,0,0.705228502,0
33,59451,767,1,260855,1,0.816478133,0
28,119811,393,2,373746,1,0.597969822,0
25,69103,432,0,41104,1,0.218110474,0
29,48647,733,1,44137,2,0.352337719,1
21,54831,640,2,400750,4,0.506928395,0
56,138330,613,2,334906,1,0.611306854,0
55,120304,511,2,450661,2,0.54739344,0
22,116498,819,2,145657,0,0.841106232,0
43,148949,458,0,491012,0,0.857045421,0
29,133870,567,1,491163,2,0.275006724,0
54,115119,773,0,234542,0,0.296873615,1
34,86830,709,1,343582,3,0.450638439,1
24,100632,773,2,41392,0,0.494864417,1
50,56833,655,0,351411,3,0.610246685,0
51,132394,492,2,219396,2,0.741211825,1
58,112864,570,1,167198,3,0.295037394,0
31,44398,413,2,309629,0,0.761847787,0
55,144633,822,0,247479,1,0.627019819,0
28,81554,354,0,312942,3,0.886619123,0
23,70755,364,1,204382,0,0.655817375,0
34,37706,571,1,145089,1,0.701264053,0
33,42340,801,0,161772,2,0.336646206,1
52,84994,661,0,357824,2,0.738203369,0
54,83884,445,0,100446,4,0.255486324,0
39,104361,508,0,434723,2,0.659571305,0
58,37482,585,1,183751,4,0.238901036,0
36,74225,309,0,228293,2,0.280658075,0
22,78849,485,1,94938,2,0.275506392,0
37,94854,763,0,42232,2,0.236738845,1
54,61256,433,0,231671,4,0.424797242,0
36,129545,470,2,487877,4,0.896046721,0
58,128721,512,2,422236,3,0.443757758,0
22,101110,829,0,364383,0,0.732543139,0
22,133606,801,1,62172,0,0.292621911,1
46,34650,326,0,364449,0,0.518143756,0
33,66118,367,2,149818,2,0.329581085,0
51,48930,707,0,258048,0,0.334468019,1
54,105707,408,2,461753,4,0.269783026,0
59,149030,373,0,9094,3,0.502430907,0
23,120400,561,0,73466,1,0.252874445,0
28,31801,667,1,366211,3,0.836867949,0
43,71360,536,2,297899,0,0.513530225,0
34,107908,665,2,231713,0,0.786996299,0
47,36559,585,2,147624,4,0.885625115,0
49,52334,677,1,499970,3,0.674445425,0
59,125473,675,0,195563,4,0.83105753,0
59,33288,375,1,417995,4,0.294757264,0
21,42398,308,0,296144,1,0.780995552,0
37,96230,495,1,221711,4,0.389852133,0
50,32191,589,1,452169,4,0.530818627,0
33,38051,360,2,62564,1,0.652607854,0
41,81715,688,1,150174,2,0.832480515,0
39,30737,307,0,137933,2,0.837695661,0
39,85140,668,1,310718,1,0.264471664,1
45,45251,344,1,168754,4,0.455188842,0
42,70975,643,0,83819,0,0.755222645,0
51,25147,674,2,358277,3,0.692209822,0
37,70508,326,0,250869,0,0.218446712,0
43,72224,492,0,82972,0,0.514922584,0
52,39643,656,0,388381,4,0.780477167,0
30,58967,361,1,361104,3,0.716379106,0
30,118850,361,1,201257,3,0.488294855,0
56,123535,721,0,341570,2,0.714612786,0
28,60733,679,0,446336,1,0.585847496,1
40,104003,576,2,43297,4,0.838840299,0
52,54808,730,1,119147,3,0.610989022,0
34,139222,414,1,13299,4,0.480513925,0
48,87288,420,1,439564,2,0.804044437,0
44,78959,824,1,46384,0,0.23490819,1
35,21849,715,0,384326,3,0.830357451,0
42,88178,462,0,343837,2,0.68744277,0
50,87136,636,2,231371,4,0.858424102,0
24,80740,678,1,299831,2,0.375353408,1
33,132255,623,1,200649,2,0.686444955,0
43,106322,472,0,327191,2,0.766624287,0
28,64565,363,2,146263,2,0.691471806,0
38,40183,400,0,192956,2,0.347233592,0
32,135306,621,1,322055,2,0.392912698,0
51,21132,365,1,344447,1,0.596719644,0
34,58259,757,2,481663,4,0.512725422,1
54,116612,752,0,361309,0,0.714582032,0
38,83668,558,1,105330,4,0.465073684,0
54,148355,725,1,359624,3,0.801636365,0
31,58563,477,2,179798,3,0.502344284,0
32,112227,579,1,39623,4,0.228028897,0
35,128835,643,1,118219,2,0.212154853,0
51,30931,316,0,259398,1,0.65271981,0
49,147156,595,2,219589,0,0.578387183,0
46,93169,501,2,128089,2,0.57992125,0
38,149457,493,2,317144,4,0.753006311,0
52,70639,448,0,338638,4,0.463004164,0
42,142536,674,2,478457,1,0.896812898,0
58,123313,334,1,363316,1,0.86187107,0
37,78901,668,2,199099,4,0.209073237,1
43,120417,328,1,195067,2,0.827019938,0
44,21044,520,2,310020,2,0.676384755,0
28,66691,352,2,123217,2,0.551463236,0
26,120735,652,0,449286,0,0.607923232,0
25,44363,691,2,357832,0,0.789300154,0
49,66694,375,2,371209,2,0.865726174,0
48,21582,793,0,71224,4,0.592233537,0
31,99910,821,1,30365,1,0.326904013,1
21,86844,416,2,34663,3,0.647827789,0
39,41301,579,2,463652,1,0.253353278,0
29,94329,474,1,371754,1,0.644597116,0
47,21620,594,0,108376,3,0.766028262,0
54,82224,750,2,88275,2,0.447332006,1
24,76655,817,0,390373,1,0.249829097,1
56,115419,320,1,461427,3,0.68455829,0
38,57534,372,1,146981,4,0.437530125,0
35,140050,335,0,65883,4,0.374367656,0
33,123496,806,1,279857,4,0.682427231,0
39,59390,532,1,148686,2,0.878710528,0
26,91629,796,2,365241,1,0.721725664,0
32,75856,505,0,25734,1,0.543945028,0
57,69252,725,2,428925,0,0.620357506,0
37,75809,343,0,421101,4,0.299595236,0
43,42259,390,2,76622,2,0.7692493,0
46,40655,769,1,83267,3,0.623006507,0
49,53005,766,0,484344,2,0.876081279,0
53,51629,753,0,411557,1,0.885638358,0
47,43610,632,0,44435,4,0.448210685,0
45,77184,806,0,17976,0,0.891982155,0
30,41602,769,1,87910,2,0.86978347,0
43,105945,320,1,476085,0,0.647882375,0
41,31110,527,1,403506,1,0.4334251,0
41,26073,675,2,135177,3,0.727338155,0
33,120846,429,1,50812,2,0.389866062,0
57,100818,713,2,448744,1,0.640890728,0
53,30195,370,2,456786,4,0.21720713,0
44,21537,703,1,378985,2,0.640007958,0
31,37138,696,1,192471,0,0.866125799,0
37,64328,636,1,446653,2,0.36460013,0
24,145138,804,2,225194,1,0.744725641,0
45,66202,575,0,325051,1,0.405396485,0
50,60164,312,1,125992,0,0.695494824,0
29,146545,302,2,349020,1,0.689980659,0
41,109743,523,2,446939,2,0.329316419,0
40,74659,474,1,302799,0,0.617989537,0
39,106155,684,2,250170,1,0.801418267,0
39,69692,540,1,454049,1,0.467773149,0
32,140198,846,2,216168,2,0.697193866,0
57,44845,313,0,291141,1,0.672101025,0
37,109846,494,2,71876,2,0.380259801,1
57,123435,696,1,115233,4,0.843050492,0
59,50562,730,0,127660,2,0.594458459,1
48,48036,605,1,162085,3,0.44870486,0
55,80752,633,2,37862,1,0.315050863,0
38,94233,709,0,57448,4,0.531420847,1
34,103049,302,0,486034,0,0.711079407,0
55,128575,751,2,443824,3,0.636548189,0
27,88681,794,0,351756,0,0.708936792,0
33,47818,716,0,123849,3,0.754232527,0
38,50544,690,0,381204,4,0.508703337,1
57,82532,672,1,176966,4,0.564116329,1
33,98636,351,1,483417,4,0.890495478,0
56,77705,675,0,186721,3,0.877635977,0
51,40104,694,2,67104,2,0.490371987,1
22,144336,441,2,212531,0,0.679625667,0
36,147904,385,1,44821,2,0.387313125,0
29,89603,763,2,184012,2,0.306888282,1
29,122499,345,0,147007,1,0.737880856,0
58,79025,537,2,487793,0,0.505325979,0
31,116264,309,1,17467,3,0.323936963,0
42,52317,829,1,409289,1,0.731193546,0
53,51416,477,0,12691,1,0.840619252,0
56,62012,305,1,444754,4,0.85329145,0
43,125585,606,1,135115,3,0.617433596,0
54,88045,847,1,160562,2,0.53574879,1
29,41400,626,2,282832,2,0.29930661,0
44,68270,655,1,103505,2,0.754952863,0
28,92069,694,2,55650,4,0.861726206,0
27,139415,599,1,149901,2,0.82262229,0
56,69833,825,1,139158,0,0.726248418,0
38,83644,584,2,245681,2,0.203198204,0
23,100206,629,2,7590,2,0.485425612,0
48,89468,349,0,438109,0,0.48749992,0
26,132899,677,0,78396,4,0.826057763,0
41,79473,837,2,396941,1,0.245955502,1
48,65809,443,1,436392,3,0.571855809,0
21,58328,359,0,72484,4,0.295294083,0
56,56784,374,2,393628,2,0.66360574,1
41,43723,302,2,107267,1,0.754578842,0
55,80646,747,1,235069,3,0.649371448,0
33,86255,574,2,424511,3,0.756209599,0
30,20074,829,0,43131,3,0.625247408,0
30,144173,514,1,180965,0,0.332887377,0
33,46498,784,2,279068,0,0.467864463,1
57,85522,628,2,109191,1,0.869808171,0
58,116881,554,1,409067,2,0.401722439,0
44,40541,686,1,274878,1,0.244003669,0
22,65929,425,1,178753,2,0.469380982,0
42,143199,849,0,250567,4,0.456414983,1
37,120453,623,0,125405,3,0.529216171,0
56,46028,503,2,10293,3,0.592212395,0
34,49545,471,2,320347,0,0.894696287,0
30,99569,516,1,412036,4,0.72936376,0
55,51673,544,2,334971,4,0.225123535,0
45,50974,635,2,445379,2,0.69889863,0
23,78899,597,1,148463,4,0.776962224,0
58,43097,481,0,237074,0,0.826941517,0
37,122511,633,0,245942,2,0.496804272,0
32,113144,810,0,264742,1,0.419537898,1
44,84824,682,2,309114,2,0.787527355,0
49,43525,498,1,182895,1,0.744330787,0
45,77804,631,0,297940,2,0.575229715,0
56,35043,464,2,104345,3,0.282517949,0
46,61846,541,1,383389,1,0.656232937,0
58,97261,526,0,88127,0,0.245967297,0
21,122240,750,0,244248,1,0.270256763,1
40,127611,495,1,41389,1,0.431798167,0
48,70227,503,2,270496,2,0.459822848,0
36,73028,757,2,389287,3,0.523381827,1
37,57383,556,0,481814,2,0.437400071,0
48,49483,828,1,164244,2,0.223651709,1
32,27265,571,2,147009,3,0.310190979,0
47,42763,308,1,98657,2,0.280578376,0
50,95652,500,1,478354,3,0.501828519,0
54,35733,358,0,374420,0,0.348490249,0
57,132196,692,1,355816,3,0.405481705,1
26,111038,418,1,202553,4,0.530097224,0
27,57420,698,1,483564,3,0.364893302,1
52,141480,630,2,209581,3,0.372150373,0
52,128777,566,0,421768,4,0.783200924,0
45,29247,819,0,412334,3,0.583660808,0
53,43840,779,1,16290,1,0.799731616,0
27,85149,433,1,292267,2,0.560168141,0
32,41058,654,2,217991,2,0.836484963,0
36,135229,797,0,457767,0,0.37831945,1
36,54929,406,2,57136,0,0.631669023,0
56,104171,589,0,462102,4,0.552262242,0
33,111164,446,2,122278,1,0.843083649,0
27,51362,626,1,474118,0,0.492935705,0
56,106489,714,2,465549,2,0.798376669,1
29,104664,509,1,490208,0,0.594732835,0
52,67356,595,0,442232,0,0.695980066,0
31,97597,697,0,419643,3,0.820825165,0
28,147880,402,1,7257,0,0.89783449,0
53,26041,807,0,72733,4,0.711797691,0
43,98209,508,2,144294,2,0.420165367,0
45,147037,727,1,161259,4,0.409308395,1
28,81954,692,0,215760,4,0.416372677,1
42,81869,408,2,418997,1,0.268535824,0
24,41059,647,2,130890,3,0.237519224,0
23,119864,349,0,499432,4,0.606590013,0
49,64722,404,0,393826,1,0.767411969,0
49,37548,719,2,409220,2,0.225294178,0
54,35078,672,1,374322,2,0.596644007,0
54,25419,326,0,324744,1,0.460232785,0
48,55490,572,0,161587,4,0.824739642,0
33,96086,639,1,85952,4,0.30177085,0
35,135158,600,1,469904,3,0.594402404,0
43,78760,779,0,470924,3,0.879644495,0
46,50337,843,1,401401,2,0.441523077,1
24,21468,564,2,95888,3,0.719243838,0
46,44309,841,2,253492,1,0.817715809,0
29,86344,465,2,128611,2,0.330347394,1
25,110283,615,0,59476,4,0.894769026,0
52,92255,300,1,363423,2,0.766570666,0
40,147006,560,2,429428,0,0.296294981,0
31,101899,362,1,97154,2,0.41761929,0
35,48718,782,2,472913,3,0.637479027,0
52,114337,620,1,127537,1,0.819442434,0
48,128895,500,2,184605,4,0.336384866,0
42,57841,521,2,219075,4,0.711843908,0
37,93548,451,2,354269,3,0.389453609,0
46,103565,761,2,173702,3,0.763791515,0
27,66660,516,2,466822,3,0.678409419,0
46,126553,495,2,246316,0,0.566036324,0
45,70281,501,2,341243,1,0.654906174,0
30,133451,533,2,489006,0,0.813511672,0
39,136041,440,2,249307,3,0.470498102,0
31,20767,797,1,133969,1,0.738475126,0
33,23895,356,1,414801,3,0.311233804,0
28,78026,803,0,100833,1,0.690829896,0
24,138142,441,2,316384,4,0.725460154,0
51,62968,838,1,281916,0,0.510098388,1
48,60097,405,1,216063,3,0.755535474,0
31,35332,464,1,470051,3,0.589972356,0
21,34621,514,1,211796,2,0.855392078,0
58,96870,370,1,378134,4,0.278726505,0
44,38174,389,1,117315,3,0.291574998,0
51,144357,527,0,488515,0,0.789699209,0
46,119189,378,1,365197,4,0.789652892,0
25,60502,648,0,354235,3,0.529857326,1
40,56674,545,0,230931,0,0.874773547,0
31,57260,571,2,154010,2,0.675572523,0
53,62498,702,2,158055,2,0.887997273,0
58,87609,415,2,148946,0,0.572676777,0
47,69464,734,1,95341,4,0.341129341,1
54,91805,829,2,65896,0,0.511075189,1
35,84919,741,1,444425,0,0.886340789,0
52,148564,471,1,37822,2,0.459289767,0
41,74469,315,2,156822,2,0.869911503,0
25,37194,355,2,369479,2,0.757914943,0
26,46811,402,0,440299,3,0.509474429,0
58,92377,583,0,122828,3,0.579309722,0
42,145737,816,1,389910,1,0.625207354,0
38,63723,577,1,164018,3,0.666036259,0
34,120336,568,2,137624,4,0.253689452,0
30,95235,699,2,493801,4,0.853511637,0
33,131041,802,0,340475,2,0.617899799,0
51,96298,385,2,141343,0,0.851804454,0
50,79238,619,1,347345,2,0.64232893,0
23,148353,331,2,332795,0,0.501710842,0
50,125433,635,0,369061,2,0.596849608,0
26,137393,350,1,165066,2,0.780652292,0
49,127092,378,0,294330,4,0.428288082,0
28,22147,473,0,35267,0,0.86952204,0
53,118919,800,1,306284,1,0.526168638,1
37,119251,375,0,250506,1,0.869365901,0
31,58445,615,2,423151,2,0.81652963,0
33,73803,672,2,298892,2,0.737363369,0
31,147253,380,0,95139,4,0.52720646,1
51,81108,370,2,402053,0,0.610861601,0
48,126170,370,0,69875,2,0.786620589,0
26,22013,345,2,198766,1,0.580839061,0
36,105617,346,0,407826,0,0.716732704,0
24,102410,721,2,33615,2,0.753461336,0
55,73502,448,1,212716,0,0.559166672,0
46,137116,429,1,371279,4,0.575373263,0
32,57755,755,2,420563,1,0.338484302,1
31,28733,804,0,39062,0,0.371317424,0
57,29479,543,2,322266,1,0.833460228,0
45,95361,773,0,184503,2,0.788230729,0
38,41304,681,2,78086,3,0.207085791,1
39,55694,402,2,295349,0,0.80857131,0
43,144232,788,1,285603,1,0.21766442,1
58,125586,336,0,248206,0,0.520796282,0
38,101171,848,0,247407,2,0.247202908,1
46,134151,819,0,421966,2,0.878176197,0
26,106296,632,0,246245,1,0.880623479,0
24,29490,696,0,294873,4,0.627609659,0
49,41252,595,1,255967,0,0.474543438,0
54,125290,406,2,305729,0,0.558394925,0
37,26862,829,0,88698,2,0.733609524,0
36,130463,382,0,50635,0,0.356235072,0
22,89959,587,2,180926,1,0.509205744,0
54,30450,760,1,212298,3,0.716088083,0
28,76022,514,1,34104,2,0.476774734,0
33,147898,580,1,480509,3,0.222397565,0
28,81991,758,2,281914,0,0.555176093,1
50,60927,643,2,264258,4,0.716187814,0
52,120377,493,1,395894,1,0.883771486,0
56,108090,457,1,248705,0,0.225932307,0
50,69853,764,2,389389,1,0.577944422,1
21,51826,403,1,474209,0,0.514957063,0
59,62879,333,0,391155,0,0.369714153,0
37,77265,401,2,154029,0,0.646433904,0
40,92361,624,1,60178,2,0.314535745,0
44,128956,440,0,362299,3,0.398705337,0
42,97990,773,2,25828,4,0.747230173,0
49,109787,330,2,284315,3,0.522288218,0
42,106184,362,0,235921,3,0.895569453,0
29,60736,386,2,459681,1,0.470522521,0
57,44530,603,1,411362,2,0.524282746,0
30,98052,360,2,390393,2,0.410180433,0
56,67058,695,1,182338,0,0.365405524,1
57,126080,633,0,264595,3,0.845596988,0
48,94094,710,0,182011,4,0.724178648,0
48,94255,583,2,19202,1,0.433381773,0
41,24886,765,0,173214,2,0.690109193,0
44,146598,379,0,462044,0,0.876048625,0
22,113721,376,2,92367,4,0.251833576,0
28,138623,839,1,64046,3,0.385153083,1
47,57387,660,2,276993,4,0.340404984,1
42,41575,376,2,457488,2,0.808848215,0
57,132260,808,1,156511,1,0.325433231,1
47,128649,463,1,218598,3,0.415653197,0
49,59643,308,1,346016,1,0.580702541,0
23,30100,474,2,40344,4,0.634766049,0
33,80356,761,1,486705,4,0.765728634,0
30,27856,606,0,189348,0,0.485126273,0
56,58169,544,1,403267,3,0.573971306,1
29,48804,421,0,447690,4,0.875823453,0
47,149557,484,1,80604,2,0.408153216,0
54,55790,331,0,265408,2,0.373665948,0
21,50988,609,0,415183,1,0.697419434,0
52,129979,671,0,419989,2,0.73979539,0
45,96448,355,0,245377,4,0.490345232,0
49,58506,572,0,363694,2,0.349085243,0
27,133430,763,1,79383,3,0.745245859,0
23,107904,755,2,206489,1,0.669345027,0
40,87306,548,2,46182,3,0.813359461,0
40,32305,377,2,383954,4,0.791028525,0
50,29969,833,2,199661,4,0.343636629,0
55,32404,407,2,471451,2,0.782637426,0
55,28989,572,0,29180,0,0.322621619,0
59,85305,314,1,250421,0,0.804592733,0
47,55983,669,0,462588,4,0.739224654,0
46,130284,603,1,56372,4,0.598902752,0
34,59462,504,1,108427,1,0.649555173,0
37,39360,412,1,74086,4,0.27285549,0
38,105657,552,1,289307,4,0.227919627,0
49,46287,740,2,245010,1,0.431452719,1
40,85472,485,1,199161,3,0.774984068,0
47,135440,526,1,386760,3,0.526049901,0
38,128965,827,2,231283,1,0.356375821,1
24,81313,653,0,246553,1,0.78418423,0
21,54160,300,0,37934,3,0.360039081,0
21,26789,719,0,60595,3,0.770845606,0
46,47181,460,0,31592,3,0.517085672,0
40,34385,460,1,242685,3,0.524446421,1
43,102597,427,2,28039,2,0.390903727,0
30,85641,450,2,462315,1,0.830121815,0
31,64247,743,0,375449,0,0.262149693,1
25,106673,770,2,356406,2,0.301084411,1
21,120250,762,1,236582,0,0.645119338,1
37,25544,329,0,395527,0,0.795080686,0
42,135783,772,1,39018,4,0.266815875,1
54,33275,379,1,320302,1,0.713626575,0
49,125289,338,1,262061,2,0.719758073,0
24,83248,539,1,402774,1,0.607065911,0
25,54550,636,1,299318,3,0.540709634,0
31,73693,579,0,363085,1,0.424761432,0
41,148924,415,1,178703,0,0.446023255,0
55,39641,568,0,465903,3,0.672103431,0
32,91749,634,2,370525,1,0.245701104,0
46,144877,611,1,151624,1,0.609454491,0
39,100021,352,1,433281,0,0.395112535,0
27,35605,367,2,112532,3,0.526624138,0
27,123173,333,0,400830,0,0.591285733,0
46,70713,685,1,301791,1,0.819961541,0
25,40390,548,2,62940,2,0.605352422,0
41,95403,410,2,136692,2,0.3590117,1
34,78466,393,1,159154,4,0.255621617,0
24,23981,709,0,157963,2,0.63889188,0
43,29493,478,0,111566,3,0.581533877,0
40,91218,346,1,329539,4,0.670258528,0
35,91318,675,2,55955,3,0.521577605,1
49,135631,501,1,299458,2,0.777588093,0
28,139238,744,0,421716,2,0.844125778,0
39,115335,596,2,58685,1,0.228003096,0
59,127441,607,1,128947,3,0.720860575,0
48,36984,792,2,331927,0,0.224612381,0
47,145580,637,0,105229,1,0.511567681,0
24,131316,365,0,317333,3,0.523122252,0
35,42760,721,0,360698,4,0.687352878,0
55,111529,839,1,24567,3,0.446682309,1
57,21524,792,2,424194,4,0.774630937,0
21,138454,616,1,343233,4,0.440004841,0
23,69402,374,1,145702,2,0.439762522,0
44,111656,358,1,410219,0,0.355932467,0
47,85614,685,1,308588,3,0.678708298,0
56,55891,314,2,91184,0,0.253611059,1
54,111009,530,2,167679,4,0.45413856,0
49,59832,498,1,291965,2,0.386823522,0
44,65836,653,1,19601,0,0.360534945,1
44,93953,334,0,181976,1,0.242688322,0
24,33362,461,0,117882,4,0.333268181,0
23,86745,770,2,338801,1,0.512371087,1
54,57921,830,0,174629,0,0.552619019,1
43,90434,722,2,188595,0,0.388653272,1
43,147717,647,2,348990,0,0.655170456,0
25,38562,446,2,317646,3,0.435055336,0
51,84510,673,0,128409,4,0.457072087,1
26,96407,715,0,27098,4,0.747837034,0
57,27610,793,2,181974,4,0.586376705,0
30,129381,555,2,123502,3,0.867222396,0
27,112918,402,1,225139,0,0.451510841,0
59,35791,420,2,175325,0,0.779488347,0
58,78047,718,2,342660,1,0.716836275,1
41,120848,649,1,260654,3,0.823132249,0
40,123826,341,2,49280,2,0.869753961,0
23,87906,666,2,276095,3,0.205373563,1
42,39665,328,2,13117,1,0.261808424,0
24,90246,313,1,30979,1,0.672037175,0
48,85864,784,0,472741,1,0.473139902,1
32,66451,488,2,21915,0,0.773387571,0
58,123883,594,1,326405,2,0.208385881,0
56,106148,482,2,493287,1,0.764884182,0
25,65890,847,1,233732,4,0.294669399,1
33,26794,336,2,123825,0,0.403174331,0
43,52888,313,1,245984,2,0.87835474,0
50,26749,458,0,366046,4,0.236118679,0
57,66531,793,0,340108,2,0.444328429,1
45,135652,628,0,488633,2,0.259170143,0
47,40608,382,2,468656,4,0.797523084,0
34,100986,321,1,302821,3,0.692111286,0
56,89211,431,2,316974,2,0.760236171,0
59,140382,764,2,450752,3,0.569095658,1
36,103996,755,1,13922,2,0.450404014,1
42,76017,601,2,101696,4,0.201591534,0
41,123947,566,1,72561,2,0.394549118,0
41,77676,694,1,280364,1,0.560187483,1
28,31560,419,0,444174,1,0.665053426,0
36,74401,545,0,58380,2,0.360256195,1
51,70468,337,0,400982,4,0.297230592,0
30,135884,544,1,220090,4,0.341130403,0
52,52463,320,0,126449,0,0.447853236,0
54,51663,409,1,431375,4,0.303864804,1
29,133687,693,2,278079,3,0.309772134,1
37,88706,709,0,270928,2,0.23062619,1
31,78773,307,1,486802,1,0.799707636,0
52,53123,743,1,156293,4,0.353831037,1
30,114346,627,1,427395,1,0.775331707,0
42,29718,589,1,23069,0,0.50681657,0
37,146777,810,0,388329,2,0.64270647,1
24,82637,660,0,40682,4,0.252991495,1
45,20028,518,0,454484,1,0.608506349,1
41,82370,705,1,489746,4,0.402996782,1
57,67599,519,2,378691,0,0.266646967,0
58,37397,406,1,99303,1,0.835762747,0
21,129198,585,2,394225,1,0.62253963,0
45,127323,307,0,344962,2,0.369195339,0
56,65406,488,1,418326,2,0.493753608,0
37,67657,380,1,378413,1,0.449830094,0
44,87560,407,0,167304,2,0.690405766,0
22,143178,620,1,311417,1,0.625203223,0
35,124143,645,2,468703,3,0.213847523,0
52,144745,627,2,60210,4,0.338478893,0
59,146896,601,2,340335,3,0.534689581,0
26,33503,499,1,296605,3,0.511840055,1
21,74943,718,1,271754,4,0.561672417,1
43,95839,338,2,324117,1,0.700367583,0
59,102674,606,1,495369,1,0.677406299,0
37,45345,303,2,481220,2,0.460969395,0
54,138423,376,0,143655,0,0.81430714,0
49,70390,767,2,30583,1,0.244052799,1
29,115041,478,0,153773,4,0.609156927,0
33,79557,575,0,274024,0,0.864779845,0
26,85054,451,0,498869,4,0.584357006,0
26,21906,463,2,94257,4,0.518574411,0
40,60167,589,2,450061,4,0.293742312,0
23,27961,677,1,241584,0,0.767132367,0
37,46140,609,1,228462,3,0.461656423,0
32,144098,688,0,117024,4,0.690872137,0
21,139289,482,2,339561,2,0.338282816,0
37,78701,605,1,8722,1,0.229304242,0
23,97567,371,1,25077,1,0.413827217,0
46,100664,518,1,85868,1,0.396989703,0
35,101199,472,2,255152,0,0.811432677,0
56,149856,571,1,132430,2,0.805271645,0
52,119764,767,0,241600,2,0.573725956,1
52,101218,568,2,280373,2,0.213299262,0
24,142357,319,1,340482,2,0.359827264,0
38,100729,802,1,197751,2,0.647308816,0
39,48561,446,2,485853,3,0.270985881,0
55,70568,728,1,409655,2,0.690435585,0
34,129349,464,1,434118,2,0.208373584,0
53,93302,609,0,7598,0,0.677775743,0
34,115380,817,2,97297,0,0.79117747,0
54,114968,313,1,402268,2,0.528452404,0
24,49504,431,2,17741,3,0.780356693,0
44,136116,738,2,74360,2,0.747069413,0
49,57146,562,0,303432,2,0.669993405,0
39,60297,524,0,137321,2,0.511604497,0
26,106394,557,2,159042,4,0.390332831,0
53,147173,533,0,20565,3,0.802604774,0
39,145942,635,0,324139,1,0.654013266,0
21,88607,708,1,220066,2,0.758611785,0
25,36939,323,0,56656,1,0.586376849,0
47,110467,570,0,460350,3,0.320306504,0
36,70715,394,1,50765,2,0.885606558,0
26,64460,441,1,138086,1,0.327917126,0
33,86576,380,2,206552,1,0.837869051,0
55,88222,573,0,235324,3,0.345697052,0
39,32666,575,1,119794,2,0.461624609,0
32,82119,764,0,113987,4,0.508058411,1
36,55321,507,2,412228,3,0.844963193,0
30,21779,595,0,265131,4,0.821739,1
45,33186,338,0,239068,2,0.776254685,0
40,36459,587,0,324642,1,0.463672603,0
51,106246,423,1,335920,3,0.203145273,0
24,107755,582,1,128675,3,0.677108324,0
43,25057,479,2,66711,3,0.487667684,0
22,80663,396,0,47530,0,0.729940735,0
42,38733,490,2,215339,2,0.756396432,0
57,39157,373,2,416234,0,0.507806382,0
28,55030,746,1,133236,3,0.723671796,0
27,39613,796,0,285060,3,0.787956096,0
34,128612,783,0,45376,4,0.849933292,0
23,135080,415,2,491356,0,0.607718733,0
36,103028,834,0,377857,1,0.744935138,0
39,106282,397,1,121128,2,0.546195409,0
38,25188,627,2,201118,1,0.2291641,0
36,127106,706,2,194814,1,0.308654999,0
28,148346,612,1,90566,2,0.289757156,0
53,49680,447,1,344269,3,0.320235913,0
32,123361,641,1,92519,4,0.207148925,0
31,80119,794,1,17437,3,0.801094776,0
25,122302,322,1,67146,3,0.592104524,0
47,94400,404,1,32618,0,0.468205002,0
32,75718,521,2,186839,1,0.48684521,0
37,56445,314,0,14705,1,0.524345766,0
26,25796,377,0,193218,1,0.25171845,0
53,67218,621,2,224288,4,0.392265788,0
25,59131,540,0,348056,4,0.796138506,0
48,28123,317,0,318894,4,0.720572665,0
34,28222,753,2,489172,2,0.594383877,0
25,44074,742,0,49379,4,0.536492789,1
53,131958,576,0,57682,0,0.381281229,0
39,136088,723,2,200785,0,0.529878479,1
42,49825,775,0,110894,3,0.618498693,0
25,56839,326,1,192991,3,0.698846566,0
22,127112,813,2,65384,3,0.316648131,0
50,147514,763,0,135512,3,0.769177188,0
59,88322,662,0,318272,0,0.442067894,1
24,76321,682,1,400051,3,0.552280658,1
53,119174,824,2,26283,0,0.625533022,0
33,122500,681,2,54506,4,0.541666609,0
40,130100,483,0,244173,4,0.600369833,0
27,45988,493,1,189697,2,0.278066425,0
35,55507,761,1,172035,3,0.502508819,1
43,119244,355,1,392151,4,0.39632723,0
34,118644,529,1,248244,4,0.260218308,0
43,145788,788,1,145251,1,0.334154458,1
39,115251,327,1,361584,1,0.621711196,0
49,43806,483,2,373793,0,0.337680482,0
40,56901,724,0,497426,2,0.326744807,1
49,37043,674,0,16955,1,0.586981303,0
44,95761,340,1,250144,2,0.833291755,0
38,29752,783,2,405414,4,0.752084995,0
30,88993,559,2,465372,0,0.833562377,0
28,62616,740,1,311732,2,0.608086142,0
46,72127,383,0,409982,1,0.486950692,0
49,94777,345,1,101626,4,0.710748956,0
30,20453,739,2,189642,3,0.38295482,0
37,95432,818,1,337018,4,0.254637771,1
22,142872,737,0,184751,1,0.441230355,1
26,107362,435,0,382261,1,0.409465688,0
25,30976,482,2,403517,3,0.672877249,0
48,134176,471,1,151216,4,0.585953875,0
25,119122,838,1,412000,2,0.296784089,1
38,90404,419,2,72959,2,0.835952926,0
46,101932,580,1,13272,4,0.615337258,0
40,117170,607,2,137645,2,0.520378958,0
47,97707,576,1,29419,4,0.856036449,0
32,109647,829,0,218411,4,0.268111294,1
27,53688,594,2,496986,1,0.752715057,0
23,106840,352,1,53555,0,0.455265854,0
30,137106,731,1,141248,1,0.686772826,0
54,127810,351,1,172233,2,0.851507799,0
45,124779,371,2,199512,0,0.562399156,0
55,113789,327,0,244133,4,0.215847176,0
36,116516,768,1,194934,2,0.220193761,1
22,22017,846,2,127082,3,0.431392573,0
44,27957,700,1,151236,2,0.747160754,0
30,134534,500,0,475974,0,0.40178294,0
58,127724,765,0,30379,0,0.434128021,1
42,24792,678,0,227261,4,0.749122499,0
46,75982,476,2,481768,3,0.281332422,0
59,33237,351,1,285512,4,0.792769073,0
47,71586,378,2,225113,3,0.386054761,0
49,101787,684,1,430987,3,0.23585615,1
58,39252,307,2,463166,4,0.282139894,0
40,30707,513,1,176317,2,0.866788421,0
47,54206,324,2,109302,1,0.515926769,0
40,114276,749,1,103906,3,0.379506674,1
39,23543,756,2,471008,0,0.564889665,1
40,64135,760,0,48327,4,0.677642657,0
55,136469,497,2,182526,2,0.423158886,0
22,133824,393,0,360931,3,0.707689842,0
50,124647,736,0,182813,2,0.376576436,1
54,55031,826,1,36977,4,0.278636062,1
42,62929,677,0,496416,0,0.584795754,1
23,85747,403,0,266456,3,0.305783073,0
26,77851,338,1,11714,3,0.858339415,0
35,75311,757,2,111680,2,0.20031432,1
47,132113,663,2,344381,4,0.72898727,0
30,125331,434,0,413107,1,0.395631243,0
29,85867,673,2,499771,3,0.792260803,0
53,108780,531,0,57299,0,0.242105619,1
52,77196,338,2,463383,3,0.867100419,0
26,93705,346,2,332268,3,0.270976419,0
56,77894,335,2,360196,1,0.751517929,0
22,107640,394,0,456855,1,0.56213955,0
49,127437,660,1,308056,4,0.501276354,1
24,34591,824,2,381886,3,0.39610905,0
21,117247,445,2,473668,3,0.788958675,0
39,68893,667,2,73446,2,0.339825978,1
46,20727,364,0,219862,2,0.704868892,0
45,41359,527,1,66516,0,0.512054156,0
30,63822,819,0,130223,0,0.898946505,0
35,121547,480,2,442466,2,0.627979314,0
42,135336,800,0,172188,0,0.272932723,1
41,123399,454,2,88521,3,0.493664832,0
42,132113,834,2,420367,1,0.246409286,1
56,108534,734,0,392817,3,0.399958944,1
54,30929,398,2,76366,2,0.440321756,0
50,148588,671,2,180369,4,0.797223626,0
45,80091,661,1,45888,4,0.786591234,0
48,100378,411,0,323339,2,0.208090054,0
21,43519,752,0,351154,3,0.572595031,1
24,37393,468,2,207088,0,0.356480629,0
27,54318,438,2,211051,0,0.424065169,0
29,94531,530,0,190406,4,0.2151559,0
56,114192,538,0,103474,2,0.724822106,0
39,67934,552,0,134986,2,0.865412843,0
21,125796,735,2,73345,1,0.353486928,1
30,130805,721,1,437977,4,0.439241007,1
56,101103,602,1,127617,2,0.344503796,0
29,48840,371,2,163002,1,0.851034065,1
52,138089,562,2,64117,0,0.206549178,0
52,109367,521,2,290239,4,0.608703597,0
26,33265,376,0,213554,4,0.809534773,0
58,25424,361,2,8991,2,0.330415022,0
37,40625,770,0,28519,2,0.612996704,0
30,99622,456,1,293801,3,0.235453673,0
47,49187,424,2,267970,0,0.770209593,1
55,55929,460,2,178697,0,0.392100386,0
41,81892,840,0,349193,1,0.892127392,0
45,40539,834,0,22801,1,0.845406734,0
48,76630,405,0,428062,3,0.712761179,1
35,110639,430,1,44566,0,0.547789849,0
24,113410,656,1,159229,1,0.736612378,0
49,29215,301,2,164435,0,0.291426333,0
29,59385,532,2,448775,0,0.417139748,0
47,107580,668,0,397938,1,0.218827472,1
46,97462,550,1,403352,2,0.651517249,0
39,133396,407,2,194009,2,0.763876347,0
48,117037,575,0,22421,1,0.862399887,0
37,115310,479,0,261080,3,0.68055503,0
40,45008,592,1,262230,4,0.712463868,0
59,68928,474,1,83027,0,0.826819045,0
43,103096,422,2,12546,4,0.85546462,1
52,109876,526,2,338583,1,0.543908285,0
53,44976,743,0,182695,0,0.276851173,1
25,133942,727,0,283550,4,0.526492117,1
54,144984,382,0,478701,2,0.589251704,0
31,47626,364,2,397353,3,0.64208134,0
23,118256,580,1,276969,4,0.89249919,0
53,120537,690,2,470039,3,0.842294251,0
31,79789,727,1,246569,2,0.477454942,1
36,24700,406,2,301317,4,0.27941758,0
38,129331,847,2,266536,1,0.350354119,1
50,83645,561,1,322763,0,0.321659736,0
30,140594,458,2,350258,2,0.449208909,0
38,93396,564,2,374215,3,0.813542499,0
58,27526,767,0,406139,3,0.506577954,0
39,123863,501,1,301518,2,0.59709416,0
56,59500,454,1,459929,1,0.325416812,0
33,88049,312,0,177483,1,0.544993797,0
23,93366,596,1,331512,3,0.811539405,0
30,100317,797,0,275460,2,0.741424284,0
58,79117,544,1,277700,2,0.256833501,0
21,76096,599,1,408274,0,0.803450588,0
47,27910,661,1,109554,3,0.391679668,0
28,101383,653,1,236059,1,0.666001375,0
37,91185,820,0,423698,4,0.302468034,0
29,70248,685,0,49494,1,0.672251059,0
26,94656,611,1,423221,1,0.224991,0
45,21951,713,2,351815,4,0.620451291,0
59,85212,577,0,487640,3,0.65215812,0
48,95701,655,1,37481,0,0.3711477,1
53,99888,824,0,33401,1,0.855883263,0
57,95282,315,2,45431,1,0.232180671,0
29,129274,344,2,331603,3,0.824196529,0
38,114533,620,2,357617,3,0.467328241,0
41,61954,625,1,128311,2,0.699740319,0
22,109719,447,1,253482,3,0.656083899,0
58,28804,654,2,125327,3,0.317772351,0
56,112705,535,0,214754,1,0.423299493,0
57,20595,404,0,493853,0,0.570771437,0
35,49592,773,2,475005,1,0.792557189,0
48,60643,695,1,446720,3,0.868402053,0
38,143721,745,0,401439,2,0.214410643,1
54,82665,519,0,469193,0,0.446790779,0
42,40823,741,0,244198,2,0.667700747,0
31,25972,327,1,45149,4,0.569410603,0
33,35882,774,2,17863,2,0.860115481,0
24,86394,604,1,370632,2,0.211878604,0
42,91055,704,0,165636,3,0.506417579,1
27,43769,812,2,480405,3,0.668162693,0
44,45020,801,1,225696,3,0.3523086,1
24,62748,647,2,27499,3,0.70810997,0
48,122621,539,0,243691,3,0.25686004,0
35,105374,636,1,262128,2,0.515726971,0
21,64912,325,2,356362,4,0.673364469,0
23,32879,708,1,37132,3,0.38672999,1
34,53798,376,0,131272,4,0.251692492,0
58,127791,516,2,140605,4,0.869915127,0
21,109826,627,0,219034,1,0.83967612,0
58,66073,322,2,347240,1,0.848458938,0
58,95791,609,0,432625,0,0.884951668,0
41,86983,566,0,479677,1,0.329288638,0
49,63005,714,1,266085,3,0.310443198,1
25,114731,566,0,421203,4,0.22395021,0
30,22850,632,1,15633,0,0.824275951,0
48,48400,749,0,499817,1,0.726933989,0
41,144948,546,0,454423,2,0.643283688,0
27,31953,335,0,186607,0,0.849373311,0
23,126410,700,2,493877,3,0.60255363,0
40,145155,327,1,271140,4,0.290811527,0
39,43535,519,2,136086,3,0.323805132,0
55,95536,705,1,478647,3,0.292528751,1
24,95039,570,0,268818,2,0.415360609,0
25,141640,810,2,436083,2,0.465647783,1
21,101029,585,1,483753,4,0.757787345,0
24,24055,753,0,62251,1,0.333877738,0
32,58170,616,1,191781,3,0.707755607,0
47,145331,596,1,387306,1,0.543859951,0
43,117944,637,0,153936,4,0.899761945,0
45,127585,606,2,293465,3,0.743607723,0
41,119976,727,0,160154,1,0.878267092,0
44,48251,650,2,45131,3,0.439646051,0
45,24532,810,1,207565,2,0.286135135,0
52,24924,824,1,140282,2,0.554127064,0
52,68037,791,1,250152,0,0.286967632,1
25,98082,308,2,256231,4,0.544716193,0
56,112115,796,0,120663,1,0.388958718,1
59,91621,739,2,462802,3,0.543733049,1
36,97926,407,1,350749,0,0.864745343,1
53,98816,544,1,39851,4,0.402323845,0
41,109654,554,0,294009,4,0.895403835,0
29,90400,332,2,350750,4,0.360530629,0
26,127620,322,1,140230,1,0.345675865,0
55,119525,348,2,126497,2,0.581351966,0
59,121164,761,2,324996,0,0.789431457,0
42,112385,635,0,316483,1,0.724652463,0
25,113102,657,0,368230,3,0.706475855,0
43,30702,421,1,287716,1,0.397843059,0
37,126732,743,0,402316,3,0.215761743,1
32,35385,658,2,180541,3,0.313223803,0
43,29336,645,0,348205,4,0.444631311,0
36,85421,492,2,196933,1,0.880178625,0
23,51225,715,1,23456,2,0.843844221,0
50,56021,676,2,322947,3,0.340451211,1
42,23782,762,0,332777,4,0.707935735,0
29,108877,445,0,211091,2,0.6053118,0
49,135454,777,1,41232,1,0.234889855,1
57,137369,707,0,72323,2,0.460193928,1
43,109630,585,1,373211,1,0.540251618,0
33,69111,410,1,420004,3,0.667301886,0
52,109402,349,0,497203,0,0.406433581,0
43,139774,313,2,283236,0,0.85367304,0
37,142652,433,1,268276,3,0.51631534,0
41,104585,642,2,213922,2,0.373970737,0
22,62719,585,0,240253,1,0.421499661,0
57,116528,613,2,224190,0,0.7263198,0
26,69037,596,2,136024,1,0.648199757,0
38,100103,463,2,491532,3,0.719524615,0
50,129987,796,2,262075,2,0.404639278,1
42,145695,315,0,233844,1,0.428794033,0
53,23513,643,0,254596,2,0.477703382,0
50,135183,377,2,280212,0,0.332015099,0
37,33335,645,0,445617,1,0.683731181,0
52,64140,371,0,184598,4,0.43054466,1
34,124126,569,1,457174,0,0.428365357,0
30,100373,586,0,120729,2,0.388555479,0
56,97658,365,2,81593,3,0.516979463,0
54,54840,367,0,60041,4,0.740383255,0
29,51007,492,0,235230,1,0.784926094,0
48,76947,354,0,240114,0,0.763155514,0
31,126833,678,0,330516,1,0.634835504,0
34,138637,467,1,72562,1,0.396299275,0
59,140721,708,2,359243,4,0.714398644,0
39,113220,807,2,69046,4,0.227553359,1
35,46393,836,0,466302,4,0.758706685,0
48,77480,401,0,395232,4,0.746159295,0
44,137243,721,1,363602,3,0.669000779,0
28,108290,777,0,143161,2,0.268547815,1
29,106335,419,1,283767,4,0.898138935,1
53,124263,590,2,316785,0,0.729486435,1
53,29107,787,2,279187,1,0.714364782,0
39,148181,460,1,71572,4,0.244805497,0
23,25993,377,2,462352,0,0.479093589,0
30,116341,337,0,391362,3,0.2603211,0
21,113650,693,0,486268,0,0.452725905,1
49,123325,740,1,91700,0,0.599339888,1
54,144980,839,2,62061,3,0.815210532,0
33,137595,761,2,122957,3,0.398056413,1
21,72066,593,1,273266,1,0.636390257,0
54,131850,699,1,314490,4,0.315256346,1
49,62942,391,2,233394,0,0.4477747,1
33,36138,305,1,381137,2,0.863066233,0
49,138558,570,0,414366,2,0.723348641,0
59,147408,398,2,92630,1,0.582064035,0
44,64527,825,1,82228,2,0.376187759,1
46,29190,493,1,279198,1,0.465793656,0
37,112259,456,1,6767,4,0.309685334,0
27,139773,414,2,9708,1,0.447427035,0
33,98422,695,0,242729,3,0.305442978,1
25,75698,821,0,325143,3,0.756714923,1
46,102315,513,2,57158,3,0.256531363,0
23,113710,832,1,427508,3,0.332583836,1
27,49086,314,2,33082,3,0.683816711,0
59,37322,718,2,39024,3,0.831761699,0
21,128132,667,1,490486,3,0.875214127,0
37,145604,512,2,290605,3,0.785216042,0
45,120814,304,0,10351,3,0.348030243,0
23,139324,530,2,445247,4,0.3999979,0
35,103569,500,1,497269,3,0.809526647,0
49,105610,701,2,349772,1,0.822533075,0
52,148921,448,0,109720,4,0.648457216,0
46,23435,791,2,129501,2,0.419548769,0
36,121505,525,2,437934,0,0.356839664,0
45,73331,468,2,377776,4,0.796597889,0
48,48942,451,2,95577,3,0.343678499,0
29,79635,523,1,131875,4,0.663263045,0
21,49059,803,0,227284,0,0.87756734,0
49,77557,849,0,367161,0,0.693703975,0
42,133457,343,0,148849,3,0.380369219,0
36,72389,803,2,225928,3,0.397754131,1
27,73014,540,0,144380,1,0.265026343,0
34,52826,650,1,48441,0,0.680366243,0
49,50297,322,2,118682,3,0.562904977,0
39,63890,342,2,85865,0,0.34453019,0
39,41322,765,0,18882,1,0.35936781,1
22,55739,339,2,119883,2,0.206317188,0
35,29719,602,2,402930,0,0.884893579,0
23,99553,474,0,227658,1,0.77961273,0
31,28314,831,1,179504,1,0.475918965,0
50,113831,760,1,217361,1,0.862262896,0
38,95164,492,0,362659,4,0.673983957,0
22,127658,543,1,115625,3,0.726023775,0
52,97028,579,1,478382,0,0.67596885,0
28,56113,335,1,130934,4,0.729794182,0
42,137174,839,2,415874,0,0.31965725,1
26,35357,453,2,205317,4,0.593678598,0
32,118865,322,2,234714,3,0.794563393,0
56,40365,390,1,372209,1,0.213679809,0
35,59029,689,2,238651,0,0.286410067,1
48,21737,658,1,263669,1,0.371947867,1
38,94632,849,0,344171,3,0.406308688,1
22,105474,527,1,186880,0,0.327892707,0
33,98218,501,2,44530,2,0.637031273,0
35,144606,649,1,144906,2,0.40581335,0
40,47499,337,2,412574,2,0.310669891,0
49,130027,799,2,408088,3,0.834078328,0
49,130402,342,0,325838,2,0.686524172,0
23,148692,816,0,92193,0,0.372241123,1
39,127430,367,2,128498,2,0.452667543,0
23,66157,422,1,186393,0,0.718549894,0
34,76247,635,0,226435,3,0.753637051,0
24,148411,452,0,209781,1,0.323505316,0
31,61034,461,2,283829,4,0.855603259,1
51,20294,513,1,409549,2,0.749690357,0
52,118072,675,0,121254,4,0.799770106,1
47,44596,742,0,147428,1,0.300701165,1
50,118185,722,1,307728,3,0.300357007,1
22,31434,837,0,187434,3,0.413758191,0
29,78382,529,1,16344,1,0.245252494,0
48,58098,358,2,119491,4,0.263747129,0
51,24655,395,0,49619,2,0.300245009,0
54,103029,561,2,112107,0,0.698700813,0
35,66228,653,1,479547,3,0.221161204,1
45,23771,611,2,231351,1,0.258271347,0
56,94099,435,2,138015,4,0.860928475,0
28,140811,772,2,226257,2,0.258559677,0
29,76799,729,1,196289,4,0.576223659,1
57,82257,836,1,117319,2,0.649801235,0
59,37558,445,1,419237,0,0.87101546,0
52,119468,823,1,275492,0,0.829861903,0
37,78436,386,1,213358,1,0.508477937,0
55,127779,408,0,469137,1,0.859514843,0
57,144891,722,0,152711,2,0.502586112,0
39,143725,644,0,90030,2,0.668943101,0
49,112103,565,2,462782,2,0.38172565,0
27,143400,793,2,178083,2,0.645651168,0
48,52376,632,1,250649,0,0.576732261,0
29,139154,712,1,239408,1,0.62478173,0
48,107458,490,0,371709,1,0.677855841,0
26,97924,441,1,285784,3,0.32141871,0
49,49332,372,2,40402,1,0.410883961,0
37,66737,466,1,70088,1,0.715368971,0
36,109031,467,0,458456,4,0.31467679,0
43,93970,558,1,400107,4,0.440968097,0
51,71952,738,2,164331,3,0.666535084,0
23,40991,410,0,461237,2,0.85635569,0
41,47472,830,1,165059,3,0.252710145,1
46,79946,589,2,188688,3,0.561592559,0
56,125566,809,0,398132,0,0.257333737,1
57,46849,474,0,146755,1,0.465392366,0
42,21541,601,2,459299,0,0.322770553,0
32,149237,484,1,277111,1,0.654606896,0
33,22765,638,1,82664,3,0.730482786,0
31,63074,809,1,438410,1,0.373140245,1
36,122795,609,0,105274,2,0.699021004,0
28,49283,806,0,229903,2,0.512773256,1
22,121387,645,1,484089,3,0.398506021,0
50,140044,380,0,329805,4,0.566381168,0
50,120161,673,0,92738,2,0.465755101,1
32,20769,455,2,208379,3,0.360997378,0
30,37806,731,1,310596,0,0.729791357,0
31,110518,799,1,17857,4,0.758266904,0
35,22972,446,1,429517,2,0.760218569,0
36,38256,780,0,323044,3,0.467499957,0
37,123903,734,0,36460,3,0.318669916,1
46,145574,818,0,91923,0,0.788287897,0
22,38653,368,1,316944,0,0.430484714,0
32,123579,485,0,408048,4,0.723646762,0
46,106669,503,1,445624,2,0.772215393,0
43,59339,312,0,279770,3,0.737706748,0
38,45757,573,1,193944,4,0.472864221,0
52,123376,597,2,482237,4,0.856611709,0
58,62399,350,0,477175,0,0.662113692,0
23,64013,799,1,364083,3,0.603022399,0
58,117605,668,2,101159,1,0.688536371,0
23,34706,656,2,21802,0,0.231308986,1
50,58231,302,0,283477,3,0.473360481,0
21,47909,553,1,302264,4,0.816852008,0
50,125754,774,0,98621,4,0.312755791,1
52,145777,805,2,158231,2,0.490080453,1
48,96631,555,0,422876,1,0.483673594,0
41,77572,449,1,61843,0,0.449229197,0
33,105879,787,2,130179,2,0.59364593,1
47,83767,578,0,170591,2,0.897338635,1
56,46469,358,0,361477,1,0.379094194,0
27,21313,745,0,220649,0,0.693469986,0
42,27847,412,0,49935,0,0.730596498,0
30,70222,788,0,27507,4,0.609148936,0
59,94702,706,2,207132,0,0.268232982,1
35,29930,666,2,351415,2,0.600661448,0
35,23285,359,1,324367,4,0.867425133,0
24,143637,628,0,163747,0,0.439442101,0
52,55863,768,1,380631,1,0.647781688,0
43,36704,362,2,22673,2,0.871578413,0
26,38705,483,0,114619,3,0.758593197,0
44,20555,610,1,40470,1,0.681815411,0
40,41323,837,0,308747,1,0.879804215,0
57,90968,476,0,483041,0,0.319408069,0
40,86922,728,1,429446,4,0.740924152,0
32,73915,372,2,150614,4,0.484785037,0
53,129543,466,1,246635,2,0.452302181,0
48,30619,524,1,328551,0,0.56447076,0
28,92390,308,1,58821,4,0.223625741,0
21,148918,535,0,302834,3,0.418770735,0
57,128500,327,2,11654,0,0.316350846,0
42,134337,326,2,465773,0,0.29708363,0
26,79274,849,0,117259,4,0.436138357,1
41,93173,495,2,221616,1,0.761585051,0
52,41225,502,1,355408,0,0.340777747,0
55,131266,384,2,487914,1,0.571991049,0
35,46739,329,0,294590,2,0.724059336,0
25,67708,765,2,362659,2,0.368680074,1
26,148041,398,0,53484,4,0.846942307,1
45,73019,489,1,49078,2,0.806548532,0
49,96154,311,0,381968,4,0.375824748,0
27,122097,329,2,9225,4,0.892746647,0
33,27373,337,1,391242,1,0.668419766,0
58,55281,593,2,79745,1,0.400270026,0
38,40187,659,0,246268,2,0.676726219,0
22,87863,479,1,479475,1,0.666373789,0
28,117927,411,0,181559,0,0.624335537,0
31,127113,743,2,204748,3,0.698187278,0
53,104085,320,0,16721,0,0.387820983,0
58,137996,444,2,400803,0,0.88528984,0
47,59220,798,2,113878,4,0.80052703,0
40,142755,445,1,44437,3,0.722018947,0
32,27642,740,1,155061,4,0.218413496,0
51,99971,720,0,168798,1,0.613269761,1
47,75556,615,2,206612,1,0.694538792,0
52,53760,465,2,346981,3,0.797869879,1
30,58192,502,1,103215,2,0.862309985,0
23,144257,795,1,491855,1,0.84109717,0
47,24381,767,1,392581,0,0.484231453,0
55,116583,684,1,308312,3,0.827550832,0
51,39558,613,0,462885,3,0.200524166,0
35,50782,554,0,471256,1,0.446032648,0
36,24782,322,0,369258,1,0.279716748,0
33,111417,638,0,338760,4,0.81814739,0
55,74712,792,1,143480,4,0.849587334,0
31,125764,810,0,402369,0,0.379205893,1
41,114945,665,0,392031,3,0.457117314,1
31,39462,671,0,147127,2,0.888714334,0
50,80030,518,1,286904,2,0.596244425,0
55,88519,774,2,22752,3,0.54793909,1
42,76411,722,1,225801,0,0.550304798,1
58,75206,655,2,402016,4,0.687331725,0
51,117469,759,2,71573,4,0.868180124,0
34,66950,802,0,428270,4,0.456635701,1
44,22523,326,0,197888,2,0.320860562,0
52,80926,522,0,294010,2,0.329509025,0
56,29677,447,1,268136,0,0.214251327,0
52,95828,723,1,290840,2,0.588787347,1
35,35089,650,0,458498,1,0.850382053,0
55,24581,485,1,238886,2,0.699153827,0
23,31907,714,1,365841,4,0.895075169,0
36,25609,728,2,78541,0,0.836669185,1
25,71153,340,1,57838,3,0.544300371,0
41,70539,692,2,296544,3,0.540584566,1
30,64143,378,0,349421,0,0.639850061,0
39,42936,843,1,385836,1,0.277654918,1
45,70182,749,2,284709,3,0.625378968,0
24,128261,773,1,44585,4,0.524851814,1
49,131259,441,2,433049,3,0.649918299,0
39,119524,550,2,388703,3,0.595646978,0
22,115042,593,1,279238,4,0.417277102,0
30,33163,435,0,167352,2,0.625433388,0
45,146686,783,2,51647,1,0.456210047,1
40,79758,611,0,180450,4,0.336234798,0
39,66057,345,1,417729,4,0.672549593,0
43,32537,535,1,398370,0,0.414442965,0
44,42419,347,0,362942,1,0.822317346,0
31,62578,497,1,426350,2,0.339532722,0
54,94991,383,2,266972,4,0.620100827,0
48,141211,842,0,113050,2,0.600084142,0
25,142762,460,1,406894,4,0.338419261,1
25,94599,727,1,142366,4,0.507920787,1
41,20834,370,0,276718,0,0.67287714,0
32,52214,819,2,40183,3,0.422969043,1
24,112934,351,0,184819,1,0.27968146,1
40,143798,344,1,333750,0,0.6306685,0
58,120028,592,1,154710,2,0.356885332,0
45,141286,764,0,62194,4,0.677032486,0
34,22413,849,2,445769,4,0.787626968,0
31,29505,679,2,31082,1,0.28634876,0
52,140681,777,2,152378,0,0.506326372,1
31,122802,561,0,375515,0,0.511445589,1
38,22105,478,2,132899,2,0.642775143,0
47,88104,656,2,274951,0,0.43408555,1
38,148303,718,2,486976,0,0.492998409,1
43,127634,500,2,187414,3,0.208393871,0
31,134897,312,1,37143,1,0.285698138,0
41,78408,742,0,126952,0,0.59890347,1
25,57679,585,0,325558,2,0.35112706,0
43,136908,557,2,226374,4,0.301203823,0
45,134921,847,0,291859,0,0.427088938,1
30,119096,789,0,198126,0,0.314474986,1
42,99731,797,1,340078,4,0.241735706,1
39,132205,632,0,17202,3,0.398700774,0
21,85131,331,1,32987,1,0.315050909,0
27,84280,342,0,171812,3,0.75957702,0
24,35762,650,1,252274,2,0.243859877,0
21,137798,633,1,81848,0,0.723210266,0
35,136854,569,0,484106,3,0.467957443,0
32,126830,712,1,189943,1,0.672724917,0
42,78703,318,1,262476,2,0.236882605,0
42,101434,646,0,149699,3,0.844492796,0
37,83079,336,1,235721,0,0.737162988,0
49,41577,391,1,230366,1,0.29810015,0
34,21214,484,1,56069,0,0.35314906,0
40,106339,327,1,45409,0,0.650797363,0
53,68114,847,1,263329,2,0.845093823,0
35,109234,671,2,361166,1,0.512082674,1
32,83230,829,1,478851,4,0.539942957,1
40,143163,644,1,116689,0,0.366460183,0
50,52980,718,1,111948,1,0.468107613,1
58,87194,495,1,197558,0,0.400212392,0
23,97806,377,0,6611,3,0.445399805,0
48,132333,466,2,393191,3,0.214418337,0
46,57792,389,0,36657,1,0.228742521,0
50,65807,563,2,23462,2,0.676480574,0
33,144297,771,1,474525,4,0.677256632,0
33,145266,507,1,252824,3,0.43116142,0
22,42301,570,2,94299,2,0.819823678,0
57,25141,562,2,305691,4,0.386278481,0
58,136482,805,0,374898,3,0.477049347,1
22,124292,811,2,427279,4,0.711962937,0
56,142984,823,1,241526,0,0.720497682,0
46,33777,611,0,349417,1,0.802816034,0
31,58346,473,2,346541,3,0.220341329,0
28,74703,730,2,57788,3,0.328631077,1
42,114977,762,0,178595,0,0.648400239,0
40,67819,400,2,166356,3,0.436739838,0
28,48469,315,1,92964,3,0.23049317,0
49,23845,557,0,462212,3,0.610526672,0
46,130186,543,2,333391,3,0.475151239,0
50,43290,647,1,280850,3,0.454866401,0
37,132551,548,2,491830,2,0.385054999,0
40,50699,404,0,15924,3,0.204198525,0
36,64252,586,2,20921,0,0.327652012,0
27,118682,468,2,423648,3,0.531964708,0
36,23293,719,2,386104,4,0.393015517,1
47,138017,346,1,22813,4,0.812072075,0
43,139496,342,1,109748,0,0.300099764,0
44,129934,620,2,376132,2,0.812738201,0
29,77089,520,2,201322,0,0.483378066,1
55,131964,812,0,393222,2,0.393088219,1
40,36608,740,2,467172,1,0.413004301,0
57,148713,443,0,138140,4,0.431049555,0
37,86273,327,1,44927,4,0.554594789,0
51,36619,466,2,468558,4,0.447717618,0
28,98006,548,0,372292,2,0.653044443,0
35,135399,656,1,35539,0,0.497625305,1
51,107908,410,0,278827,2,0.670150597,0
50,101653,533,1,128031,4,0.623098493,0
40,34779,323,2,352295,4,0.371117781,0
59,71040,325,0,171746,4,0.768941301,0
32,114830,680,2,57703,4,0.759287027,0
37,76325,645,0,325954,1,0.892286327,0
50,135947,677,1,353255,4,0.322535094,1
49,41630,821,0,221415,2,0.793486753,0
39,125575,316,0,353121,4,0.810386646,0
31,135436,544,2,223186,3,0.649514917,0
54,32178,838,2,147189,1,0.554469344,0
27,39935,501,2,270809,4,0.870081689,0
54,67258,547,1,311534,3,0.88088435,0
40,42784,417,2,342028,2,0.649188219,0
58,83722,308,0,68887,1,0.451691901,0
44,43027,322,1,184338,4,0.772015628,0
30,116544,539,2,322685,2,0.262478827,0
52,77853,326,0,463018,3,0.403416951,0
35,132167,380,0,361463,1,0.889888006,0
57,87359,498,1,12882,4,0.770033371,0
40,92388,391,0,75825,2,0.85770773,0
23,98608,383,2,281054,1,0.6163562,0
57,96669,599,0,307710,3,0.485370721,0
28,35111,595,2,199145,4,0.885783072,0
43,52312,753,2,364663,1,0.41659791,1
31,149321,580,1,172248,3,0.730189995,0
28,44161,358,0,88081,3,0.590744871,0
49,138920,641,1,166361,2,0.359955002,0
50,124823,764,1,448627,3,0.212238301,1
30,145014,641,1,467842,3,0.468634863,0
59,87313,361,2,114337,0,0.583379775,0
48,70374,728,2,20362,3,0.328233281,1
56,44014,555,2,485826,4,0.49018842,0
33,100308,646,2,494587,1,0.630632951,0
52,66389,825,0,280927,4,0.700446188,0
56,130163,603,0,180234,4,0.236919771,0
57,38161,544,2,433965,2,0.664926575,1
46,127800,711,2,242441,0,0.239667116,1
42,27490,516,0,401770,0,0.219729847,0
24,139547,815,1,456784,4,0.306688418,1
51,127197,773,1,285917,1,0.65755084,0
38,44502,335,2,471910,0,0.23697501,0
58,55757,477,1,464766,0,0.214627349,0
44,61111,686,2,182367,4,0.282571658,1
43,118273,316,2,166403,0,0.864804693,0
42,103245,347,2,312784,2,0.835094425,0
22,78645,361,0,463093,4,0.260526183,0
51,130218,368,1,314113,0,0.412809228,0
31,79055,665,0,310130,0,0.863104707,0
48,139815,461,1,107017,0,0.268381371,0
52,28998,787,0,383324,4,0.266217187,0
25,48906,730,0,12585,1,0.260202728,1
58,121026,788,2,9122,3,0.883533367,0
30,90192,529,2,21838,0,0.720175959,0
44,70477,669,0,153373,3,0.350139057,1
55,56901,477,1,290251,3,0.232163083,0
43,111271,709,1,193429,0,0.875669056,0
37,72021,569,2,224233,0,0.497842329,0
21,49092,505,2,369822,3,0.618862772,0
51,21242,381,1,191283,1,0.395437363,0
51,126843,492,1,71025,3,0.730852226,0
54,21831,488,1,71520,1,0.337761642,1
29,70721,575,2,22344,2,0.750838353,0
42,48511,373,1,324346,1,0.36142213,0
33,92782,309,2,367230,4,0.268538558,0
45,117003,515,0,282103,0,0.535175788,0
38,38302,589,0,436967,2,0.769251765,0
32,75568,744,0,400085,3,0.469405288,1
37,23232,492,1,311408,1,0.220211555,0
35,122062,588,2,297412,2,0.587316799,0
35,124301,443,1,89564,4,0.676329972,0
35,71507,688,2,437822,1,0.718486462,0
59,144277,706,1,149622,3,0.481347468,1
33,149999,669,0,255105,3,0.267913742,1
37,96508,740,2,141774,1,0.609028504,1
52,133672,828,1,83563,4,0.43068352,1
29,120128,312,2,377308,0,0.862821238,0
40,30683,639,2,459961,0,0.551898476,0
46,43664,611,1,234351,3,0.530586233,0
47,122364,403,1,291603,4,0.416446673,0
41,140012,638,2,323926,3,0.437150554,0
38,53172,497,2,486038,0,0.558928349,0
33,103641,599,0,142104,3,0.414665357,0
36,84340,743,2,6825,1,0.824613419,0
29,107236,658,0,131187,1,0.507312553,1
32,31017,667,0,475306,4,0.404415459,0
58,56613,468,0,253870,0,0.308776383,0
39,106130,448,2,446317,4,0.670645508,0
27,96920,341,0,327253,4,0.21805086,0
55,50348,501,2,17470,0,0.514997051,0
38,36448,543,2,270914,2,0.585085274,0
36,29491,763,1,163340,2,0.437849228,0
59,98648,748,2,398245,3,0.724872423,0
24,141070,736,2,166155,2,0.672962348,0
45,116557,830,0,276102,1,0.879979291,0
52,78759,572,2,380950,4,0.55613676,0
33,64553,729,2,275950,3,0.576468655,1
37,20968,512,1,299306,4,0.372087523,0
57,20368,403,1,341876,0,0.469838724,0
26,93960,491,0,170961,2,0.218802414,0
39,55010,679,0,32702,0,0.682492352,0
33,74154,380,1,433993,3,0.41813596,0
46,55851,848,1,451187,1,0.578256907,1
34,142761,676,2,274883,2,0.378494677,1
51,45496,453,0,291743,0,0.63472534,0
24,143568,539,0,303971,2,0.513307745,0
59,147152,673,2,81821,4,0.537302457,1
28,50936,503,2,101683,1,0.859824998,0
45,98858,649,0,493479,2,0.694312226,0
33,87005,442,1,73446,1,0.383329815,0
52,57493,488,1,216282,4,0.552745272,0
58,89795,571,2,351034,4,0.526670973,0
58,56390,831,0,494428,0,0.756536825,0
48,30292,599,2,489866,3,0.78334858,0
50,112377,725,1,290183,0,0.398409976,1
23,48365,345,1,393165,1,0.774806018,0
48,37207,394,2,255527,0,0.325650984,0
23,121735,363,1,443145,2,0.733939388,0
54,42912,712,0,364511,0,0.374149181,1
36,122455,308,2,48884,3,0.40855181,0
42,122517,758,2,161218,3,0.796727488,0
52,100771,708,2,50819,1,0.494052406,1
58,76572,769,1,88162,4,0.893396077,1
28,127293,805,0,218704,3,0.306360121,1
28,119083,372,2,429524,1,0.524344327,0
26,133655,383,2,411270,3,0.712715232,0
34,129346,358,1,84606,3,0.203756941,0
52,39276,320,0,374933,4,0.306298695,0
55,117459,757,2,57018,2,0.214249725,1
30,25534,456,1,31250,1,0.895014506,0
23,112005,628,2,150485,3,0.732437264,0
32,121610,502,1,344535,3,0.461491368,0
51,55670,405,0,306065,0,0.309399454,0
49,82147,421,1,338267,2,0.26326827,0
25,118099,617,2,260311,4,0.57233504,0
45,131695,481,2,79363,1,0.883123923,0
51,56486,615,1,161857,3,0.672227661,0
41,85557,705,0,192937,1,0.455596858,1
40,54268,369,0,102400,4,0.550595681,1
59,127338,459,2,101847,2,0.899232358,0
42,101335,539,2,274005,0,0.56313636,0
24,46336,822,1,81340,2,0.87494104,0
33,23641,437,1,412195,0,0.211453203,0
40,107132,794,1,202905,1,0.70467419,0
33,52959,546,0,118049,2,0.639013014,0
37,33306,842,0,5357,2,0.679730901,0
56,66182,823,2,264718,2,0.599396962,1
53,94123,542,2,381748,4,0.230923743,1
21,76326,635,2,314345,1,0.304694755,0
35,116895,721,1,190326,0,0.845575889,0
33,41498,493,0,349304,2,0.363047506,0
37,90198,607,2,277940,1,0.895056089,0
44,122630,805,2,28238,4,0.675711939,0
28,127369,580,2,361320,4,0.511048143,0
47,47197,738,2,449194,1,0.8440342,0
43,40719,782,2,45883,0,0.756490333,0
28,110201,522,2,495609,1,0.500275556,0
28,128775,416,0,90478,1,0.248015081,0
46,45032,491,2,74396,3,0.807813202,0
33,79624,815,0,246819,4,0.735527952,1
59,98177,829,1,271591,0,0.753514386,0
57,61964,606,0,287667,3,0.721401113,0
48,50028,831,1,462295,1,0.393028143,1
45,131030,421,0,200895,4,0.801192004,0
36,74646,453,0,447505,3,0.201562787,0
22,101187,836,2,254494,3,0.366093395,1
38,28536,751,0,498487,0,0.232591719,0
37,137399,468,0,140921,1,0.27741752,0
50,76747,358,2,160790,0,0.572665396,0
59,65712,600,1,372615,3,0.226079333,0
33,26273,849,2,355006,3,0.326966733,0
52,91820,416,2,471218,0,0.362918103,0
49,145342,426,2,328121,3,0.658737164,0
50,111228,704,1,355469,2,0.528174367,1
38,94353,698,0,163207,4,0.520888766,1
33,114491,814,0,166334,1,0.737902788,1
41,112091,797,2,395566,4,0.519704988,1
50,105914,827,2,226043,1,0.44394212,1
41,70830,697,0,39787,3,0.873715732,0
37,126718,564,0,240550,0,0.205805317,0
39,37127,562,0,282833,0,0.4137751,0
35,135150,697,1,175932,3,0.626574901,0
29,103488,826,1,384681,1,0.747966465,0
30,31539,735,2,317488,3,0.771489068,0
51,66761,659,1,335035,1,0.232251192,1
43,66219,428,2,187730,3,0.696392439,0
50,34692,540,0,102464,3,0.70417755,1
53,103656,521,0,333013,3,0.349855595,0
29,33334,513,2,433546,0,0.27894252,0
21,48615,434,0,85312,1,0.72478031,0
55,27903,685,2,196136,3,0.374650004,0
31,48527,602,2,32014,4,0.201171663,0
54,35629,586,2,39563,4,0.356500823,0
36,141690,488,1,413486,0,0.221747606,0
29,78008,596,2,429495,2,0.374430681,0
52,103276,825,2,365701,0,0.434513708,1
35,119318,688,2,401873,2,0.389980112,1
32,46708,758,1,94422,0,0.843955947,0
53,30860,560,0,375063,4,0.362773063,0
34,37438,412,1,466989,3,0.527274376,0
28,87300,335,2,499851,1,0.870199316,0
28,149263,378,1,399243,3,0.815439644,0
47,91545,574,0,150271,4,0.416480932,0
32,40842,577,0,121854,1,0.428543206,0
21,80213,611,2,443170,2,0.615330582,0
31,62372,828,0,251229,2,0.842503996,0
59,134316,503,1,84317,4,0.206999857,0
51,118971,316,1,282264,1,0.475183855,0
37,88906,775,0,192884,3,0.79484284,0
53,58744,810,2,94825,4,0.487328985,1
52,136082,509,2,273127,2,0.704038413,0
49,77442,798,1,264571,4,0.684347432,0
41,149070,701,0,333773,3,0.343821097,1
41,105990,728,1,75325,0,0.514716153,1
43,141670,377,1,138984,0,0.596330699,0
26,126917,379,1,315023,3,0.700824055,0
42,123903,605,2,157945,1,0.775672742,1
58,23650,357,0,19332,4,0.731953248,0
57,65117,829,0,152636,3,0.219818027,1
28,111244,507,2,82795,0,0.669446489,0
55,128198,810,1,112716,2,0.548120825,1
31,72772,434,1,418742,3,0.601703215,0
44,23190,821,2,201553,3,0.461076349,0
41,68113,382,0,450991,3,0.69981835,1
22,28789,343,2,353793,0,0.671721958,0
39,52125,782,0,414222,0,0.605640537,0
59,118695,792,0,26643,3,0.803123873,0
48,37459,798,0,488165,3,0.271330017,0
37,55418,317,1,68128,1,0.410716293,0
26,131904,593,1,47523,2,0.546591291,0
39,67085,447,2,493874,4,0.871023368,0
58,38768,771,2,337364,4,0.25037437,1
48,69961,471,1,471606,4,0.435954243,0
22,101099,830,2,57784,0,0.848123388,0
58,142735,419,1,355037,0,0.828563297,0
57,47885,365,1,326845,1,0.805671899,0
24,107421,440,0,416162,0,0.415873319,0
42,81082,745,0,149199,3,0.792785046,0
46,26895,805,1,383245,2,0.553737588,0
56,70311,488,0,114002,2,0.633845191,0
33,109494,457,1,165476,2,0.367177434,0
52,87067,545,0,224496,2,0.694671722,1
37,91017,332,2,22401,4,0.429387973,0
56,43932,660,2,413644,4,0.440716298,1
39,41360,629,1,369102,3,0.645772023,0
55,74847,811,1,249373,1,0.367882346,1
48,129178,370,0,257602,0,0.357107106,0
21,110365,612,0,117046,0,0.45841406,0
38,105468,378,1,331516,4,0.744644538,0
53,146065,468,2,279115,2,0.357277434,0
32,58931,479,2,355162,3,0.751122873,0
28,75823,559,1,259572,1,0.686923694,0
44,58032,785,2,391912,4,0.675355916,0
36,135919,304,1,483720,3,0.532328972,0
24,101426,596,0,21565,3,0.722121483,0
58,38807,659,2,11829,4,0.209463664,1
47,31767,416,2,261680,3,0.413925081,0
29,28071,656,0,81023,2,0.675396225,0
36,73413,738,0,433651,3,0.891106797,0
32,46149,630,2,496377,1,0.201760039,0
51,35540,824,2,86823,3,0.556980586,0
44,121212,487,1,43941,0,0.8466855,0
34,90248,580,1,256181,3,0.804477569,0
45,141443,810,2,178531,4,0.216195336,1
54,111737,765,1,446192,0,0.570690689,1
23,130494,414,0,378683,4,0.203000971,0
44,138571,535,1,477415,1,0.752702464,0
29,105435,637,1,14176,2,0.416212389,1
46,39787,821,2,262505,1,0.735913463,0
40,40982,498,1,318660,0,0.861355339,0
30,139696,349,2,151144,2,0.883259538,0
39,42606,441,2,469268,3,0.825877827,0
23,147560,827,2,364512,0,0.342900417,1
44,30150,813,0,417905,2,0.336220119,1
25,105929,329,1,154671,4,0.638046303,0
23,137423,381,1,130670,2,0.580837578,0
47,122795,330,1,87045,4,0.206674225,0
36,132223,632,2,171460,4,0.474209146,0
35,66936,476,0,386047,2,0.834683704,0
55,113286,669,2,55603,1,0.828851313,0
32,28593,846,1,341880,1,0.342734819,0
46,37358,834,2,292933,4,0.467374148,0
54,102143,405,2,213504,0,0.592256208,0
43,57381,396,1,485683,2,0.796948986,0
51,141465,529,2,355767,0,0.572396107,0
40,110347,526,2,487505,1,0.877739869,0
32,48074,670,0,319426,0,0.759336497,0
43,40595,399,2,300608,3,0.867164311,0
24,64194,744,0,203878,3,0.712044553,0
43,69377,767,1,489843,1,0.814336898,0
21,46853,354,0,309138,0,0.781702655,0
45,93719,494,2,217668,2,0.377686937,0
22,40661,819,1,244103,1,0.360675496,1
50,70493,723,2,374453,3,0.805068398,0
23,138724,614,2,128189,1,0.259274416,0
41,126705,427,0,96123,0,0.485994523,0
45,56495,331,2,249460,0,0.774460439,0
40,33703,392,0,493481,0,0.769267532,0
42,73080,818,1,292738,4,0.297147967,1
41,50815,557,1,188635,0,0.541396861,0
53,49565,519,2,385550,3,0.535882682,0
58,83321,405,0,216424,3,0.426605017,0
35,137491,847,2,110021,4,0.842026802,0
35,78453,715,2,222912,3,0.657182328,0
45,108478,608,2,295530,3,0.886131243,0
41,128522,665,2,252804,1,0.246736348,1
44,53161,820,0,71652,0,0.476045121,1
25,75991,758,2,361979,1,0.784596293,0
26,134296,669,1,365267,1,0.495879968,1
43,127339,630,0,284684,3,0.383314619,0
24,29716,310,2,380627,2,0.898465281,1
47,127099,806,0,300900,0,0.811187423,0
38,53349,718,2,441642,2,0.582531563,1
41,67098,421,1,141659,3,0.593196465,0
48,128435,534,1,481964,4,0.204804072,0
55,20132,630,1,217411,1,0.886696207,0
42,71990,842,0,94792,3,0.764406613,0
43,133288,647,1,316183,3,0.225710552,0
23,88921,711,2,408485,2,0.323431135,1
30,56538,523,2,11088,4,0.774721861,0
45,120572,452,2,367793,1,0.260805884,0
28,119279,511,0,47044,4,0.859250009,0
31,125909,391,0,425297,4,0.899923744,0
25,27213,630,1,197460,4,0.820502967,0
57,144693,766,0,146615,0,0.717232793,0
58,64223,527,2,8005,4,0.541097646,0
49,111655,493,2,304347,3,0.257700703,0
25,88371,829,2,283364,0,0.711312362,0
29,88274,542,0,113991,0,0.477805608,0
22,127853,688,2,37696,4,0.599160042,1
21,24134,575,1,215755,3,0.405373333,0
50,111428,749,0,51381,1,0.369509207,1
31,59601,777,2,446200,4,0.427007871,1
48,93889,779,2,241004,0,0.769679616,1
32,35690,587,0,136148,1,0.498544078,0
59,21909,839,0,371200,1,0.418195538,0
46,111239,629,1,155018,0,0.503079278,0
33,100032,769,0,481708,1,0.222601156,1
28,32062,833,2,290615,3,0.823422998,0
48,95386,766,1,380442,3,0.586233091,1
50,113237,719,2,459747,4,0.273378359,1
29,54731,421,2,436954,4,0.401884852,0
59,25153,607,2,176792,1,0.888486924,0
51,30481,633,0,361817,0,0.615140198,0
41,119270,719,0,291584,3,0.403983421,1
54,86425,625,2,279006,2,0.498441963,0
51,83600,549,0,106415,4,0.380932346,0
45,104981,394,2,73273,3,0.22226298,0
32,91997,595,0,374992,1,0.789421023,0
21,124470,483,0,26788,3,0.404735049,0
42,48205,559,0,161594,3,0.786887517,0
57,108887,485,1,75185,1,0.534989947,0
21,101542,708,0,205476,4,0.328026246,0
21,64149,368,1,188361,4,0.761308085,0
41,69112,307,1,397827,2,0.463978037,0
35,30940,564,1,143896,2,0.695410431,0
37,79010,783,2,387968,4,0.786060768,0
42,96794,670,0,12799,4,0.874089959,0
58,44485,382,2,265204,4,0.260070173,0
55,109299,510,1,90406,4,0.205870537,0
36,144321,612,0,312291,3,0.583897487,0
28,125584,636,2,481138,2,0.384968673,0
37,21067,789,1,263415,1,0.528371253,0
37,40607,702,2,128699,0,0.250861081,1
46,129419,490,2,275758,1,0.551112333,0
33,81597,634,0,30147,0,0.287398957,0
37,146736,821,0,343781,3,0.787011431,0
58,94554,386,2,373354,2,0.731640762,0
37,68521,361,0,25914,0,0.251851505,0
34,132482,686,0,330843,4,0.785445248,0
26,35187,445,2,276759,3,0.427470945,0
55,122911,452,0,55785,0,0.44700182,0
34,23985,648,0,355733,4,0.325862502,0
28,63052,477,1,236129,3,0.784712885,0
35,39563,786,0,456027,0,0.483294035,0
47,67322,546,1,346161,4,0.234185109,0
33,122842,553,2,314042,2,0.876374739,1
51,81245,799,1,394911,3,0.37912105,1
55,71514,840,2,376562,0,0.855324095,0
26,38608,651,0,322649,4,0.410866854,0
25,124675,811,0,81031,2,0.781998616,0
42,87262,312,1,96818,4,0.664953645,0
43,112118,450,2,390096,2,0.802898402,0
45,91327,349,0,5146,0,0.883282591,0
54,77225,514,1,176347,4,0.810038578,0
46,93994,671,1,414193,4,0.482565613,1
25,141701,412,1,439781,1,0.770152437,0
46,37221,551,0,243142,3,0.698155567,1
40,68506,640,2,432161,4,0.24312257,0
26,40968,352,0,114822,2,0.850832068,0
26,147677,429,0,237798,3,0.526172764,0
38,102606,492,2,7594,0,0.294115396,0
24,47937,356,1,81610,3,0.497764668,0
37,82435,396,0,193727,1,0.622198872,0
34,69508,497,1,425647,0,0.601062288,1
34,146695,446,1,218756,4,0.602355553,0
33,61831,594,2,127524,0,0.379087498,0
27,62933,311,2,93197,0,0.642891715,0
35,67307,632,2,163643,1,0.835190384,0
39,68340,519,1,464187,2,0.472066863,0
55,122951,697,1,499871,0,0.641406198,0
37,128306,641,0,328941,2,0.370790905,0
55,106338,811,1,48937,3,0.233796714,1
39,63601,471,2,384762,1,0.610011955,0
40,95956,767,2,195715,4,0.233284862,1
56,92178,465,2,480270,0,0.706509216,0
55,105311,469,2,492242,2,0.669246888,0
52,48754,811,1,222610,0,0.458527513,1
44,63310,488,2,243371,1,0.487903077,0
37,89893,419,0,327195,4,0.842432656,0
27,106799,404,1,466118,3,0.209193538,0
21,140007,340,2,345047,3,0.594312367,0
55,68367,620,0,81990,2,0.846352788,0
52,33201,634,2,342348,3,0.839791073,0
56,22739,459,1,336095,2,0.609259035,0
33,33231,563,1,102309,4,0.466860999,1
26,145610,829,0,392485,0,0.269232468,1
34,127814,776,1,131822,1,0.321648943,1
57,62495,651,0,211840,4,0.675771349,0
35,41168,844,2,165111,4,0.211643859,1
24,52624,509,1,382838,3,0.818439903,0
36,30635,795,2,423784,3,0.611554129,0
48,29964,681,2,42459,1,0.231602664,0
36,47785,780,1,143741,0,0.367837194,1
24,115046,304,2,225821,4,0.615940637,0
46,102797,333,0,219888,3,0.224920886,0
48,104790,444,0,89985,4,0.745991181,0
52,96928,650,0,171588,0,0.843945447,0
22,32336,764,1,198556,2,0.872854275,0
51,97475,647,2,224684,0,0.713561473,0
23,47412,424,2,265341,4,0.79977783,0
28,102212,570,2,204269,4,0.627495224,0
44,95379,656,2,253738,1,0.520980565,1
35,65591,826,0,421549,4,0.699194327,0
51,81750,797,1,93295,3,0.356926465,1
29,110648,452,0,453827,1,0.276849028,0
59,116134,352,0,315085,4,0.733295683,0
22,55454,448,1,114903,0,0.870730755,0
28,118537,802,1,306019,4,0.604235533,0
27,82672,749,0,396119,0,0.53777966,1
59,47228,518,2,148770,0,0.574082962,0
36,34429,576,1,101500,4,0.534924929,0
55,104294,751,1,328970,0,0.509540197,1
50,87808,727,0,167480,2,0.862924986,0
30,102886,382,2,129628,1,0.535834234,0
58,135577,517,1,224493,4,0.256771709,0
38,73015,826,0,83845,2,0.735861675,0
25,108074,703,1,368109,0,0.474093122,1
49,88936,589,2,151205,0,0.697485482,0
59,100907,719,0,125853,1,0.605698552,0
54,77378,638,0,209818,2,0.699226046,0
43,57310,718,2,172198,2,0.24339577,1
25,121827,506,0,38043,4,0.223711326,0
50,103683,564,2,402294,0,0.464979137,0
26,88827,335,0,58906,3,0.685216296,0
24,55256,672,2,16137,4,0.356577769,1
49,96428,787,1,296494,4,0.503380503,1
43,119862,558,1,271842,4,0.886567185,0
26,122994,830,1,135119,1,0.350412188,1
52,58889,322,0,431348,1,0.793560423,0
38,71428,403,2,15165,4,0.777822619,0
35,130502,540,2,136866,3,0.82394653,0
52,57207,552,1,411862,2,0.840599221,0
29,70255,441,1,224787,2,0.555124135,0
57,125824,750,1,404086,0,0.677353648,1
30,111531,606,2,103893,2,0.633223638,0
40,25409,799,1,297880,2,0.416263978,0
26,62438,307,0,238689,3,0.39585131,0
23,130410,368,1,325228,2,0.439098979,0
31,130238,367,1,21211,3,0.352920412,0
37,115359,707,2,91665,1,0.730168485,0
52,27869,817,0,457754,3,0.875201008,0
24,121260,418,2,143449,1,0.807440219,0
24,76862,330,0,144933,3,0.352558283,0
37,107937,817,0,416037,4,0.236340829,1
39,45958,782,1,345632,1,0.729965735,0
25,96302,506,1,472799,1,0.473149664,0
52,39768,686,2,163025,2,0.777228831,0
42,116330,711,2,395014,1,0.745465058,0
26,46145,669,2,303945,3,0.637787176,0
55,95622,652,0,23277,4,0.378737534,1
42,128739,635,2,487655,4,0.272825037,0
21,46442,588,0,350906,2,0.376853828,0
40,101948,439,0,420844,3,0.556831787,0
42,143585,599,0,349390,3,0.885624083,1
31,45596,312,0,134350,0,0.244581068,0
33,95791,727,0,294946,1,0.340050401,1
23,62406,699,1,461713,2,0.63909562,0
29,60524,408,0,482536,4,0.413055076,0
32,43332,784,0,389938,0,0.80095301,0
43,130160,655,1,205886,3,0.297591891,1
34,35764,448,1,451918,1,0.874210267,0
53,47563,606,1,264717,4,0.838662424,0
38,107675,832,2,426893,0,0.821270339,0
29,56370,359,2,143572,3,0.321148329,0
43,25062,734,0,9015,4,0.430647287,0
30,64645,320,0,485588,4,0.76286779,0
39,142759,681,0,135305,3,0.765465646,0
25,27244,544,0,325956,3,0.693622791,1
43,26372,372,1,12826,2,0.513635617,0
50,125409,748,2,14201,4,0.418112489,1
45,146248,375,1,34048,3,0.874070555,0
48,105501,689,2,388615,0,0.297483589,1
54,137450,641,1,24941,1,0.230627843,0
45,84471,589,0,347785,2,0.206391364,0
30,130533,630,2,63418,3,0.742518837,0
34,36956,558,0,201761,1,0.239693602,0
50,60473,725,2,308685,2,0.577050523,1
45,33894,305,2,448155,4,0.457104709,0
34,130584,305,0,75422,1,0.302835523,0
55,118918,490,0,385213,2,0.718416841,0
54,89586,447,0,160022,3,0.238504782,0
30,36709,704,1,125965,3,0.422875687,0
55,101258,557,2,203875,2,0.593533858,0
31,138428,778,2,156714,4,0.481691006,1
31,35210,389,2,464722,2,0.381403739,0
41,69510,309,0,46607,0,0.848200703,0
41,122081,386,2,429504,2,0.851679272,0
42,58674,450,2,379261,2,0.491266178,0
27,145251,329,0,350009,3,0.475621092,0
37,120025,427,0,19450,4,0.415169533,0
22,37733,377,2,272762,2,0.799029335,0
32,40080,720,1,258951,1,0.5975407,1
38,122200,354,0,170335,3,0.262665549,0
31,73412,779,1,72583,3,0.797324492,0
36,144476,604,1,342044,2,0.574420389,0
38,78971,845,1,266360,1,0.490914263,0
55,59709,404,1,295938,2,0.436505461,0
46,79846,471,0,280235,1,0.269598613,0
36,85480,798,2,466638,3,0.869691509,0
26,131768,321,2,485324,1,0.718870462,0
32,72960,586,0,282305,2,0.292244294,0
33,123550,690,0,402374,0,0.557888173,1
24,61152,448,1,390756,0,0.588902638,0
59,47250,571,1,32663,1,0.31752213,0
22,105765,598,0,221453,2,0.49905507,0
46,137265,471,2,404949,4,0.652022281,0
47,68137,346,1,367105,0,0.3988074,0
47,102011,506,0,239419,3,0.432126268,0
35,138922,752,0,168073,2,0.285419934,1
28,143360,694,0,437344,2,0.489268451,1
27,141280,600,1,447846,0,0.608700099,0
32,66412,475,0,145401,4,0.281567878,0
33,63876,409,2,320249,3,0.630349051,0
37,114547,501,0,330580,4,0.47845525,0
37,93664,467,1,395523,3,0.674727578,0
56,70227,385,2,135705,0,0.420385883,0
41,52450,350,2,259928,2,0.597949467,0
28,104433,411,0,226420,3,0.628961994,0
25,93704,762,0,97635,2,0.683355179,0
46,26861,741,2,74579,1,0.729857288,0
36,127294,570,0,281386,1,0.295446197,0
56,81914,643,1,103901,0,0.87566992,0
48,83888,482,2,227886,0,0.790551791,0
49,99286,802,0,130056,0,0.593623148,1
32,81293,309,2,425349,1,0.82325121,0
57,102524,793,0,160812,3,0.467703078,1
50,88515,533,0,367772,4,0.224000586,0
43,43524,597,1,35976,0,0.708921967,0
36,27065,543,0,176139,4,0.860340905,0
34,57684,808,0,16231,4,0.313298265,1
30,108720,650,0,464321,1,0.650711763,0
27,53365,566,1,139400,3,0.769397892,0
57,78876,500,0,250900,1,0.833546936,0
49,43704,538,0,30261,0,0.393569431,0
23,77857,633,0,292406,1,0.290113667,0
35,25622,714,2,401496,1,0.37349508,0
56,103797,783,1,482899,1,0.604405149,0
39,130468,736,2,167814,0,0.84310978,0
33,113955,545,1,8590,0,0.607775068,0
41,120003,307,1,383870,1,0.843734911,0
57,111141,451,2,186298,1,0.739025917,0
47,114707,691,1,92542,4,0.618872625,0
49,107700,510,1,18570,3,0.215258956,0
40,135404,666,2,236601,4,0.433153038,1
45,131733,385,0,231201,3,0.24022169,0
26,99332,354,1,487659,3,0.425569645,0
56,122390,745,2,276677,1,0.243633449,1
22,116856,603,1,393034,4,0.317471103,0
42,86201,431,2,480499,3,0.487480141,0
52,52694,720,0,411582,3,0.560419322,1
36,109766,684,1,380963,0,0.351999182,1
38,42995,497,0,260019,3,0.712804165,0
25,112320,346,0,343512,1,0.613255235,0
56,100141,502,2,426541,2,0.684232372,0
50,102999,560,1,39798,0,0.712935977,0
39,28419,323,1,175525,2,0.708844237,0
43,67952,639,1,289993,1,0.855363731,0
54,143028,711,1,192015,2,0.366054234,1
33,53837,560,1,404373,3,0.389108947,0
49,90799,585,2,379116,2,0.265940748,0
56,68877,812,1,428394,4,0.61481045,0
42,126255,385,0,218609,1,0.476629855,0
56,65687,729,0,296174,4,0.547339216,1
29,119667,330,1,256197,2,0.31887502,0
59,57276,739,2,131026,4,0.654342175,0
39,54523,648,2,187206,0,0.633313552,0
58,86055,711,1,125398,2,0.385349099,1
26,74615,827,0,332873,4,0.525791683,1
35,116642,609,1,13164,3,0.826010657,0
40,130040,695,1,222450,2,0.741449324,0
29,30514,637,1,6119,0,0.358860714,0
52,67456,736,2,18351,3,0.815198397,0
24,27233,664,2,192135,2,0.247119081,0
38,21102,412,0,77076,3,0.489749996,0
25,86133,475,0,312306,2,0.256082759,0
40,66715,448,1,298904,2,0.846949936,0
43,105193,477,0,447894,1,0.228491709,0
31,130545,681,1,228136,4,0.305868207,1
57,124085,522,0,94074,2,0.840527961,0
42,129101,558,1,386711,0,0.607510351,0
24,26256,488,2,495994,4,0.756631583,0
49,141946,605,1,445844,1,0.211484732,0
54,128684,677,2,490110,4,0.493366549,1
33,84800,642,2,240221,4,0.889125941,0
29,148900,455,0,266782,2,0.605873346,0
51,114937,354,0,176811,0,0.794777952,0
27,61548,741,2,34738,2,0.874491634,0
24,92090,499,1,253433,0,0.679528356,0
39,98200,702,1,314065,0,0.429341323,1
50,62367,476,0,389592,3,0.416024854,0
51,148845,748,1,261349,2,0.249894186,1
55,133815,840,1,66068,1,0.499440471,1
41,109922,600,1,290725,4,0.840772591,0
51,90382,606,2,100672,3,0.534643699,0
39,147602,566,2,26485,1,0.837696437,0
51,146270,513,1,228773,2,0.771999353,0
52,146320,782,0,41294,0,0.888930979,0
22,46205,561,1,320145,2,0.863386697,0
30,45570,366,0,137706,2,0.694538288,0
22,50255,432,2,48969,3,0.809852101,0
22,41182,839,1,5093,1,0.723654391,0
44,59373,811,1,33370,3,0.69237616,0
37,63019,510,0,24750,1,0.700891705,0
52,82619,552,0,242092,3,0.704730573,0
36,36043,337,1,248707,4,0.465593308,0
36,65532,342,1,253706,0,0.496493691,0
59,121290,704,0,283616,0,0.405849811,1
51,85936,345,2,248617,0,0.303782403,0
44,39239,753,0,23934,4,0.52091038,0
21,30416,604,1,441990,4,0.829964502,0
31,23412,532,2,224129,0,0.655885295,0
41,101976,544,2,306269,0,0.239326252,0
24,44406,594,2,465197,1,0.767839961,0
27,21875,682,2,484757,1,0.854781069,0
46,139231,457,1,306247,2,0.780595708,0
32,57066,704,2,481966,3,0.70927899,0
51,122072,300,0,196157,1,0.305084277,0
37,25752,516,0,355849,1,0.444299925,0
53,106753,806,0,323687,1,0.595700822,1
31,98025,329,1,153010,1,0.253802546,0
48,21353,819,2,344636,4,0.27438915,0
52,46986,574,0,449802,2,0.853977745,0
21,106907,791,0,325168,1,0.691883835,0
48,124901,335,0,175759,3,0.392560932,0
27,34691,610,2,469345,1,0.429152217,0
22,89847,343,0,293351,4,0.469100513,0
44,68075,454,2,54354,0,0.252549905,0
24,30794,376,2,241529,0,0.717423899,0
39,88470,737,2,173382,2,0.323783808,1
46,36406,731,1,53960,0,0.763584017,0
31,95930,841,1,328406,1,0.792110701,0
31,135897,338,2,102155,4,0.646903924,0
23,46872,538,2,262091,2,0.73889846,0
32,61708,312,1,149475,1,0.320284617,0
23,135492,421,1,149137,0,0.603157288,0
47,126629,443,2,226002,3,0.67375952,0
22,40800,754,1,162873,1,0.663092407,0
36,63397,667,0,113182,3,0.282102914,1
22,143313,546,2,104132,3,0.441067724,1
50,57909,344,2,427446,2,0.427526265,0
40,41352,674,1,339850,4,0.600768811,0
58,121975,590,0,482158,0,0.73566599,0
48,113848,506,1,488430,0,0.599413256,0
45,125596,818,0,297112,1,0.728379207,0
52,35438,541,0,47517,0,0.269277318,0
30,108921,413,2,255714,2,0.814697084,0
53,64999,601,0,189311,0,0.575631949,0
33,38482,575,2,430871,1,0.226249062,0
57,52471,395,0,490839,0,0.650249102,0
36,67279,593,2,259055,4,0.562143031,0
42,129413,659,0,134282,3,0.354258698,1
40,126748,587,1,198843,3,0.735097821,0
47,74213,453,0,50984,3,0.853497776,0
36,133909,722,1,147121,4,0.425878418,1
54,33026,349,0,339465,2,0.545740978,0
52,127625,506,0,243374,1,0.289722499,0
46,105184,512,2,126854,4,0.850859807,0
45,25435,365,0,463029,1,0.423157242,0
22,28493,531,0,402871,2,0.336349279,0
32,92227,619,0,482210,4,0.534900074,0
29,79321,436,1,265603,0,0.230297743,0
32,22763,364,2,95638,2,0.376985782,0
46,40389,813,2,208526,3,0.247360416,1
29,51498,431,0,336116,4,0.289159808,0
30,83755,633,0,288576,2,0.278510286,0
52,121545,331,1,226481,2,0.810693969,0
54,55825,797,0,70896,4,0.851304394,1
40,36934,542,2,246285,3,0.532165516,0
59,25574,491,2,206207,3,0.641291961,0
22,58179,441,1,441152,2,0.687131328,0
21,21587,490,1,110035,1,0.473919327,0
56,62782,448,2,498597,2,0.459147327,0
44,124224,715,1,280894,4,0.672898313,0
47,74412,819,0,295131,4,0.463700161,1
22,80561,315,0,252933,4,0.606706664,0
51,97224,405,1,370139,3,0.560634968,0
34,24409,582,2,293309,0,0.567122421,0
22,147159,403,1,186613,4,0.780551204,0
49,91319,660,2,29346,4,0.692839976,0
35,119016,334,1,256731,1,0.872477858,0
32,46751,412,1,8514,1,0.753683639,0
57,58174,607,1,29838,2,0.30205476,0
48,142678,352,0,294703,2,0.716938312,0
40,76572,380,0,368367,2,0.665953288,0
59,81416,668,2,495717,4,0.652230786,0
44,32041,541,1,64207,1,0.536521238,0
41,43227,330,0,21385,2,0.243724744,0
30,55201,660,1,154389,1,0.866039337,0
34,56069,532,2,398609,4,0.796347286,0
57,102190,333,0,29881,4,0.540765626,0
38,46370,542,2,378905,2,0.311006677,0
44,115018,358,0,234905,4,0.77713086,0
34,145342,828,1,426171,4,0.501470124,1
54,147173,377,2,63308,1,0.473079746,0
32,31586,601,0,377659,0,0.665767562,0
42,70231,411,0,194086,3,0.731072779,0
26,145758,712,1,258267,2,0.243988516,1
56,25322,616,2,201502,0,0.737289492,0
56,85294,444,2,339175,2,0.713758351,0
42,99468,317,2,372401,0,0.612446727,0
34,49299,650,1,354117,4,0.43689324,0
36,110715,454,0,64596,2,0.315361503,0
56,90793,805,0,399929,0,0.271857078,1
45,66501,659,2,25428,3,0.200828586,1
52,77134,631,0,67160,4,0.344522123,0
53,131672,827,2,464387,2,0.487935879,1
56,29777,311,1,255894,2,0.370551032,0
40,31249,374,1,347873,0,0.416285338,0
38,140902,511,1,65843,2,0.473316691,0
58,41390,582,2,421219,4,0.415783616,0
23,40369,494,0,347313,1,0.707234727,0
43,32881,329,1,361908,0,0.544208752,0
52,29587,308,2,440293,3,0.213529003,0
36,113800,608,2,293874,2,0.358667762,0
25,94327,744,1,381226,4,0.696760771,0
24,127009,609,1,77981,2,0.410651366,0
41,107911,725,1,246791,3,0.84409924,0
34,108147,390,0,478033,4,0.698864833,0
