age,income,credit_score,employment_type,loan_amount,existing_loans,spending_ratio,loan_status
59,81158,342,2,464200,2,0.7777372828670339,0
49,54782,432,2,450678,0,0.2308059607707257,0
35,105709,694,2,435569,4,0.6652391029415912,0
28,98533,364,2,378199,3,0.23113221888756244,0
41,128939,589,2,471860,3,0.7505103827452595,0
59,78255,675,2,124097,1,0.8388998604756239,0
39,131952,766,1,53302,3,0.540790216084193,1
43,92684,512,1,127561,0,0.763179260708607,0
31,76918,447,2,213051,0,0.6944873729951598,0
31,146093,770,1,420651,1,0.756944704521427,0
44,104284,448,1,62728,3,0.736742639668192,0
56,99558,387,2,365742,2,0.34375751861711235,0
44,105549,623,2,268382,2,0.5496913071083527,0
23,124223,695,1,216929,4,0.87228993098847,0
42,101422,703,2,348754,1,0.4404730612070441,1
22,140363,381,2,149121,4,0.879340963445945,0
44,146352,585,2,62193,2,0.6082131980036151,0
50,45256,681,2,171656,2,0.5231279923660441,1
58,50005,569,1,333778,2,0.6604302255183414,0
22,26638,591,0,19679,4,0.7710874198243856,0
41,57419,752,1,301649,1,0.47594570839552447,1
53,53377,323,0,318485,0,0.22306792258024657,0
32,126244,610,0,499285,0,0.696164408579288,0
42,63116,760,0,55374,2,0.8693167491481695,1
45,56634,507,1,314142,1,0.6374906551934366,0
47,102291,737,1,475186,1,0.33189013498183134,1
48,43382,837,1,191773,3,0.37376977252677723,1
36,135303,635,1,180931,3,0.836825503041962,0
35,76063,721,1,394347,4,0.20949346692312945,1
23,42394,620,0,38178,3,0.5841226658243922,0
57,87789,796,1,425791,4,0.311074351635769,1
27,123246,462,0,417545,0,0.3979351046519556,0
41,130634,840,1,455470,2,0.4148871546452821,1
29,20864,464,1,239162,1,0.3534979234168293,0
59,119572,594,2,374517,0,0.754646443894309,0
38,60222,341,0,220101,0,0.43254642178513114,0
24,33666,584,1,223438,4,0.4418394938858766,0
45,143664,686,1,109139,2,0.5171047695854214,1
34,40955,437,1,105290,4,0.8316067021182958,0
29,130674,486,2,471878,0,0.6817211224186781,0
46,123533,730,0,176140,1,0.2432247929174444,1
22,101845,715,1,63951,3,0.2274833447256019,1
40,136925,725,1,354773,4,0.5964724607039178,1
48,89590,715,1,249924,0,0.8209423932090454,0
27,147775,325,2,433387,3,0.42627603320041374,0
28,86471,670,1,144334,3,0.3734402802315179,1
55,130476,684,0,441486,0,0.7237337317191554,0
34,108314,355,0,156857,2,0.6214639565288792,0
37,142579,552,0,437685,0,0.5955191396497636,0
56,63298,405,0,335975,1,0.3045108394004788,0
24,83108,429,1,348367,3,0.32317292306268997,0
22,133864,675,2,50643,1,0.397251443146817,1
26,68924,607,2,203729,4,0.34478725427735585,0
24,36709,390,2,8582,3,0.8800113215325052,0
49,29726,692,1,117781,2,0.21302771144931015,0
38,80824,833,2,428496,0,0.6382394369005269,0
46,60542,409,0,254957,4,0.5623191774128068,0
54,40245,639,1,440805,1,0.42627586512890536,0
30,54753,655,2,109004,4,0.8213120984727826,0
56,99788,467,0,45000,2,0.6691138042774976,0
34,41316,751,0,107592,0,0.8988480459262584,0
51,122907,404,1,495424,4,0.31805917152853974,0
35,104698,449,1,6085,1,0.2615074851074801,0
28,35960,445,2,479643,4,0.29757808722644075,0
34,50791,598,2,413816,0,0.38850367730921737,0
43,127766,466,2,365138,4,0.4917508940975692,0
41,45216,347,1,458017,1,0.80382229950136,0
36,52467,538,2,197811,0,0.39851423643022066,0
38,84427,306,2,210253,2,0.8406703170193774,0
44,132470,763,0,384453,2,0.5240353818833017,1
46,82047,752,0,374258,3,0.6529490129772878,0
45,93290,670,0,439812,4,0.38508539983916557,1
49,67014,848,2,337554,1,0.3092096712164766,1
35,24078,786,1,477519,4,0.8086198584606343,0
21,98389,510,0,188260,0,0.27665432636411474,0
45,70519,464,1,293969,3,0.7418149140369159,0
27,24042,424,2,146985,1,0.6066890142538002,0
29,69052,636,2,217823,4,0.8027964471751943,0
44,34389,491,0,89269,1,0.7024728884687239,0
21,115961,513,1,281476,0,0.3971648714780793,0
28,88111,627,0,59895,3,0.6020993180800933,0
44,125058,680,2,402648,1,0.20915153372381312,1
31,113715,538,1,486311,0,0.5326528396607002,0
37,70733,831,0,424786,2,0.26020954490042497,1
28,54754,381,2,241641,1,0.5002614984672308,0
55,38624,662,0,404319,3,0.27672826559907404,0
55,105886,804,1,264830,1,0.8688358648617904,0
53,46681,501,1,389190,1,0.5661475701854095,0
25,109524,803,1,414116,0,0.8392525896936502,0
59,101006,336,1,456631,4,0.21565635607603612,0
48,44704,701,1,334711,4,0.6463572987173285,0
27,124272,475,0,329857,1,0.41486815134863414,0
29,114913,844,0,219241,3,0.5022802971756654,1
28,114108,766,0,63639,3,0.8111611766502829,0
32,143731,500,0,486944,0,0.8860147663311213,0
54,27493,839,2,483692,1,0.3725443681033467,0
53,89639,846,2,242895,1,0.8637772997473112,0
43,120380,693,0,407204,4,0.6821088642172034,0
44,74383,341,2,370747,0,0.8659897400500896,0
57,22994,692,2,83488,2,0.593656899034847,0
55,89280,740,1,360049,3,0.8725293994940293,0
42,67234,805,0,499614,3,0.8247188207032035,0
47,67291,619,2,270121,1,0.2900142188578122,0
55,148674,514,2,382794,0,0.4175529489712113,0
21,112868,370,0,240101,2,0.3701442340587583,1
55,25594,535,1,321785,3,0.60046952823518,0
57,125835,580,0,399484,0,0.7619596020541477,0
34,27371,461,1,381609,2,0.7315880128208168,0
23,67315,490,2,59431,1,0.7087243925984337,0
21,103564,308,1,283900,4,0.4626854130149101,0
25,147251,359,1,156836,3,0.29774581713947956,0
46,121448,524,0,195984,3,0.3474084875400195,0
34,99526,586,2,438601,2,0.7191742217538328,0
59,132387,468,0,151104,4,0.3032740373416943,0
47,36626,361,0,231086,0,0.35606269345346475,0
29,106005,648,2,181774,1,0.49718685701144383,0
35,126258,741,0,147957,0,0.2504787014812241,1
35,125573,313,0,276940,2,0.3488844425390909,0
46,27130,463,1,371727,3,0.3048376891388656,0
33,26828,719,0,168935,3,0.8659252480382882,0
52,77514,819,2,86014,0,0.3340681198814224,1
59,127148,847,0,168189,1,0.8032387971192756,0
52,132524,327,1,418969,2,0.2803587338866259,0
24,124635,745,0,287469,1,0.8087711926117551,1
50,72664,507,0,405237,2,0.6196036503914287,0
57,131701,769,0,478937,1,0.7947941462572325,0
43,37883,403,1,260152,0,0.8071440819761502,0
59,63059,725,2,58096,4,0.6174614714671863,0
35,104078,400,2,207476,2,0.8423859073765168,0
49,62932,840,1,149143,0,0.609813804039236,0
56,149900,821,1,331793,3,0.6987955545148627,0
33,81269,405,0,275185,3,0.49125633401818286,0
52,139850,576,2,218123,1,0.8398473861296911,0
27,95986,364,1,45058,3,0.7769137772384187,0
42,105959,487,2,53263,4,0.3166991781318492,0
48,22035,616,0,227574,2,0.6034714951432891,0
22,129767,437,1,109820,1,0.8277791303608624,0
26,60745,642,2,112645,2,0.7551451455612657,0
48,37241,404,2,180542,2,0.8737869464629275,0
48,72975,845,0,223898,0,0.36191118086331636,1
40,43154,679,1,494454,3,0.45722174319133463,1
50,45625,409,2,295367,2,0.5550343216126918,0
31,64950,844,0,300719,4,0.36286841901908545,1
48,118602,653,2,444015,4,0.47583167863217335,1
45,76396,616,0,245776,3,0.5762774430970328,0
59,119227,565,2,288805,3,0.33393744210093845,0
53,138920,364,2,480191,1,0.37968147309180644,0
21,33331,632,0,303576,1,0.2873897498661561,0
47,83927,812,1,235119,1,0.6993669869200239,0
33,106226,432,0,429363,3,0.4530863485752931,1
23,104719,839,1,34114,2,0.35418630722865185,1
59,83014,834,2,11030,0,0.5551269044266667,1
26,59346,795,2,357195,1,0.24777451397967337,1
28,90411,668,0,183501,0,0.8463846244228763,0
47,74478,398,0,314887,4,0.406127264810085,0
29,32254,616,1,231941,3,0.8205250437287035,0
57,75734,422,1,392900,4,0.5483340457272529,0
53,48621,619,1,332759,1,0.7951053483974484,0
44,136490,794,0,52577,2,0.37294510855275115,0
35,96441,756,2,492800,1,0.32268942156992714,1
52,66121,821,0,377580,0,0.7945882622643798,0
52,147386,819,2,7966,1,0.3490467176601976,1
44,101418,614,0,396500,2,0.722336744509706,0
32,80197,841,0,380982,2,0.44120865626174266,1
59,104577,778,1,8728,3,0.7237356085046129,0
22,114634,319,2,173376,3,0.835352386191831,0
23,138034,429,0,447493,2,0.8871469019011051,0
57,62431,592,0,240189,2,0.4518666340880434,0
37,137637,431,2,488546,0,0.45726808424838233,0
22,119245,655,0,137019,1,0.8869714157493982,0
22,120211,353,2,476317,3,0.8030696912086268,0
48,24837,686,1,348524,0,0.23156438033796464,0
43,131984,564,1,333274,1,0.6014149903585643,0
57,110025,514,2,26414,3,0.32687134008390684,0
52,103163,759,1,494442,0,0.8958087752652528,0
53,91232,757,2,480276,4,0.2972461086596816,1
21,68994,342,0,98005,4,0.5915433287800066,0
39,99079,577,0,417655,3,0.6656388590204282,0
22,32615,429,2,358886,0,0.8559452582578393,0
46,21466,649,0,456436,1,0.7930808181509308,0
52,50771,843,1,182857,1,0.3720283399294481,1
26,138645,405,0,304117,0,0.6008367659047531,0
52,103886,300,0,354235,4,0.8675017705341184,0
24,85911,731,2,209390,0,0.7150017929734565,0
31,118566,605,1,204268,4,0.6818354438659255,0
37,40746,826,0,250389,4,0.7284307554968095,0
58,108422,352,0,241232,1,0.42575433229147386,0
44,129884,819,2,142161,3,0.7104765885822653,0
25,80739,629,2,206926,2,0.36299832601284115,0
54,128440,624,1,329379,0,0.4996719396354274,0
26,118187,413,0,490357,4,0.8229501720319545,0
42,93369,446,2,34400,0,0.21327980254352621,0
31,21893,465,2,151477,3,0.4900230551766427,0
36,50573,678,2,384384,3,0.3867752367173417,1
53,116907,438,1,57763,2,0.3390127315455266,0
29,60874,598,2,428425,2,0.7870027950307585,0
26,97362,575,1,209670,4,0.6875490009914846,0
36,119956,477,1,153496,2,0.27884290428803726,0
49,107460,653,0,373954,4,0.5461243285508326,1
23,147021,453,0,356667,1,0.5268340402789777,0
40,138580,500,1,114955,4,0.29976945582058595,0
56,53367,414,0,156628,2,0.7598338906938458,0
39,41199,367,0,360281,0,0.45667178001793984,1
46,136600,744,2,417546,2,0.7333564426122761,0
23,111404,744,0,217338,3,0.3344438305575487,1
39,94328,625,1,139308,2,0.42055142312968263,0
40,77724,658,0,205288,1,0.2666196633918661,1
52,106133,444,2,297456,4,0.3004354888219257,0
27,56405,574,1,380831,3,0.8182284432469129,0
53,118232,808,0,419407,4,0.2763788509299043,1
59,128659,478,1,114602,4,0.26701184510016024,0
38,35989,776,0,219529,2,0.8582641175856618,0
21,48931,713,2,303784,0,0.6521324217625373,0
31,29290,452,0,367315,3,0.2706411884880936,0
48,58367,403,1,329437,1,0.880201717346236,0
45,141136,374,1,119124,1,0.302970007352308,0
43,99878,427,1,251921,0,0.7364420076997995,0
51,110477,644,0,434904,0,0.22439595314771055,0
50,99481,830,0,207301,2,0.6371792581378681,0
55,96298,458,0,90802,1,0.5826927104720271,0
27,146299,837,2,245324,3,0.34560266729771083,1
36,50133,725,2,359168,0,0.6502022999042913,0
46,132616,322,2,160194,0,0.6319370952241721,0
22,125686,346,1,177296,0,0.7588462008247836,0
21,47052,824,1,230612,3,0.8131118410203118,0
32,127286,443,1,404547,1,0.5570734584574962,0
25,105489,718,1,223174,3,0.5432066354389129,0
57,60475,384,1,378555,3,0.6351170396612884,0
52,102666,715,0,47262,2,0.7104453124608692,0
29,116622,781,1,383358,0,0.4493198207093122,1
55,77656,755,0,111435,1,0.5532493183563598,1
39,24633,596,2,91314,2,0.6095729300762214,0
36,37304,411,2,195664,2,0.8918646586851378,0
23,127573,529,2,169998,4,0.6113985375191416,0
40,117820,395,2,353431,0,0.3569305855195797,0
44,66546,677,2,124318,1,0.6115929007681825,0
53,27008,455,1,397278,1,0.7736497080643128,0
44,68291,720,1,392102,1,0.8001825760078336,0
31,47405,404,1,22528,0,0.7601753182151081,0
28,137069,629,2,5068,1,0.8217465907021893,0
56,56386,738,2,336397,3,0.43433643931538923,1
58,110909,431,0,347898,3,0.5552994346668634,0
40,40827,681,1,180040,0,0.7457137672052807,0
55,53040,437,2,358082,1,0.38511496553136887,0
45,80354,569,2,446839,4,0.46010700649619074,0
55,98543,849,2,495395,4,0.7818089581892085,0
45,38157,695,0,47129,4,0.7390599547343382,1
49,117693,763,2,259935,3,0.8798396975412623,0
38,55315,749,0,381140,4,0.897181840960255,0
38,55932,630,0,230760,1,0.3685211828799653,0
22,41164,552,1,66321,1,0.8303149903215714,0
55,34414,584,2,16526,4,0.2661608509450484,0
36,147597,573,0,228524,2,0.6968601462748388,0
56,34327,319,2,244583,4,0.35406957137288564,0
53,133880,538,1,489780,2,0.4102178098457939,0
24,20946,569,1,162781,0,0.8624248243651793,0
53,34693,717,0,112535,0,0.3842058657139483,0
34,47241,609,1,20063,1,0.6712245084124412,0
41,135194,330,1,140795,3,0.3246899555042793,0
40,115790,403,1,9213,1,0.2653729842993413,0
28,35540,485,2,289941,1,0.4375219177407051,0
27,92255,427,2,237842,3,0.6369372705526368,0
23,84757,509,0,89946,1,0.3735616006278568,0
37,61203,713,0,93918,3,0.4101181590701718,1
53,45081,580,1,181289,1,0.6961108730245186,0
32,81861,552,1,466499,0,0.27195721608695833,0
42,31350,318,0,28655,2,0.5128335642624552,0
42,75512,435,1,494100,1,0.8592141709175569,0
50,76809,522,0,214062,2,0.4778801636899575,0
58,121894,302,2,148659,4,0.5039407195842075,0
58,117557,535,1,289699,1,0.7167430125251022,0
28,62832,764,1,33071,0,0.7453080654229927,0
47,48369,527,1,287383,3,0.7387244728463671,0
47,51728,798,2,128441,0,0.8985069174395004,0
54,37576,820,2,364282,2,0.2500157612409401,0
41,49001,438,1,316295,3,0.8875772992430995,0
50,147625,575,0,7203,0,0.8651327318981792,0
53,103384,590,2,149707,0,0.7964972301816906,0
48,20390,352,1,188643,0,0.5178879030964292,0
53,107535,409,1,137216,3,0.809631660143747,0
25,65436,303,2,430915,0,0.3545826886142666,0
39,31569,346,0,220691,0,0.7541590847714812,0
24,33029,393,1,358807,2,0.3296668121847379,0
55,42490,512,0,396988,0,0.7707534024298257,0
37,65875,735,0,279357,0,0.6301703932848398,0
48,143552,807,2,21944,4,0.26862189565946787,1
50,120864,504,1,71723,3,0.8267236887500578,0
49,25867,680,1,204741,4,0.604570036818671,0
26,100820,372,0,73947,2,0.6593737946959802,0
55,119515,815,2,170529,4,0.398457024956127,1
57,29121,375,2,40191,1,0.8101448527459645,0
44,21539,376,2,252129,3,0.5816405146074944,0
49,111024,709,0,256767,0,0.49478419900405246,1
51,37027,405,0,77264,4,0.5739972216598223,0
55,147402,775,1,193996,4,0.6923191570274436,0
53,94229,574,2,431960,0,0.686533512989489,0
41,28921,387,0,451640,0,0.4503039706704689,0
52,70435,376,2,486633,2,0.46968079607438235,0
43,142368,376,0,214409,4,0.5935667349868989,0
53,30310,741,1,474300,4,0.8470849845018915,0
23,83965,839,2,431102,1,0.7218011868761829,0
38,142033,544,0,366990,1,0.4732904897558896,0
45,131048,681,2,386694,4,0.4359228385862328,1
51,116444,441,0,89963,1,0.5665456718961202,0
23,89922,667,0,268116,4,0.8089939582402164,0
44,117799,383,0,366363,3,0.20607546911711264,0
52,113948,442,2,142693,2,0.6973402478026949,0
42,102839,651,0,227621,1,0.40615857880643685,1
43,32242,844,1,54738,4,0.3458782361513189,0
22,137027,451,2,193766,1,0.2084965977717312,0
47,132561,457,1,321921,2,0.8276134344378339,1
22,28947,745,1,281674,3,0.8385739290045084,0
46,132250,602,2,143426,0,0.2429922091506741,0
37,91466,749,0,313673,0,0.5652707261359524,1
53,123706,523,1,370039,1,0.30680212107152693,0
29,140351,342,2,318858,4,0.7310812882537918,0
59,144749,563,0,224831,2,0.6657740302363028,0
49,81816,302,2,129750,3,0.407991569068601,0
46,68785,567,2,439448,3,0.28187219672825575,0
55,139963,315,2,450295,3,0.7818544639651719,0
45,20507,633,0,125883,0,0.6719767354993957,0
44,86972,763,1,148622,2,0.20477396150178695,1
33,47151,358,1,262391,0,0.6395102466552737,0
27,31618,476,2,355340,1,0.7672072193874422,0
56,94286,362,2,327529,3,0.613537641703538,0
40,36122,606,0,331880,2,0.49729957367370375,0
21,27354,545,2,494781,3,0.6087428649796205,0
28,129598,588,2,297412,0,0.6337984397231431,0
36,50979,631,2,490092,0,0.6480242367594915,0
34,106436,826,1,140362,0,0.8769315377330544,0
32,99376,554,2,453250,3,0.32505345129085084,0
43,72774,809,1,297282,2,0.636165189119734,0
35,122703,762,0,470198,2,0.33159532374077916,1
48,25037,498,0,255927,1,0.3469697041743083,0
54,48633,570,1,391794,3,0.6684805185951568,0
22,44495,363,1,280576,1,0.841167859480388,0
52,84550,529,1,72058,1,0.3113309729694691,0
43,101384,548,1,63175,1,0.8737258736294982,1
42,56483,545,2,38329,1,0.4235606282113603,0
45,133181,456,1,467292,0,0.47391983041976005,0
42,93373,387,1,410544,1,0.3075765767571863,0
42,54069,612,1,432463,2,0.6310852740961552,0
26,27370,365,2,273821,1,0.617494346236777,0
35,139873,319,2,460026,0,0.5095888201718544,0
57,136843,332,2,55357,4,0.5332639729190352,0
53,91947,372,0,60812,4,0.6360831130508235,0
28,59133,642,2,46616,4,0.6084475744750508,0
25,116035,432,1,459500,3,0.4619843671538881,0
59,115761,354,2,447957,2,0.8188800697099066,0
24,133753,360,2,451694,0,0.6673623661891492,0
26,20692,819,1,190128,4,0.34378443141986614,0
52,48926,571,2,489699,0,0.4239320954540091,0
50,119782,545,0,312678,0,0.7515146711922776,0
55,124700,475,2,215128,3,0.2731677667140696,0
36,93984,616,0,69162,4,0.7251623991070077,0
33,63390,430,0,311855,1,0.4511897088020567,0
50,69593,401,0,158877,0,0.5861837322759049,0
39,95609,609,1,363124,4,0.3963906820209877,0
37,120950,591,2,287287,0,0.8905196002742994,0
39,25209,794,0,474044,3,0.834088204499613,1
48,146700,660,0,113380,3,0.8499148858609762,0
46,26533,637,2,198545,1,0.3293428625842617,0
57,106597,309,1,152089,3,0.7891830671732356,0
46,27211,348,1,461418,4,0.5747779707168632,0
43,29927,786,0,489075,3,0.6955014401915471,0
29,97463,620,1,46423,1,0.3522528467183125,1
32,137333,432,2,46713,2,0.6983892521854511,0
21,44594,382,1,486072,0,0.8399870712006072,0
21,94852,356,2,79310,0,0.3872369700941599,0
54,97713,675,0,269349,4,0.36335189608465457,1
52,96382,648,2,320410,1,0.2730901839314344,0
45,27933,570,0,148414,1,0.3867646727181627,0
21,123780,782,2,467779,1,0.5750545832709287,1
36,132157,410,2,199262,0,0.7829014040062923,0
59,60696,375,1,86863,3,0.3951601838603476,0
25,85449,457,2,157272,0,0.6348010723485193,0
42,87616,831,0,143260,0,0.535713489421128,1
49,26089,628,2,393377,0,0.40200532843244013,0
23,76548,421,0,269952,3,0.557251356836253,0
32,46123,340,0,280995,2,0.317573677477114,0
46,27797,466,2,479106,4,0.6477042918939626,1
36,70013,322,1,398126,2,0.2809639048286955,0
57,28346,578,2,201000,2,0.7116863676002596,0
42,105414,768,2,413274,0,0.324398874869855,1
49,53672,699,1,19620,2,0.8987114073218103,0
34,37653,308,0,450971,0,0.7765708163322884,0
48,69556,312,2,67995,0,0.4406882127018056,0
25,143723,351,1,494982,4,0.4983433406025186,0
50,128278,508,1,41681,1,0.3814337147753819,0
25,46140,849,0,331653,0,0.7369801928259994,0
32,21184,701,1,481555,2,0.4665088789704418,0
36,143626,490,0,72703,4,0.7286298568736749,0
46,54493,350,2,203752,2,0.2128810882761264,0
46,64148,692,1,465919,1,0.294934671653217,1
41,44846,599,2,244128,3,0.455482034291798,0
59,131361,495,1,309280,1,0.2762359733762149,0
56,42195,716,1,227452,4,0.6207895946073685,0
53,25606,719,2,360843,1,0.23558246897388632,0
50,23956,821,1,355600,1,0.8018340962125401,0
57,36555,655,2,88086,4,0.7329155991291876,0
43,110385,447,2,172415,4,0.3513795354595667,0
30,38690,664,0,384673,2,0.5386543342908025,0
25,78502,663,2,285398,0,0.5162691548876444,1
56,144586,701,0,328417,3,0.7074052307382643,0
54,68849,791,2,457827,3,0.4810562303321562,1
51,46347,528,1,122574,3,0.223054708480892,0
30,118725,836,2,119847,1,0.39161510119488707,1
39,123844,567,1,110547,4,0.5263370636659295,0
52,111321,704,0,458218,4,0.8821445513124473,0
21,69056,310,1,483899,4,0.8168110668680417,0
25,83851,619,2,17926,0,0.3269843008015333,0
24,118234,425,1,235431,4,0.7062931583435397,0
36,101502,605,0,462480,4,0.8557778311103512,0
44,116633,810,1,356671,1,0.20615482912468103,1
36,101418,388,1,374531,2,0.7046619715695781,0
22,90211,654,2,294707,3,0.5215334469278101,1
48,61850,651,2,428904,1,0.6761653373981777,0
52,98545,313,1,492775,1,0.6239124915002532,0
47,47843,556,0,170202,1,0.8892658461189911,0
40,82320,508,1,268069,3,0.4021707844085075,0
44,49793,580,0,56595,1,0.7503000873084853,0
32,59516,742,0,135249,2,0.3642479218191428,1
55,124407,688,0,21321,4,0.504925584285121,1
53,149045,782,1,408985,2,0.8827666117771882,0
53,37857,446,0,172820,4,0.7362954072099068,0
57,39627,578,1,176100,4,0.4210748793984913,0
32,81822,820,0,283295,1,0.6335584981643649,0
23,104101,733,0,81133,1,0.2347844584519425,1
21,111561,443,1,39187,3,0.38647644163467876,0
53,72248,588,2,48835,0,0.7028733427225302,0
30,75798,685,2,267203,2,0.5990654987118273,1
49,113368,313,1,499044,3,0.5287709970837406,0
33,64116,556,1,221789,3,0.6836132420111742,0
32,95318,645,2,32235,2,0.4789212235738782,0
51,124186,644,2,99208,2,0.21830930117268918,1
22,147119,699,2,72114,4,0.5087186364608971,1
55,107902,506,1,181438,0,0.8314904346052832,0
43,48557,471,0,134191,1,0.7996305898198848,0
37,91334,763,1,379975,0,0.48629802978665904,1
46,95163,569,2,389033,0,0.2155550085322679,0
28,126719,520,0,262057,1,0.645415090834221,0
49,143099,451,1,86583,0,0.7188360994480052,0
46,98002,482,2,37160,3,0.4059705032589924,0
30,62614,698,1,366155,3,0.5336647997337021,1
46,32720,371,0,488301,1,0.8942997566733959,1
54,77608,717,2,272421,1,0.6034401090871191,0
27,127449,582,1,399996,2,0.4457524339630966,0
24,122828,373,0,444795,2,0.6392422136480931,0
31,146613,654,0,384245,0,0.3260156148048592,1
49,92095,796,1,247521,0,0.339476661292206,1
56,125924,627,0,327894,1,0.8474473002998117,0
45,104694,834,2,61902,0,0.3674400288185315,1
41,116452,746,0,216270,4,0.4175525654510209,1
56,107593,672,1,121849,3,0.5806440693788277,0
30,55892,661,2,102052,0,0.8297848341943244,0
57,126975,392,0,132894,0,0.7470142228033101,0
29,97242,620,0,168233,2,0.23064874446891245,0
44,136041,623,2,442715,4,0.6851207682288585,0
55,146202,683,2,167958,0,0.552843037878795,1
55,97606,645,0,407016,3,0.5328869894016663,0
56,143769,402,2,54460,0,0.6840908567778802,0
38,138542,514,1,396568,1,0.33736243235333085,0
59,126438,491,0,75975,4,0.8870420645632038,1
52,20924,493,1,468059,0,0.6517145711907143,0
44,71322,679,0,400580,4,0.4559593222282993,0
43,46478,702,1,21568,0,0.6201415456491128,0
52,91042,310,1,174164,3,0.35152960430273417,0
57,66418,486,2,469235,3,0.6436893053984694,0
32,82217,314,0,67679,4,0.21975199851645816,0
33,120699,596,2,70781,2,0.4388273379858563,0
43,110140,710,2,275574,2,0.7232618277232545,0
45,100846,351,0,471935,1,0.765584494379898,0
55,93762,327,1,43692,2,0.37704358931977766,0
50,31781,316,0,35086,4,0.5775866228959905,0
37,25515,650,0,316815,2,0.5699450227823826,0
40,137358,727,0,234334,1,0.4950192324637463,1
45,56133,528,2,149973,0,0.359903087927085,0
42,102508,509,0,271051,2,0.6922597632601409,0
33,117628,730,0,234652,4,0.37665317722186376,1
39,96946,593,0,33604,4,0.8377180160096309,0
56,105058,403,1,42869,1,0.5699509037829518,0
32,29095,503,1,150609,1,0.8093348361174353,0
39,108583,352,1,148573,3,0.40351990456291476,0
32,40470,674,1,259557,3,0.7649554093811124,0
29,63129,353,2,124261,3,0.2795645094299948,0
27,28531,575,2,435587,0,0.7367812394051754,0
48,57038,634,0,381783,4,0.47086209494771153,0
34,107939,330,2,378834,3,0.5289930621730108,0
51,62674,434,1,435037,4,0.31676512418170094,0
39,147572,357,0,224804,1,0.21303938196707464,0
36,114658,404,0,392736,0,0.666338245189797,0
25,102476,565,1,273217,1,0.6114027983802928,0
55,49831,821,1,197077,4,0.6356997064487602,0
32,77174,795,1,474313,3,0.3785012306188439,1
45,31279,552,2,285245,1,0.3674942240181742,0
41,58220,594,0,429642,2,0.7812074178884734,0
56,80610,457,1,99877,0,0.7328769268152631,0
43,72719,848,0,274457,4,0.43575308108895244,1
36,144936,366,0,166845,3,0.6464640011829763,0
59,73051,598,2,426219,1,0.7797050029181698,1
59,92013,762,0,64668,0,0.8221806095525641,0
34,76652,400,1,359100,3,0.20406438263646987,0
51,85524,355,1,207322,1,0.7694236751943069,0
25,102936,631,0,120087,4,0.44527463397284806,0
55,26470,692,0,386595,2,0.7028647993433237,0
43,87598,680,2,97675,2,0.4599809552199997,1
49,61798,391,1,96634,4,0.6243743607558104,0
31,144517,746,1,440510,0,0.652747708004213,0
38,73473,408,0,149654,4,0.48349493964135826,0
32,39880,616,0,114119,1,0.5589497317964214,0
29,120117,467,0,149832,0,0.7084193603434179,0
30,64439,734,1,338935,2,0.5334136880864035,1
37,140944,741,0,349302,1,0.20978633955961662,1
58,34308,517,2,434199,3,0.20903293789826105,0
27,111563,521,2,438525,3,0.6629175950345755,0
33,116256,827,0,34715,3,0.7930662762189187,0
29,55081,577,2,434631,2,0.7496914762597975,0
47,95242,765,2,223400,4,0.41728021135321447,1
22,70383,329,2,355404,0,0.5297895194978681,0
25,29837,658,2,449797,2,0.36391251807116687,0
49,124135,587,2,139724,1,0.8924049374666707,0
57,72151,385,1,293441,1,0.38235451448216234,0
58,138128,533,0,234030,3,0.4913831149945566,0
39,56824,612,2,412244,0,0.6767902659270122,0
28,53073,664,0,149875,3,0.8132123687555433,0
21,132651,568,2,273451,1,0.2360329788469956,0
42,117624,430,1,429541,1,0.410713773218985,0
37,113648,650,1,325760,4,0.5982900935751223,0
27,46299,479,2,458699,4,0.6328191569633284,1
45,119993,779,2,429790,4,0.2490192069499026,1
24,78861,462,2,124828,3,0.6648551164894513,0
56,50063,395,1,220870,0,0.569645055926002,1
26,89453,809,1,465287,4,0.7793391655535011,1
51,141768,664,0,151004,2,0.3555324233458105,1
39,143299,652,1,413965,4,0.3365188895153133,1
59,88472,735,2,275871,3,0.7553360553495689,0
47,122166,382,0,191478,0,0.6927083902577313,0
30,34506,524,1,22332,4,0.7541713524043723,0
46,114341,711,1,493286,0,0.7473538987196555,0
39,99854,417,2,409050,2,0.2728004730813225,0
59,133604,781,0,156397,1,0.3950081331094056,1
23,46026,491,1,145285,0,0.3820595952955125,0
33,47672,406,1,380885,4,0.8542110969917878,0
48,58417,681,2,137475,3,0.5412266018352418,1
40,72413,689,0,324115,3,0.27773999289001217,1
48,144044,543,0,254271,3,0.40270453415101315,0
28,85066,767,0,452246,3,0.8103311539615299,0
59,79213,837,0,78042,0,0.7929464647157192,0
21,70971,509,2,100195,3,0.830237638408376,0
23,47281,372,1,143663,1,0.471970140915914,0
33,133978,608,1,394288,2,0.6489386730429976,0
48,48091,485,0,280140,0,0.3947217439127266,0
45,70494,552,0,319629,0,0.3265777318066617,0
53,123864,312,0,52830,3,0.21533075314845757,0
58,133755,598,1,39370,3,0.3564086647825446,0
26,38610,375,1,324716,0,0.623061895824591,0
52,21079,350,0,477224,3,0.8329472195247549,0
41,115386,448,2,296242,3,0.29339438725080924,0
36,66751,421,1,197633,3,0.8426080926758093,0
41,106126,510,1,269340,3,0.44176966441020493,0
31,75432,579,0,147163,3,0.4987798853300245,0
57,50951,837,2,216648,4,0.45548497832812274,1
56,100863,455,0,201326,4,0.48602569794379274,0
55,98291,537,0,316406,4,0.3814352044313657,0
39,145659,675,2,142095,0,0.689023274818007,0
40,79872,381,2,25543,2,0.7307281771891168,0
38,27235,791,2,458245,0,0.7761790235965853,0
34,102733,655,1,492129,4,0.438902708351977,1
35,82712,572,0,369315,0,0.7352388237194563,0
51,41473,343,1,440553,2,0.6463727502337706,0
21,87567,422,2,176481,3,0.870541260788275,0
23,126818,648,1,75540,1,0.4973496166889833,0
36,145849,629,2,146035,4,0.8946168095183482,0
43,127399,708,2,149868,4,0.71827582100551,0
31,144421,622,0,45972,2,0.7433944284712981,0
32,99823,410,0,77613,3,0.2179934020767627,0
30,124215,388,0,100384,3,0.5481788459352674,0
52,129999,732,1,83062,1,0.5698356986184177,1
36,52230,398,0,270405,3,0.22842007134441972,0
28,104573,838,2,284190,2,0.4184918564433885,1
58,112588,445,0,280541,3,0.8689509264394573,0
32,88876,556,1,458652,2,0.4982780054520949,0
44,60644,488,0,357949,4,0.3306913891908152,0
48,68664,539,0,499910,4,0.5593370949184857,0
28,65203,802,0,292901,4,0.22363590405432568,0
48,86677,570,1,151371,0,0.5611920899796001,0
56,45425,819,2,260456,4,0.6159878142210615,1
46,143246,849,2,137974,2,0.4503860537871044,1
28,104817,413,2,386003,1,0.7338033386654916,0
48,127585,638,0,251088,3,0.29499985390070377,0
48,105961,658,0,47399,4,0.8147283869164876,0
57,120342,633,1,53330,0,0.8688114372732942,0
56,145740,468,2,444524,0,0.200864167222022,0
47,117649,638,0,257055,2,0.7899051620302115,0
37,89806,560,0,139918,1,0.5542736042351335,0
29,62814,498,0,148431,4,0.5229839436869617,0
53,90219,510,1,185448,4,0.36707537481206676,0
40,69646,586,2,73056,0,0.5131275287781456,0
33,59884,771,1,45832,2,0.8652990047410962,0
48,115345,781,2,156170,0,0.3475513437680686,1
49,146062,322,2,122095,0,0.32532886691553364,0
33,120088,408,0,109987,1,0.3693274128416136,0
55,138198,595,0,186034,2,0.5862839360360865,0
26,89322,305,0,355816,1,0.8512098708033098,0
38,41650,849,0,303029,2,0.6017171135356802,0
25,114242,502,0,494472,4,0.3704377336240746,0
45,29190,624,2,26157,3,0.5083166207248835,0
22,58196,543,0,446588,3,0.473280092250022,0
30,59449,626,0,24674,2,0.23259862890370608,0
50,59661,346,1,37357,3,0.557449293970341,0
25,49709,312,1,279722,0,0.2882044706435717,0
53,130965,679,2,395601,4,0.7895708294587125,0
21,100428,664,2,400467,4,0.5842740365071277,1
38,95179,641,1,215121,3,0.791224537832163,0
52,29943,520,1,435645,2,0.8692312811646288,0
31,63240,372,0,490857,0,0.8602318035251935,0
41,65760,345,0,445087,2,0.27030053401528764,0
46,41042,803,2,484742,3,0.861371950085005,0
45,141770,573,1,161571,4,0.757023045452657,0
42,63894,507,2,404637,4,0.7443606736825537,0
47,26869,423,0,188276,2,0.2630899781877228,0
33,81078,309,2,422807,1,0.3256602915985194,0
53,76759,628,2,197012,2,0.8826143659403378,0
54,125973,486,2,490731,1,0.34935911000870606,0
55,64306,842,0,222443,2,0.31833733111718043,1
21,128369,359,2,108229,1,0.4536461330966275,0
41,75371,741,0,148274,1,0.8393493382744233,0
26,40918,516,1,499166,1,0.5333354244895889,0
48,48379,301,2,391125,1,0.8444086033623606,1
37,140667,835,2,227274,0,0.434037146290665,1
25,128475,655,0,155362,1,0.35857005165889955,1
51,110810,464,2,416346,1,0.5466421061957248,0
25,103232,390,0,304221,4,0.6308338231833219,0
58,22962,466,2,260672,0,0.4740492990294892,0
23,33851,506,1,120136,1,0.44222135671617224,0
43,137626,581,1,155468,3,0.35264149934127265,0
57,65747,364,1,459064,0,0.39250473635524,0
57,145180,815,2,219560,4,0.6711825742066105,0
30,72349,456,2,65530,2,0.4589114770295745,0
30,90832,605,1,200346,4,0.2558299292047199,0
39,76356,694,1,123179,4,0.2967087729667742,1
37,34745,373,0,32122,0,0.4606654318737775,0
41,25730,486,0,296525,0,0.8471517008935032,0
34,33921,636,1,181507,3,0.4653211831521862,0
29,118430,539,1,372758,3,0.2424494542161727,0
21,91138,832,2,159339,0,0.4925959805160111,1
33,103111,440,1,118271,0,0.668172315772116,0
24,39023,564,0,198050,0,0.6155172944637546,0
21,65349,438,0,143160,2,0.39516207367022105,0
52,146796,758,0,102354,4,0.6816622461340858,0
54,101533,369,0,394872,3,0.6414370617057327,0
48,103286,684,0,17822,3,0.32052107818027803,1
51,61979,497,0,186288,1,0.31350150249777153,0
28,42837,504,1,434805,2,0.5830281574475585,0
59,34997,730,0,201334,0,0.6616069927812727,0
46,124975,624,0,456127,0,0.8733374094021824,0
54,108603,741,0,137508,2,0.4953514415122458,1
23,65039,587,0,460070,3,0.7354574677703394,0
32,147394,525,1,460104,0,0.2815645231039635,0
21,40923,363,2,378345,1,0.8227263191209531,0
25,28876,797,2,294425,3,0.6431752789791878,0
50,80973,359,2,355161,4,0.6403212319458731,0
50,22887,696,2,363149,2,0.29970984368270487,0
37,83723,556,0,89403,3,0.22770861066812859,0
43,62422,538,2,373167,4,0.6910143965892337,0
35,122390,337,2,190024,1,0.2819395212752106,0
57,71413,324,1,27766,2,0.2888791046387529,0
41,122484,709,1,231345,0,0.3312501024428895,0
34,22841,760,1,419429,0,0.2684225381977217,0
22,144647,716,0,361035,4,0.6377747643012147,0
31,48756,656,0,329383,3,0.4954033640940116,1
59,91576,682,0,158609,1,0.38626726468668376,1
58,138248,457,1,401010,4,0.5085245802601036,0
54,30304,732,2,457420,1,0.7908980014456399,0
58,50341,347,1,245904,1,0.8489555835305453,0
54,24758,627,0,168396,1,0.5412333012574091,0
38,37010,732,1,61764,2,0.5967270405789618,0
50,147039,730,2,35858,4,0.380039951237911,0
35,80758,355,0,47850,2,0.5595202650459834,0
47,51658,567,2,411234,3,0.7236837248546626,0
54,69002,368,2,132171,3,0.5444960845593186,0
58,123318,748,0,350161,0,0.41145103055241883,1
53,21375,556,2,317934,0,0.6074240430574713,0
44,119485,789,1,348264,0,0.8626592216200912,0
35,42092,348,2,276994,3,0.8215886977881781,0
50,20490,615,2,227309,1,0.7384696654228193,0
37,23729,712,2,373903,1,0.3933467428656463,0
25,25974,733,1,182047,4,0.369091655051481,0
49,138222,301,2,201582,3,0.7869760328583184,0
24,105216,444,2,332840,0,0.32692223325747166,0
30,103860,665,1,161904,3,0.6239279152406505,0
37,147288,719,0,232818,1,0.5072509605080749,0
30,116870,743,0,92826,1,0.5275905271046788,1
37,41398,733,0,493193,2,0.5181803817692785,1
40,54650,356,2,160958,2,0.829965102706562,0
44,41292,477,0,234002,4,0.2609659756268185,0
25,121291,592,1,144490,3,0.748031014619269,0
54,123889,345,2,128152,2,0.7845088701026983,0
26,23159,469,2,12081,2,0.860014003007443,0
22,118162,570,2,369860,3,0.5168199684563979,0
33,82766,716,0,146186,1,0.5500456343208416,1
31,114887,438,0,253917,4,0.8729061647986416,0
43,122834,546,0,285866,4,0.5209157426644141,0
36,37065,447,2,354652,4,0.5524839310833805,0
51,41638,529,1,396896,2,0.4325780227325688,0
31,21073,673,2,22985,1,0.22213921547925494,0
36,66511,379,1,404104,4,0.5031381862330448,0
28,104307,364,2,467470,3,0.6585639175931701,0
24,145274,387,1,495899,4,0.68296213742949,0
24,120997,387,2,387378,0,0.20455605281922667,0
45,127866,503,2,244990,1,0.76073694234098,0
23,49320,681,1,350989,0,0.5446909298899829,1
52,89876,775,1,390590,1,0.564521752970335,1
23,54924,838,1,155371,3,0.8732205817192571,0
47,101720,513,1,454266,2,0.39912281105907255,0
49,60734,373,1,111747,2,0.7331563922777171,0
52,88116,360,1,27036,1,0.6023433719705895,0
39,60025,842,1,261306,4,0.6905589230906268,1
41,114503,518,1,221493,0,0.492472216246787,0
25,22159,311,2,34346,3,0.3954452772749879,0
38,68940,714,1,380651,4,0.5822881666582541,1
48,99436,331,1,381817,2,0.4624588024468529,0
42,96976,459,2,293835,4,0.35603782518076477,0
41,34678,536,2,110578,0,0.7874653036796337,0
26,81075,480,0,285130,2,0.5330821165009039,0
21,67204,640,0,163918,1,0.7931210188336295,0
25,32021,757,1,316809,3,0.5318221076582441,0
32,26772,379,1,118408,3,0.5897583883986857,0
46,87163,772,0,177473,2,0.8966961689197683,0
54,129968,411,0,78728,1,0.8660529484246118,0
34,93755,591,1,55054,0,0.39018290946682344,0
46,43464,682,0,174559,3,0.8080587705144553,0
47,71137,316,1,407628,2,0.47328243858803526,0
29,50232,792,2,86499,3,0.24987411653727495,1
46,81497,630,2,187545,1,0.6030467103777802,1
42,128017,785,0,366303,0,0.8839363016179647,0
50,94024,705,2,71553,1,0.8820195809036997,0
37,120485,416,2,10279,4,0.28852576471372765,0
46,129898,414,2,474164,1,0.7398656666324948,1
56,71448,848,2,274856,1,0.7619831309751453,0
21,125468,846,1,282961,3,0.458121349021662,1
28,104517,635,1,189904,1,0.6610166268319299,0
55,20901,635,0,360760,2,0.5417116347940552,0
35,107980,446,2,454440,3,0.3595251683969487,0
42,127594,421,2,404840,3,0.7328849968574913,0
34,103597,380,2,427342,4,0.3839268954686892,0
46,22881,674,0,480331,2,0.43831342712916144,0
48,49863,362,1,85667,1,0.33301288344082275,0
43,131362,803,2,173534,4,0.703489912652093,0
34,25622,748,1,194748,2,0.5211068376814055,0
44,142740,727,0,182887,4,0.5103612783872532,1
22,21378,726,1,239027,0,0.6231940068230089,0
46,103168,720,2,224983,1,0.3100844130731361,1
34,113847,621,1,293237,4,0.8287077227380315,0
27,91186,465,1,116030,0,0.5255762693651517,0
23,65201,760,0,122385,1,0.45656880107742087,1
43,140767,758,0,168597,4,0.28868342623363474,1
38,127760,488,0,34030,4,0.31756794305719,0
58,79251,763,0,49067,4,0.844252219739702,0
55,92572,678,1,403423,4,0.5196319233798056,1
35,59255,301,1,343577,3,0.7055287435514825,0
45,83212,663,0,293783,4,0.25636144686097323,1
57,70210,371,0,401008,3,0.6504251808885386,0
48,145629,726,2,5420,3,0.8450634346361947,0
30,136736,469,2,492976,0,0.4099744156170438,0
59,42499,504,0,24198,1,0.6053983504994075,0
37,122552,636,1,433824,3,0.8581533730210953,0
59,71628,771,0,182277,2,0.7035257876633041,0
42,81360,494,1,87951,3,0.24362785166885412,0
46,24603,574,1,242015,2,0.46511600308230716,0
45,113309,306,2,285019,0,0.2600409292611019,0
37,147466,477,0,75511,2,0.8029223173394218,0
33,105473,541,0,96997,0,0.6351638908425308,0
40,32632,502,1,288475,0,0.86946722138372,0
45,50607,842,0,284037,0,0.21382943043006503,1
24,111873,761,2,200985,2,0.496161158897733,1
30,85756,379,2,23243,2,0.27305486968107634,0
23,66994,822,0,20535,0,0.4453414758339389,1
38,83382,716,0,461419,0,0.3133207763496109,1
56,90354,683,2,468813,1,0.43015563199539414,1
42,76344,690,0,334538,0,0.7734834033054203,0
54,73775,425,1,161561,4,0.3124895285378925,0
28,27349,793,0,346358,1,0.5315653298665317,0
39,91154,346,1,387439,1,0.8451081938423683,0
57,47464,775,0,367513,1,0.8991455014980145,0
26,62624,763,0,117695,4,0.3754487827225583,1
46,141897,422,2,220958,1,0.8548977195362701,0
54,146866,773,1,280490,1,0.38297207656071786,1
26,57344,433,2,184077,2,0.48946994928851534,1
57,145857,322,0,404989,2,0.8145465285633291,0
53,103791,534,2,231073,0,0.7503232734469736,0
42,44299,358,0,127580,0,0.8002412900566147,0
41,67975,463,0,342468,3,0.7601796755131154,0
26,21462,515,0,168415,4,0.36454270350702894,0
26,140209,482,1,248470,2,0.5911565808014214,0
24,101441,389,1,369890,0,0.46967550285334536,0
50,110456,610,1,79783,4,0.521797677913858,1
31,101788,556,2,444179,1,0.3077694114865415,0
50,126540,832,0,440199,4,0.42103729145761937,1
51,60581,832,2,172044,2,0.8003529849955309,0
44,120372,351,2,284103,3,0.8282908869203147,0
29,91289,637,0,356487,2,0.627107158729397,0
23,125541,470,2,170205,0,0.548787079900527,0
51,34175,366,0,225826,0,0.6989877817045103,0
57,141704,599,0,56150,4,0.6261972751555416,0
56,26191,531,0,288878,2,0.8885725044434696,0
44,103434,367,0,486580,0,0.33306215451494225,0
51,104518,805,2,22400,1,0.5143313083725372,1
26,100158,327,2,156074,1,0.8427683515998876,0
22,86537,350,2,365473,3,0.8403159419359669,0
40,135721,559,1,391582,4,0.5467427925928214,0
48,67645,483,2,434708,0,0.29436630140096703,0
31,128536,322,2,102753,3,0.7704705772450318,1
24,43283,428,1,499978,1,0.6096156305523432,0
35,143153,590,0,229540,3,0.7412162111000797,0
26,106971,800,0,376007,3,0.5237665419874131,1
50,112759,485,0,166947,0,0.3427187453557786,0
58,79123,778,1,161118,0,0.21679258523566458,1
22,122780,791,2,159736,0,0.5913967881878265,1
35,50024,812,2,422669,4,0.3127323252171127,1
31,69630,366,2,9746,3,0.330996046018475,0
28,50734,766,2,225581,3,0.505413941670015,1
46,20515,584,1,128765,4,0.5094539514072285,0
25,130782,716,2,411433,1,0.3920709631439937,1
26,86727,399,0,330328,2,0.2923455458964279,0
46,117800,488,1,93898,1,0.8614669262756363,0
24,129164,687,1,308979,4,0.29214843111478195,1
39,66216,540,0,276277,3,0.44554080922079065,0
40,91833,716,0,106345,3,0.4134075948252124,1
53,78755,475,2,45533,0,0.8064365278709864,0
40,47856,686,0,403620,0,0.48704371393499934,1
32,134959,770,1,169411,3,0.286830449464055,1
21,93870,532,1,295869,3,0.2071827198831468,0
46,44162,751,1,210404,0,0.7053647224321673,0
34,26008,576,2,443596,0,0.7001507647974952,0
58,27987,528,2,446289,1,0.4924485699192594,0
57,82532,470,0,196945,3,0.2884156002186265,0
31,116502,512,2,222972,3,0.4601436688009235,0
56,23332,581,2,132240,4,0.6129177156419217,0
33,86323,340,1,177413,1,0.6927600592647887,0
23,58990,421,1,268380,2,0.25476792470399334,0
53,29873,526,0,335060,2,0.5894152294302752,0
26,102542,593,1,372625,2,0.3932868549136963,0
30,105761,566,2,133357,0,0.6320864009935498,0
25,56444,840,0,281682,2,0.6536980860053325,0
43,55340,750,0,410187,4,0.837422591242303,0
30,125219,748,1,104821,0,0.48726486277227193,1
22,25033,360,1,481669,0,0.5763134620947223,0
33,93324,801,1,43655,2,0.3877505859323565,1
22,35689,446,0,213094,0,0.4005899169015892,0
40,129756,633,1,65784,1,0.23222364709295376,0
21,107134,441,2,389691,1,0.40024825960895444,0
57,123016,343,0,385321,2,0.24468008271346053,0
29,115239,443,1,459505,4,0.8747410534100808,0
37,20066,632,2,173482,0,0.6369842647632731,0
29,134159,796,2,358126,3,0.32120399283040585,1
31,65246,695,1,449518,2,0.2817364518742346,1
35,27533,354,2,419919,0,0.4590858343342804,0
44,100639,606,0,311335,2,0.41535312723318896,0
58,90152,722,0,254526,2,0.3954783466401171,1
55,131581,716,2,321256,4,0.5277372314517148,1
50,135828,624,0,16399,3,0.8390116900835245,0
51,79658,379,1,371509,0,0.5976351780821207,0
25,58498,330,2,17685,2,0.5648620532106334,1
34,129028,411,0,354921,2,0.7645839046127405,0
31,31772,771,1,271631,0,0.20281722811782243,0
29,109385,373,1,279162,2,0.3381699684086634,0
54,69036,778,0,429041,2,0.5473301540721852,1
32,78531,686,2,143822,2,0.6937163423654467,0
55,139159,732,1,457172,1,0.5395197364577469,1
55,32940,711,1,448445,1,0.314601186910614,0
21,138027,766,1,88220,3,0.8509879723631035,0
42,36932,547,1,310262,4,0.43006559177381165,0
49,115305,419,2,64615,0,0.7517509769761528,0
28,76827,366,0,84946,4,0.8239893342183289,0
31,81431,626,0,257409,4,0.4425145643820665,0
57,44648,769,0,126869,1,0.7917182469310733,0
34,132947,792,1,455506,3,0.6975415782167582,0
50,52966,585,2,282249,4,0.8329965856634043,0
55,47777,611,0,417129,4,0.37591749120608436,0
41,144661,608,2,368708,2,0.8518943242967929,0
57,52567,396,0,185587,0,0.2457145336689512,0
25,135259,412,1,52342,3,0.7555698997139542,0
39,37174,755,0,379160,0,0.5049655144911429,0
34,62598,762,1,251605,1,0.3245229767970725,1
46,144711,431,1,188256,4,0.2555820685718757,0
24,79199,420,0,481463,4,0.4726832597292566,0
45,33798,496,2,327650,0,0.4725267452085647,0
45,85364,781,1,292111,1,0.36097016901488976,1
38,37558,338,2,303167,2,0.35086077884698996,0
28,81084,811,0,321432,2,0.4796600086327712,1
59,64237,773,1,257868,4,0.48707971824361007,1
34,85497,460,2,129939,4,0.5096553594142346,0
52,20178,588,1,368685,3,0.8081315707094376,0
58,136932,499,0,293766,0,0.6278781544959302,0
53,106006,827,1,50201,4,0.2143032162500675,1
43,37118,802,0,473249,1,0.5633694692335286,0
35,42616,547,2,21350,0,0.7337159071900281,0
53,20798,682,1,321964,3,0.23949001465116204,0
45,27601,517,2,315853,2,0.4958255154918746,0
37,45363,386,0,355376,3,0.5158471002802969,0
53,22795,381,0,425686,0,0.8678143166350429,0
22,117462,361,2,166961,2,0.5329787676480722,0
34,65264,799,2,146296,1,0.7249301838635416,0
59,122892,341,0,243332,2,0.412031431646337,0
26,92833,311,2,141537,2,0.7455146558319019,0
26,149688,414,0,349562,1,0.4258636565481384,0
23,23084,517,2,102739,4,0.5010165111415068,0
27,115865,405,0,229552,4,0.5356375944681885,0
28,96646,827,0,60214,2,0.8484540785926078,0
35,20731,771,1,231445,2,0.2374174834634073,0
49,21129,686,0,139016,3,0.33780700570756506,1
53,48022,525,0,29336,4,0.6940199223382527,0
50,21605,780,1,43624,1,0.6043043619173781,1
59,97506,707,1,332350,2,0.3760719732904831,1
47,129241,756,2,49764,2,0.4024406212437034,1
56,64130,320,2,495548,3,0.45711663992607593,0
49,49265,502,0,361469,3,0.5152428645312299,0
58,52330,716,2,50420,3,0.7726191262769446,0
53,88469,715,2,487974,0,0.2096708335303738,1
57,35187,747,0,109381,1,0.8286138188494347,0
47,45791,811,1,70671,0,0.4891189781420697,1
53,110436,384,1,413989,2,0.3613482622964892,0
24,90610,466,0,112596,3,0.5558888896691416,0
42,132341,683,0,293591,3,0.6617690298897048,0
22,111962,767,0,140105,3,0.23132655343552247,1
30,59867,371,0,454068,4,0.7010441461662578,0
25,136178,820,0,25497,1,0.7325328313087036,0
30,20893,772,0,84714,0,0.3163275990263935,0
53,119694,557,2,131892,1,0.31751699986383203,0
58,39773,574,2,208154,3,0.3426491881786138,0
33,24239,319,2,472148,2,0.7576400984471126,0
51,40863,789,1,419194,4,0.3904021391518324,1
56,71415,789,0,244939,1,0.7571550866380481,0
44,88968,625,0,148954,2,0.5783667012571942,0
35,120675,828,2,153017,3,0.7370199311202661,0
49,80430,388,1,485536,3,0.5875711291757275,0
28,139000,785,2,454701,3,0.43503822944825354,1
25,21515,649,0,467066,3,0.8374998998606407,0
49,117206,383,0,254720,4,0.700706963300225,0
24,134210,686,2,327014,4,0.5388383617609701,1
32,124630,386,2,154667,1,0.6461999334626887,0
22,34605,606,0,220363,3,0.6310903491082951,0
47,76240,453,2,102847,4,0.45068135155298905,0
51,25586,739,0,200110,2,0.4966402227456652,0
56,121221,563,2,454342,4,0.42277974434318444,0
56,140419,720,1,247303,4,0.899662691990817,0
46,142374,792,0,363278,1,0.6060451177890724,0
47,134205,710,1,433665,4,0.2644387247682236,1
25,51186,472,2,368254,2,0.5633750285911449,0
40,46928,303,1,246337,3,0.23497337527028794,0
31,118264,771,2,416855,0,0.4020564338190761,1
30,103087,409,1,443586,1,0.5121727811833282,0
58,142990,336,1,494775,2,0.5739893406213383,0
26,107029,330,1,210700,1,0.8833269798097783,0
28,40711,680,0,76918,3,0.8875552066629064,0
43,74962,567,1,440926,4,0.26864855893444806,0
46,40039,310,2,190123,4,0.5766928709340224,0
32,56561,643,2,196711,2,0.7719765766344797,0
46,95483,843,0,8159,3,0.36639897417692835,1
33,117871,465,0,338336,0,0.7253941690119301,0
38,101395,641,2,334132,0,0.8150333389934854,0
45,108658,781,1,112739,4,0.663741177224821,0
53,21577,318,2,285850,3,0.42939234419158323,0
32,127792,483,0,408078,3,0.8461926235384007,0
56,48350,844,0,277363,2,0.8184640655719182,0
24,136908,309,2,356161,0,0.7010777231558263,0
25,127468,491,1,301680,2,0.45456767940602116,0
57,53798,619,1,338776,1,0.7543274536763596,0
28,117434,774,0,239561,3,0.4212762870514988,1
48,101417,726,2,475607,0,0.37706699593349946,1
51,30785,358,2,461102,2,0.5605093708378968,0
29,92227,735,0,375942,4,0.8979946575008755,0
49,138680,396,2,478212,1,0.7630253590038847,0
34,81957,795,0,301081,2,0.7108549124828265,1
42,85431,577,1,26094,4,0.5164089226857841,1
31,37297,564,1,130312,0,0.41836500643007124,0
43,91894,308,2,109894,0,0.7991305342053612,0
21,136869,756,1,251146,1,0.5974129459867135,1
57,83772,572,1,122118,4,0.7692784657853293,0
41,39581,307,0,163996,3,0.5414275966996851,0
46,75192,507,0,350469,0,0.7277702458084703,0
56,21462,422,2,136195,3,0.8074187410701863,0
43,148848,332,0,451365,3,0.47397301852899965,0
21,84173,812,2,338589,2,0.20949869893281114,1
35,35511,503,2,36854,2,0.37844859621463633,0
41,96106,817,0,65796,0,0.8404405287590861,0
29,68665,816,1,336576,3,0.6812795823866036,0
29,64414,742,1,195040,2,0.7160531015058582,0
30,101010,638,1,439050,4,0.427702029985795,0
46,92573,737,1,284255,4,0.6908910892724965,0
55,113665,744,2,77575,4,0.6523975017865976,0
45,127803,435,1,115380,4,0.3248615644339203,1
46,139682,686,2,291243,3,0.8780835442014512,0
31,33386,324,0,467422,4,0.44781791534341797,0
58,144069,805,0,448509,3,0.4305008816880296,1
22,74460,624,2,113871,0,0.4584130809611386,0
27,26221,637,1,254791,0,0.2642037307245385,0
38,43474,394,2,282173,4,0.637474461965251,0
47,126073,844,1,430027,4,0.36703697062247775,1
54,135375,445,1,20793,4,0.7623189294689265,0
47,132660,530,2,315250,0,0.4759093260937621,0
37,41045,794,2,352806,2,0.5209909376034564,1
44,111319,337,1,220836,0,0.6524954378808913,0
45,136582,724,2,263490,4,0.7333097937676174,0
27,125693,736,1,482347,2,0.36178071339367823,1
26,24922,667,2,399188,2,0.8764060308027022,0
44,131943,644,0,398576,1,0.6356250821766769,0
53,42706,459,1,138704,3,0.20394703645027132,0
49,62771,849,0,434174,4,0.4909355469464858,1
42,72335,840,2,239324,3,0.505772474441528,1
46,118015,443,0,85882,1,0.7664154831820778,0
48,72949,644,2,381002,3,0.41359784188435267,0
41,90714,568,1,154080,4,0.4318585614064744,0
27,115558,567,2,82656,1,0.24934586499679756,1
37,35240,468,2,428499,3,0.39848221716807036,1
40,111756,332,1,318052,0,0.701873191040095,0
40,122272,676,2,143890,2,0.6443298436918736,1
42,22716,513,1,468871,1,0.2569758616055258,0
48,36574,739,2,35579,0,0.2802857244803481,1
27,131815,791,1,60178,4,0.4638481747475756,1
21,103255,692,0,193656,2,0.7206304334987068,0
52,93717,788,2,201092,1,0.7830427946900409,0
33,131299,328,2,118204,2,0.2102368301070122,1
50,64066,338,2,100373,1,0.4303074041151805,0
43,135066,472,1,137047,1,0.4969833045400025,0
39,81826,316,2,461695,3,0.8377929675533196,1
52,40213,355,1,283409,2,0.55098459039661,0
50,91916,525,2,330662,2,0.38879053567197863,0
49,86151,366,0,402534,0,0.47303294561469134,0
49,148518,496,2,387755,4,0.505504109046323,0
50,137018,322,0,433297,0,0.6689971114704949,1
36,149024,536,1,194721,3,0.22876144807719767,1
39,70906,437,0,120475,1,0.4726161641170452,0
38,20463,772,2,179141,3,0.652588245840116,0
21,51973,528,2,214742,3,0.3983256207550782,0
34,94694,616,1,372112,0,0.6142257046649079,0
22,40651,500,2,378830,1,0.4500952510728309,0
48,88694,557,2,81377,4,0.7311046072547429,0
50,40008,779,1,358815,3,0.24241838752374545,1
58,131738,477,1,148499,4,0.8425733864909495,0
24,90474,422,0,438467,1,0.3201287835642829,0
21,58185,641,1,235739,1,0.3109829607245444,0
28,107924,470,2,107263,0,0.7884500613412488,0
49,94417,358,1,423381,2,0.8084980461167219,0
59,145502,764,2,465501,0,0.2650813194120602,1
23,91139,559,0,126359,4,0.8361032496104372,0
52,54980,672,1,365988,0,0.3913085067102834,0
30,42504,394,2,69927,1,0.6330351797856388,0
30,74970,424,1,340314,3,0.24801544328552705,0
39,36766,340,1,343294,2,0.46646277078974063,0
54,136944,553,1,292010,1,0.5155072263731765,0
53,113922,306,1,277426,3,0.6198785985494173,0
43,31695,770,0,156391,4,0.567690379990126,0
48,37796,810,2,434942,4,0.5230450730441147,0
52,62543,368,1,20412,4,0.8717481482359115,0
27,34559,380,2,471802,0,0.3295159438914314,0
49,124450,841,0,129135,4,0.3105959614526677,1
28,53139,561,2,125019,4,0.6993933426304701,0
21,140494,388,2,291727,0,0.2521863194091625,0
23,123869,507,0,219649,3,0.5380240191959937,0
44,28802,512,1,329066,1,0.5388371834065451,0
43,93843,565,2,273329,2,0.4170177316713639,0
28,60205,592,2,353492,4,0.8513106191761384,0
57,118750,506,1,96368,4,0.397780404567208,0
23,54159,632,1,192461,4,0.40190936656677256,0
53,31516,376,2,262902,0,0.3640099749566048,0
48,70492,587,0,284567,0,0.30205162465439417,0
28,49086,346,1,56268,0,0.45480773874391695,0
54,133758,499,1,117692,2,0.676621082000301,0
55,50480,726,0,439860,1,0.7195140039395291,0
52,72091,509,2,172858,4,0.7693932415014766,0
44,148023,719,1,362345,3,0.338280721972091,1
34,130195,453,2,473741,4,0.22494288176781085,0
52,67766,821,2,350888,4,0.8822801009418744,0
36,58737,714,2,123222,4,0.21003276350049999,0
24,29265,652,0,355734,4,0.872475186570641,0
57,134165,456,2,428693,1,0.7801700930982598,0
41,139501,560,2,231982,3,0.8384523327175954,0
34,138257,376,1,127942,0,0.47102999882780217,0
51,90990,787,1,139643,3,0.3380413991957233,1
38,121454,430,0,24576,4,0.6245245796228954,1
27,111717,754,0,386785,3,0.7188758195015408,0
30,35386,462,1,460919,4,0.29160274642726236,0
27,124718,314,1,145752,3,0.7583350602791739,0
53,57425,531,0,161778,2,0.34601532400879054,0
43,141635,494,2,215926,3,0.5441741050359219,0
41,63254,841,0,222267,0,0.7995377149147069,0
39,109863,658,2,462743,0,0.33539715772988477,1
39,138350,630,1,382186,3,0.36931925358795126,0
56,73634,726,1,206637,3,0.24393980954943406,1
49,106717,796,1,446652,1,0.3026298782481913,1
38,67662,785,2,138846,3,0.3025680738469581,1
22,106988,748,0,153044,0,0.3423992515078963,1
21,123784,712,2,150120,2,0.40034027794548876,1
25,126337,629,0,103908,0,0.7704883551349786,0
40,119287,446,0,375868,1,0.8410347049267821,0
31,107527,558,0,242741,3,0.48439642646026515,0
22,126847,591,1,85225,2,0.2897462663918176,0
23,95452,442,0,349417,0,0.35666694756687145,0
43,30143,664,1,131170,2,0.7153441837986578,0
32,111391,389,0,479766,4,0.6741978634490228,0
40,35581,463,0,485570,0,0.8770451111239832,0
25,87443,780,1,365881,4,0.21014207641655827,0
57,49424,383,1,474896,2,0.7255311321976499,0
58,108844,376,2,363681,3,0.5540555203170872,0
50,61984,816,0,62602,3,0.8318850845457215,0
29,61505,784,1,333547,3,0.6033166718888068,0
54,132061,403,2,32182,4,0.5126674071229909,0
55,122478,751,2,347020,3,0.6660954266450964,0
42,82699,786,1,475589,1,0.7834664095266983,0
44,46957,638,0,314203,0,0.3977489851209964,0
37,45464,777,2,407003,0,0.27526893064898056,1
30,134012,522,0,267537,2,0.5031126828235244,0
50,43649,308,0,328919,4,0.35016391096821,0
43,62065,352,2,195526,0,0.5006788227766463,0
52,112661,376,1,148128,4,0.8937337209592651,0
37,54758,802,0,459699,2,0.6018854656418153,0
37,25596,615,1,443173,3,0.6855201559927206,0
34,36374,464,2,426645,2,0.674549895722993,0
29,138686,578,0,50909,1,0.7744905854002444,0
22,23775,326,1,320050,3,0.8608900193107656,0
45,47388,369,1,364579,3,0.6611726687456374,0
59,143800,517,0,495973,3,0.5332662513272457,0
29,41029,664,1,353434,2,0.422481662492538,1
42,103981,605,1,311533,1,0.45219201008670695,0
24,73639,423,2,288049,4,0.43413642568683963,0
46,134010,318,2,225691,2,0.4271258438917229,0
49,34645,556,1,189802,0,0.686237503067466,0
54,51105,595,1,62557,0,0.6113963209663049,0
43,33668,321,0,383958,2,0.34139653144240834,0
57,147949,749,2,242706,4,0.8787382134163371,0
31,35960,849,0,493373,0,0.49940786074802346,0
26,146519,347,1,484329,4,0.5962604807476548,1
38,31357,482,0,238336,3,0.6918206767528339,0
41,84604,734,1,202271,2,0.6295741636738268,0
56,122739,406,2,183373,3,0.4177362383669206,1
58,71796,487,2,89752,0,0.7583946014411638,0
54,35804,385,1,445475,4,0.2771075477057388,0
37,147732,755,2,210873,3,0.59829708429257,1
57,135733,436,1,271718,0,0.3913220561098705,0
45,34626,635,0,355435,1,0.6310336573711128,1
58,48132,768,1,262974,3,0.35259543675905886,0
32,27951,702,0,454992,1,0.7405397586465368,0
43,26449,839,1,101777,1,0.3592754318860828,0
42,39065,371,2,486428,0,0.8232744944767827,0
41,121503,323,1,485313,2,0.8030884332691617,0
47,125072,784,1,291881,4,0.45367541640966785,1
51,29130,355,1,28390,0,0.4700742022118181,0
26,109360,522,2,96612,3,0.6910524203812434,0
47,82287,478,1,57330,4,0.26326147658073873,0
54,126937,733,2,76082,2,0.25664358852297553,0
32,71702,749,1,189714,0,0.2954269377837602,1
27,56993,791,0,419496,2,0.5937327348148966,1
30,51875,488,1,234561,3,0.30430161338176526,0
37,135284,719,0,288181,0,0.394332097241087,1
46,26054,548,2,121668,3,0.6528379852781455,0
41,119809,463,2,124229,4,0.21093664448570087,0
48,127357,554,1,438792,4,0.3261656255674289,0
22,68517,775,2,426780,2,0.8509514640129925,0
21,96368,716,1,235205,2,0.6645043363860992,0
56,49670,469,2,221511,4,0.4138857799562494,0
46,69112,616,0,101342,1,0.23171239684281802,0
49,108388,473,2,247936,4,0.6102341658886989,0
41,109156,769,0,357072,0,0.3560064169247084,1
31,48307,644,1,33087,3,0.8721228071028333,1
31,133087,744,1,114844,4,0.6808726684907912,0
56,87087,317,1,486045,4,0.8818867204422742,0
59,67922,369,0,212285,3,0.7942292281880967,0
55,83080,637,1,17803,3,0.5381191906333784,1
54,113348,826,1,444218,0,0.6686942033579004,0
44,99335,755,0,333905,3,0.76847503687751,0
42,46312,568,2,133574,2,0.6047249371638362,0
25,125156,487,1,207382,4,0.24304125067775345,0
53,86985,828,2,345723,3,0.5293124197115417,1
56,140641,733,2,414379,0,0.29140133155064796,1
40,77608,587,1,466596,3,0.7003927426471193,0
39,109962,798,1,471099,4,0.6764402409463215,0
55,120963,740,0,187957,1,0.8950357344364794,0
37,60277,602,0,222412,3,0.6401668612558754,0
54,51551,386,1,41764,2,0.7600965596687592,0
29,109813,737,2,490998,4,0.3878014956221828,1
46,76597,840,0,198198,0,0.43801689470718586,1
22,121025,321,0,244066,4,0.8419169766644861,0
29,144342,816,1,203296,1,0.7286345817380215,0
29,65212,802,1,314199,0,0.6586884223583463,0
37,29637,766,1,318743,1,0.37781938480812816,0
21,63258,400,1,349931,1,0.6890045501076156,0
45,55693,440,0,214112,2,0.8207345515293658,0
45,29824,437,0,306864,3,0.3615583584262595,0
59,149553,527,0,98120,2,0.6942867635410762,0
55,46950,580,2,180556,2,0.4755857673782561,0
23,43488,730,0,132976,2,0.283137189058434,1
57,147870,339,0,381211,0,0.7344224735735774,0
50,124544,818,1,174924,3,0.3169957524290355,1
58,135200,510,0,18219,3,0.3770273914432599,0
54,20215,601,0,375652,0,0.7480594286150846,0
32,125603,385,0,95351,2,0.7194929499372462,0
39,31523,696,1,316009,2,0.3779281462310765,0
57,95900,552,0,59457,1,0.8586752300424569,0
37,88689,832,0,95159,1,0.35069965755403404,1
30,43834,680,2,435033,4,0.8955355504748226,0
32,54474,743,2,205065,1,0.7165299103660077,0
36,63066,332,2,98391,3,0.47475538338598183,0
44,119871,559,2,450596,0,0.2912444446637388,0
39,30400,533,1,317544,2,0.42435696861172956,0
28,145211,814,2,303402,4,0.3356169580255341,1
51,30345,607,0,217078,1,0.6352877105458135,0
41,53896,369,2,185029,4,0.44979860719656967,0
37,105430,753,1,378610,0,0.4065050828706999,1
43,48899,738,2,154353,0,0.7299932342028606,0
57,126171,663,2,82264,4,0.36141960439512816,1
36,48229,780,1,187403,4,0.6108225221978533,0
26,137053,443,1,181752,4,0.33621726497648197,0
28,25583,323,1,436939,2,0.7003590254131669,0
45,24897,724,1,146234,3,0.6375850386268176,0
38,140406,474,1,230880,1,0.7587074606239217,0
45,91537,624,1,499240,1,0.2479479523338753,0
32,129417,647,0,376021,1,0.34707381465351506,1
35,24567,317,2,449311,4,0.30812225238742597,0
46,94807,343,2,278482,4,0.3333928682000156,0
46,149648,454,1,223904,4,0.2721098553966355,0
52,132652,676,1,16675,2,0.593457331005251,1
30,97239,701,0,94606,2,0.6154019849353882,0
36,33329,524,0,287224,2,0.7904428289158072,0
27,121045,516,1,248747,2,0.49241672351063387,0
37,137708,330,0,253585,0,0.5726692991521134,0
43,91792,358,0,281080,2,0.8939128415877777,0
46,20228,652,1,15019,2,0.5722915583514254,0
41,110282,744,1,242790,2,0.6015032614264113,0
42,102214,534,1,465498,1,0.8971421904141688,0
27,57052,406,1,447897,1,0.8958905670148407,0
34,77769,490,2,355448,1,0.49682131191810086,0
35,66032,829,2,209933,3,0.6444627807220751,0
27,131694,544,1,9486,0,0.5365617554860772,0
29,108721,375,0,349165,4,0.7045008161600401,0
28,53686,846,1,215936,2,0.8568705647933741,0
43,96981,566,2,123411,1,0.4167615158612913,0
49,118802,616,0,155184,0,0.7732126193072588,0
38,83261,420,2,56697,2,0.6583942529431861,0
51,22809,324,1,60998,3,0.3961293608919521,0
50,123265,731,2,114537,4,0.7581097607273954,0
59,61785,459,2,364960,2,0.49899311343830005,0
55,56547,413,2,31576,4,0.28427802283690645,1
38,62818,801,0,186172,2,0.8953914500930664,0
59,120422,465,2,375208,3,0.4979524330806232,0
37,91927,474,0,86238,0,0.5790867831633129,0
34,85681,300,1,419536,4,0.7655732115346325,0
51,99465,385,1,220045,4,0.8726132945839533,0
44,109862,619,2,130885,0,0.811021494972221,0
55,115527,700,0,70729,4,0.5675372454610966,1
54,133221,681,1,95853,1,0.5819872528731806,1
23,57333,617,0,126992,0,0.396620855626764,0
57,146457,549,0,230090,3,0.5239620147113586,0
46,36576,824,2,483095,2,0.862787217522603,0
43,139875,555,2,296288,2,0.7088586607570593,0
59,59405,606,0,392287,0,0.20831389351907306,0
35,114000,443,0,193398,1,0.28155474727591867,0
24,93779,690,2,344292,3,0.8466678889704986,0
49,51601,468,0,286451,2,0.7941035302493298,1
42,87946,597,2,327742,2,0.5403151260238779,0
45,87356,532,0,417839,1,0.6318847966070811,0
33,72116,570,2,156321,4,0.4027522072665074,0
38,120825,359,0,471981,0,0.7549815264702968,0
53,144749,595,2,96810,1,0.6223222128226079,0
36,137256,766,0,370014,1,0.6863779938191406,0
22,124186,534,1,77131,1,0.46243688660629856,0
55,82894,533,1,361282,1,0.5013066045580363,0
54,54635,667,0,174449,4,0.34537745807511977,1
50,27465,531,1,450581,3,0.8636367800446103,0
33,76754,790,0,370556,1,0.8625899142706022,0
33,117975,802,0,301695,1,0.7724258730679328,0
38,112850,680,1,310070,0,0.8548885834394286,0
52,129765,727,0,95214,2,0.6657296368062651,0
52,105119,663,2,354894,4,0.36425630851215235,1
55,112691,501,0,43599,1,0.7321473655347439,1
59,58871,445,0,234417,3,0.42769334646919166,0
49,82874,756,1,114490,3,0.5083371825088898,1
49,97733,434,2,360474,3,0.3920451146987588,0
36,49511,563,0,27593,0,0.4965353424048888,1
30,100960,363,0,458550,3,0.6755221559596865,0
50,68821,790,0,230472,0,0.27742739291352086,1
45,85776,340,0,114865,4,0.2736448502951115,0
59,138128,595,0,458109,3,0.6786390084616993,0
40,90167,302,0,178708,2,0.7457068167422252,0
25,95135,409,2,467441,1,0.5860266792986555,0
21,64462,520,2,438579,4,0.3271487098472258,0
50,81382,669,0,192031,2,0.5015297938526919,1
23,110194,667,0,478439,4,0.7307228656688101,0
34,123381,735,1,221989,3,0.6800131710867499,0
50,52574,303,2,234701,4,0.27690583447355904,0
24,122072,543,2,487341,4,0.8784030266707714,0
38,61910,465,0,137192,4,0.35635471662043555,1
57,93531,325,2,414707,0,0.3542726532063183,0
45,45186,694,2,48638,2,0.5219000734218191,1
21,114781,773,1,175134,3,0.4290701903000339,1
35,42813,316,1,272337,1,0.8887901920510757,0
29,98812,391,2,487360,3,0.2535428412778924,0
35,105525,782,2,20213,3,0.4145074336462943,1
44,98282,842,2,259286,0,0.4679055122991072,1
24,129779,504,0,249987,0,0.5454212956053583,0
32,38557,801,1,346910,4,0.21148450010886413,0
57,48060,699,0,220031,3,0.25765349226579637,1
57,78866,506,1,153259,2,0.3804667499108681,0
26,92104,445,1,146112,0,0.5878014571799173,0
59,120905,400,1,202374,0,0.7374400991354306,0
44,104577,540,2,34949,2,0.6805467441704645,0
31,26080,462,1,248072,0,0.5969174389058274,0
33,33854,472,0,401743,2,0.4780629878093615,0
54,142013,801,1,253066,1,0.8094861515793077,0
45,87695,846,0,474773,2,0.5218407802807823,1
27,47025,583,1,219480,1,0.409476963926251,0
24,72982,658,1,369577,4,0.6405345803964401,0
28,61081,680,2,213366,4,0.6844804976104162,0
40,24368,832,0,416973,0,0.4789291714011988,0
49,119621,462,1,292556,2,0.2197002967321402,0
30,139181,606,1,150384,0,0.2658920501656974,0
54,47094,638,0,420335,2,0.7919192243255633,0
46,66040,354,1,147876,0,0.23958354482971556,0
23,86766,632,2,190058,4,0.6144137669294926,0
26,103053,426,0,51545,4,0.3285965698145743,0
25,43991,542,2,343663,0,0.36024840387092394,0
25,21301,708,0,166071,2,0.3913337718153268,0
43,48610,802,0,363237,3,0.22680397033791433,1
29,101463,602,0,437974,2,0.3240646918982047,0
55,54678,763,1,361468,0,0.6553499891597583,0
40,44466,534,0,495702,2,0.5491019953456036,0
55,100440,337,0,467735,1,0.7581303600172551,0
38,60875,438,0,8768,2,0.2428694745860455,0
37,46081,494,2,268648,4,0.8222288073761417,0
44,44354,826,0,335130,4,0.897478972329631,0
23,113297,300,1,474988,1,0.2110179805741481,0
52,38300,395,0,383865,2,0.8773480458779532,0
55,84384,712,0,13002,3,0.365103899079714,1
58,115027,837,2,80427,2,0.6847801967442259,0
33,141684,728,1,305931,4,0.40473841017344836,1
45,80892,534,1,18898,4,0.5652690151232643,0
29,55525,648,1,408688,0,0.557292956885316,0
24,46532,780,0,85800,4,0.4527738356143505,1
34,26464,695,0,219299,0,0.7022827378018337,0
57,36562,650,1,376167,4,0.61974553730432,0
54,127392,715,1,430848,4,0.555793902760223,1
31,75514,350,2,131718,3,0.8879875183427797,0
23,133428,380,1,38743,0,0.8580065283311284,0
48,132564,335,0,214610,0,0.868805092055563,0
49,128047,366,0,248589,4,0.8169267718623014,0
29,94219,780,0,179458,0,0.37860873712806586,1
23,52634,767,2,135864,4,0.4449832216847267,1
45,20060,441,1,492002,4,0.36173823368185554,0
54,29269,655,0,441604,2,0.8903238210559925,0
32,83143,770,2,157395,0,0.3068633088344438,1
29,43065,738,2,467485,1,0.45655822889123393,1
35,22895,830,0,177391,0,0.3393310973035495,1
45,100859,426,2,465975,0,0.35641766852897727,0
25,32352,504,2,21868,3,0.3729615193622481,0
31,130179,328,0,235804,1,0.6477694728919678,0
54,69737,744,2,269224,1,0.25323455913406945,1
44,124127,763,0,149848,3,0.6007709115366489,0
35,116426,579,0,202303,3,0.7735003653988721,0
58,52016,450,2,453668,0,0.7365666436231015,0
28,81304,539,0,189884,2,0.30582018879762785,0
25,31962,565,0,68271,3,0.8403122143451636,0
46,53302,404,1,496721,1,0.7390632669833419,0
38,105382,732,0,82585,1,0.20371175765299226,1
26,24011,796,1,456758,0,0.7161615434777102,0
57,149716,739,1,129147,2,0.716195175035399,0
33,39782,457,1,20628,4,0.5477712563779893,0
48,87691,471,1,392994,3,0.23218769120446056,0
25,140654,793,2,264517,3,0.6059341567976446,0
33,142017,610,2,144337,0,0.7360227320240165,0
37,59725,702,0,422887,2,0.3896118387247004,1
52,29196,762,0,396016,1,0.6669477527762512,0
49,63459,666,0,279604,1,0.4477483365310674,1
23,107245,849,2,264970,4,0.6016983830315619,0
54,149613,554,1,8477,1,0.4691960246021373,0
47,98863,507,2,269346,3,0.41263302621244535,0
33,143206,749,2,118846,4,0.799140132802431,0
53,139391,394,0,356554,2,0.7276867814297636,0
26,121010,777,0,249000,4,0.44181439378120435,1
44,52769,489,0,373897,2,0.5042421491306462,0
39,127529,783,1,278994,1,0.6841923925127422,0
36,145361,835,1,240693,0,0.7677551464133565,0
48,44700,722,2,419025,4,0.6790388839772987,0
53,135792,432,1,469102,4,0.5786521064778468,0
33,100356,354,0,138878,3,0.8680700823518901,0
45,96427,809,1,405379,3,0.7419005338190945,0
56,120165,840,1,361512,2,0.2809143022739021,1
47,25269,709,1,267329,0,0.5906973691544134,0
58,141631,510,1,29718,3,0.48668964897695605,0
27,63880,592,0,475297,3,0.7564549457535557,0
25,134003,414,0,192274,1,0.23126412370020238,0
51,28320,558,2,161287,1,0.48750649897369963,0
43,69589,421,2,426541,3,0.42279342074044013,0
30,139534,598,2,285602,2,0.29883018920580284,0
52,96276,680,1,135293,0,0.46516288072370043,1
50,55897,800,1,389486,3,0.6709601947291353,0
59,78565,596,0,152078,2,0.4531745195227684,0
51,50930,661,2,230152,2,0.6060046027466557,0
38,77233,762,0,431185,3,0.6149682571575164,0
56,102821,737,2,81820,2,0.6109777889406233,0
22,34380,426,2,371158,4,0.5706723187609438,0
34,96896,496,2,425871,2,0.28189176497767154,0
33,90934,520,1,230751,3,0.35291914920472817,0
49,75830,390,2,86234,2,0.7600469533756924,1
32,25529,710,2,134282,3,0.551655842245897,0
59,141292,307,1,498622,1,0.6942534210854205,0
22,114598,843,2,276246,3,0.5989363561489331,0
52,122222,767,1,334251,2,0.22708317815016685,1
33,102987,619,1,239501,3,0.7573496383125304,0
47,69178,693,0,131328,0,0.24502693617033464,1
37,26937,568,1,419769,3,0.8602218358110012,0
51,141952,490,1,89079,3,0.3507638451935531,0
54,59886,360,1,396313,0,0.5586843004221047,0
44,69699,737,2,99437,0,0.2445116297260506,0
55,96396,563,0,84570,0,0.8264526650660748,0
26,110678,394,2,97656,4,0.8859581781953629,0
39,45279,769,1,202937,3,0.3024047519048329,1
50,58106,813,1,385445,0,0.4070505797454638,1
27,130776,493,0,177492,0,0.21111209525569347,0
30,121444,781,0,161454,1,0.7508758443772194,0
52,126300,635,1,467451,4,0.41802503287698883,0
54,133793,734,1,43795,3,0.6121862285392818,0
48,136278,495,2,56425,2,0.22745295089601023,0
35,99737,548,1,62402,4,0.7008221866723232,0
50,60544,797,2,460755,4,0.5705827743497088,1
57,123247,511,0,212275,1,0.7074861721991845,0
49,131190,765,2,370271,3,0.7526950192056747,0
42,28997,520,1,243723,3,0.2624700063251836,0
24,126102,572,2,421675,0,0.6046644845552576,0
40,105711,453,2,316793,0,0.6549608237171353,0
52,136045,548,0,208567,4,0.5617031277614966,0
56,60860,578,2,100117,1,0.3276865787855856,0
24,23225,739,1,266712,3,0.7569180988404158,0
47,130114,575,2,444600,1,0.8982208301877188,0
37,79470,813,2,469962,2,0.8784891766999658,0
32,133218,387,2,214125,3,0.7442706954840619,0
42,148854,804,1,192350,0,0.492675405950495,1
37,120764,540,2,345300,4,0.4361103484880155,0
30,127041,535,1,434960,1,0.24798205937058226,0
21,132224,427,2,355484,0,0.4914004126261833,0
42,83656,802,0,35568,4,0.30923401841225934,1
46,71880,499,0,416207,0,0.3780342994542199,0
38,81078,842,0,276056,3,0.8243207412241458,0
34,108646,801,1,168599,1,0.8779679420578532,0
49,96290,791,1,494615,2,0.8639913003260322,0
32,76633,320,1,317570,0,0.3353489800903736,0
56,46655,533,2,377507,1,0.830625945764726,0
55,141118,715,1,235066,3,0.2990537106301856,1
32,63601,447,1,418623,0,0.5553621455133049,0
27,23114,328,1,258007,3,0.6505643570850614,0
49,46502,660,1,410560,2,0.5237268111702931,1
31,69768,607,0,499957,2,0.8662862047917659,0
53,68128,461,2,7355,4,0.4332489061641236,0
26,40028,360,0,101429,4,0.5691643641686445,0
35,75565,424,2,190805,4,0.25281495483576455,0
52,103123,755,2,464501,3,0.7965572060547099,0
31,128255,370,0,483187,4,0.48935437716076124,1
43,55333,765,1,443949,1,0.6903724809143981,0
46,23174,542,0,455131,3,0.6775719417345928,0
54,137769,789,2,450932,3,0.6733840249839727,0
54,55398,520,2,116151,4,0.5548567951302087,0
49,55929,772,1,305670,4,0.3942631533834885,0
24,24321,832,0,285232,3,0.6375661909929704,0
37,143549,793,2,332521,2,0.8732540526678527,0
55,115971,381,0,180477,2,0.7837644791624196,0
33,131508,821,1,437058,4,0.2761377620876436,0
59,75421,311,1,66788,2,0.21623118111058506,0
35,92635,562,2,56529,1,0.5492799498093043,0
49,43760,748,1,488155,1,0.7430805462003152,0
49,31360,491,2,117833,1,0.41973178721704507,0
31,30313,413,2,108578,3,0.6908667945329592,0
52,131806,325,1,188455,3,0.8523448849671662,0
22,105998,798,1,44177,3,0.5212891548542682,1
34,25801,807,0,121903,3,0.3709117593614353,0
40,34130,844,0,44056,3,0.842430503456173,0
42,34271,361,2,486465,4,0.5305847748026004,0
31,36075,528,0,71421,2,0.485487514672577,0
47,122455,334,2,169704,4,0.44735310007864676,0
23,127215,755,1,306829,2,0.49611186670716917,1
37,38984,801,1,213294,4,0.6715604979276508,0
48,108095,324,0,73590,1,0.5036037390541077,1
49,80942,331,2,276121,0,0.42695672199145407,0
41,32861,311,2,357712,3,0.7205463658918037,0
36,118970,618,0,316111,0,0.3420799989170773,0
57,102203,300,2,341216,0,0.3413536072486217,0
40,91376,734,2,413286,1,0.6875048755842696,0
26,81247,435,1,480689,0,0.8066945711326312,0
39,89101,495,2,288644,0,0.3688475876479906,0
25,128730,432,2,382619,1,0.33378748248350065,0
23,40977,385,2,15011,2,0.6692141169035266,0
21,70617,775,0,184111,4,0.634561765241207,0
58,77473,623,0,407112,0,0.5130766425637285,0
35,106654,479,0,362479,3,0.26710244789382953,0
54,108177,815,2,478334,1,0.2642498016873114,1
55,92902,474,2,438174,0,0.7441392523310482,0
45,112172,320,0,440128,2,0.5162383821769798,0
44,35630,404,0,5814,2,0.8005769638690912,0
32,40056,742,2,473492,3,0.6023135560772037,0
38,27382,348,2,422935,0,0.6331166988523429,0
35,75739,827,1,499297,3,0.8539361093359876,0
36,101685,444,0,287294,2,0.3152311258276066,0
47,68639,639,2,468710,2,0.5801169605078971,0
28,79838,653,0,8825,4,0.24069701997622434,1
45,66041,374,0,55368,2,0.45124753351748337,0
37,20992,618,0,413016,1,0.3036689498608436,0
49,92394,386,1,80535,4,0.3314851735991994,0
28,87657,341,2,91390,3,0.8543563040423696,0
35,47160,392,2,228923,2,0.6274777697434165,0
47,65156,806,0,110076,1,0.8245106932328701,0
27,71375,828,2,211089,4,0.5104641290735247,1
23,106442,564,1,184577,1,0.6183503426643684,0
49,39572,591,0,258477,4,0.22246615853504847,0
44,137925,763,1,62899,4,0.5286515625920338,1
23,24136,396,1,218854,4,0.5948396713406516,0
40,81868,394,2,289745,3,0.2117443999858815,0
35,102263,625,2,146749,4,0.7526424237765481,0
45,52167,373,1,427768,4,0.40679608899362385,0
50,130957,635,2,265321,1,0.5167409524725392,0
34,35479,367,1,223930,4,0.5749411997133771,0
27,139392,376,1,466107,3,0.8945380071899034,0
37,51376,507,0,472909,1,0.269428902811928,0
40,24823,520,1,498915,4,0.5886956935571486,0
56,145156,561,1,128355,1,0.5714159020601886,0
29,90456,709,2,358594,3,0.24823678692222753,1
58,39585,630,0,169364,1,0.6437568521365873,0
42,123775,643,2,133424,3,0.40079810372566743,0
22,37272,373,0,130451,2,0.2726375763152345,0
44,46619,553,2,333241,4,0.32504935164291693,0
28,95069,631,1,209775,3,0.7765222632507749,0
31,59895,697,0,152256,4,0.27288733370617574,1
33,23720,644,0,488249,3,0.5268491717682273,0
37,39267,754,0,225408,0,0.3366911848254549,1
28,35696,414,0,459262,0,0.3136239034595084,0
41,49968,612,2,333885,0,0.34399823159195075,0
38,73364,527,2,66377,3,0.5449480541637342,0
50,43345,544,0,410255,4,0.3664518947780999,0
38,71567,825,0,50161,0,0.2677130652467923,1
51,111229,827,0,171078,4,0.760980608473018,0
58,81607,726,2,153616,3,0.57787498222018,0
52,39385,341,0,17987,4,0.3097975566580005,0
31,103658,764,0,10239,4,0.530000894042519,1
45,86900,577,0,49785,0,0.24785374991103692,0
53,88244,318,2,28358,1,0.6063009045331309,0
58,85425,365,1,381903,2,0.43821337371858704,0
28,98518,466,1,480890,3,0.2724699707411149,0
31,102844,702,2,192522,3,0.32855069490787825,1
42,52919,708,1,224592,3,0.4419918933955086,1
44,110697,411,0,164500,2,0.76448521800457,0
37,77196,573,0,14096,1,0.32162898736087636,0
32,135600,706,2,52582,4,0.2767649550449588,1
52,120625,672,2,422752,3,0.561157304525979,1
35,99401,338,1,193467,4,0.5910878747861854,0
36,20495,404,1,378739,0,0.263168922367192,0
42,64755,623,0,466373,0,0.3991391354451114,0
48,87684,713,2,106494,0,0.38393482653997785,1
40,53324,728,1,336628,3,0.33035512662278077,0
53,98929,360,1,268431,2,0.4209466890404576,0
30,21552,606,0,190582,3,0.22597595807680765,1
52,71272,653,0,28902,0,0.6560848480674348,0
53,55853,692,0,323332,0,0.8919410015236886,0
22,138192,503,0,380038,3,0.6438327372284742,0
53,52924,557,1,419380,2,0.45275351538065034,0
53,94462,785,2,348348,2,0.6675372108019737,0
33,116387,816,2,137844,4,0.6000611447165034,0
50,43889,745,0,189126,1,0.7927305514111411,0
53,125466,479,0,453094,0,0.6353121926874004,0
33,74675,641,1,131800,2,0.6438534482348741,0
46,142231,432,0,430454,0,0.3551649317910954,0
42,93591,742,2,240576,1,0.49093906697631523,1
59,90190,552,0,325437,0,0.441091242178974,0
22,42634,564,2,479514,2,0.2079976311826257,0
58,52363,392,0,499658,4,0.41929651057234296,1
59,83752,710,0,12213,3,0.5402434870260652,0
46,97004,437,2,282085,3,0.6198940432470568,0
35,76398,507,1,363025,2,0.8541982626973188,0
54,118458,606,1,498936,2,0.3673796315518715,0
31,60718,565,0,414180,1,0.30670029377599084,0
23,133627,617,0,31855,0,0.8086119822992706,0
26,102916,412,2,456985,1,0.8592932458619134,0
29,46870,677,2,388883,3,0.541567974006759,1
26,57394,753,0,481720,0,0.2806515928750364,1
29,72057,490,2,6046,1,0.5397718094938799,0
59,99795,739,1,282053,3,0.27661032897228816,1
51,100409,486,1,215186,0,0.8182299050904638,0
52,33016,666,2,421584,4,0.695705073231375,0
32,62137,388,2,383997,4,0.36879591239700277,0
28,20153,486,2,99135,1,0.8206834853217506,0
28,27853,431,1,76255,2,0.6465312103345235,0
48,32379,675,0,217568,0,0.8672843357046078,0
40,35792,398,2,225214,1,0.8863358943073829,0
27,141169,333,2,251936,2,0.20229725246500269,0
31,58367,470,2,413840,2,0.28414994631928203,1
40,38100,665,0,240787,0,0.582845631564785,1
36,146082,358,2,373522,0,0.869097012127104,0
24,133089,480,2,277496,2,0.8959635448567869,0
26,83456,318,1,363565,3,0.597185554712464,0
42,31049,525,2,347683,1,0.3216610422616612,0
46,20786,772,1,276367,0,0.31413501400609434,1
23,89904,394,0,495185,2,0.7347004306798968,0
34,50699,596,2,254048,3,0.6143563750944084,0
31,142784,474,2,345398,4,0.5841417292529341,0
38,67691,521,1,333995,2,0.5260354463103614,0
32,57040,353,0,55044,3,0.7075942386071772,0
43,138455,702,0,485305,4,0.8006379253044418,0
32,112990,617,1,357362,3,0.4120706568369454,0
33,77986,648,0,90000,0,0.3546424370231234,0
45,58762,742,0,374384,2,0.6691394164204596,0
39,43600,839,0,429635,4,0.8403126968384673,0
56,114774,581,0,411983,3,0.44371020810086037,0
28,110777,659,0,208074,4,0.39071375342419074,1
49,39810,307,0,298172,1,0.3582802411649336,0
52,105703,790,0,315097,2,0.3781436353876416,1
38,107347,640,0,62965,0,0.2944533400722201,0
26,125315,771,2,239466,4,0.6177447593258474,0
38,77204,548,1,74776,3,0.396578248062879,0
39,40085,534,0,298603,4,0.6304610531605332,0
42,66854,382,1,95932,3,0.2581226446587977,0
57,94797,392,0,349475,4,0.28081975448251534,0
52,104269,693,0,160761,0,0.5752993494578612,1
23,59779,567,2,478662,0,0.5580716611332097,0
48,76207,716,1,335126,2,0.3900569487165221,1
30,114615,828,1,401562,0,0.7789915961343796,0
55,53980,552,2,181251,4,0.3309330154072846,0
49,76117,421,2,119773,4,0.4524627869282303,0
35,34141,309,1,307661,0,0.5888581942506815,0
53,29344,615,0,336822,1,0.8070477717607552,0
27,125008,572,0,217678,4,0.49298568261674364,0
32,35896,605,1,379635,2,0.47902066880863303,0
50,109353,509,0,339767,1,0.6056761996222562,0
41,49813,763,2,487504,0,0.4216867908240274,1
51,104431,715,2,217243,3,0.6964212772117127,0
44,85679,515,2,457132,4,0.3740871584669033,0
40,30681,379,1,485970,3,0.7762371978581486,0
57,92903,779,1,364553,2,0.3906473891934228,1
24,23228,846,1,315719,1,0.8948908136033584,0
48,24582,317,0,375645,3,0.42152373202934984,0
40,98683,464,1,312183,2,0.8151782970586383,0
44,31397,824,1,186027,3,0.4781491678742401,0
52,58799,501,2,85260,3,0.3722383894216512,1
56,57011,645,0,60871,2,0.3583142753222487,0
54,99183,665,0,196750,4,0.7951338972949147,0
56,113254,747,2,125773,3,0.41612709041901375,1
22,64264,812,0,429567,2,0.4369941062718229,1
35,62317,618,1,65693,3,0.3378951390872584,0
54,67914,516,0,298577,4,0.8729273026813518,0
56,104633,333,2,79797,2,0.37132075841918105,0
26,122489,565,0,215087,3,0.37321053328712844,0
59,144237,379,2,282948,0,0.8607285231782871,0
32,65254,712,1,228853,4,0.8306291984966279,0
23,60096,551,1,312245,3,0.37423761822593715,0
38,73785,311,2,196187,1,0.8053078986625926,0
41,72344,700,1,83363,2,0.37487624916028184,1
35,134988,581,1,112904,3,0.2591249153970121,0
53,102643,411,0,311844,4,0.7742529438770775,0
55,140382,677,1,119952,4,0.7400907104707004,0
46,88546,567,2,344720,1,0.40626698518403004,0
28,91091,597,1,24477,1,0.2630972895858265,1
56,85603,616,0,283271,3,0.3445072191340034,0
50,48412,808,2,222790,0,0.7397395996345257,0
43,130489,845,1,31049,4,0.8753234704596986,0
34,71658,664,1,488279,0,0.38130145025614404,1
34,119841,846,1,17473,0,0.7727811607248143,0
22,69549,570,2,218317,3,0.35955286013600807,0
57,147595,773,0,235582,2,0.6757202742775585,0
25,31549,836,2,328980,2,0.25852942832206843,0
58,91216,533,2,309608,2,0.609706948267582,0
34,45739,358,0,18714,1,0.3884329238363027,0
59,41209,550,2,328022,4,0.8480921641135599,0
45,127051,385,2,432424,1,0.4028256221452675,0
40,107968,689,1,364625,4,0.4789084864036146,1
22,35116,479,2,485320,4,0.7884753778082065,0
59,40045,448,1,472899,4,0.506792207782756,0
26,46327,420,2,217875,3,0.3668885762564429,0
37,55709,555,1,308658,2,0.5832810246260081,0
45,63617,608,1,101988,1,0.7879938369549873,0
48,80139,358,1,272280,1,0.5032243284032567,1
22,46905,368,0,103115,3,0.29302194244340735,0
55,84148,745,2,36516,4,0.46816083918016177,1
57,92603,687,2,344126,2,0.868132593165934,0
25,118095,385,2,462094,0,0.25041513425604056,0
21,139779,526,0,50099,0,0.4859116207136139,0
32,62919,483,1,357204,3,0.6536201557581158,0
56,103521,621,2,18188,2,0.254962408348276,0
43,112905,617,0,242445,0,0.4414667829021477,0
51,103400,698,0,116073,0,0.8584048477581843,0
31,108150,592,2,318332,1,0.22144498454430028,0
30,78446,592,1,391221,2,0.7262193156541601,0
23,72428,784,0,10560,0,0.7889624762951972,0
34,67894,746,2,113763,1,0.3939425077924251,1
36,101149,711,1,434613,2,0.3503000586638686,1
30,26447,807,0,475409,4,0.840374625510345,0
49,25499,543,0,390795,2,0.734801186836507,0
30,59041,719,2,305226,3,0.2793664967249016,1
32,51315,453,2,220448,1,0.348538078861482,0
50,21299,723,1,46430,4,0.6349486084947882,0
21,140506,572,2,448738,1,0.4935918502278247,0
25,125005,819,2,45397,1,0.5529220593065298,1
40,24994,427,1,212932,0,0.8660797045715873,0
28,115414,672,2,134189,2,0.49416482423438174,1
32,101163,458,1,30247,1,0.8171773970699883,0
21,146759,475,1,481310,1,0.6625213030624013,0
40,27489,510,1,156015,3,0.2851336210994893,0
48,111647,746,2,175532,3,0.7211549256534038,0
57,52355,466,1,46986,3,0.5641463517694203,0
57,93805,759,2,311658,1,0.357568075274392,1
32,88367,656,1,216980,4,0.40268452615760864,1
57,129906,603,2,450601,2,0.5901326973255259,0
48,137409,532,1,410847,1,0.621191743102055,0
35,97355,626,0,72008,0,0.877723482820636,0
26,136220,481,0,163027,4,0.7983040954874152,0
40,110349,633,0,314511,4,0.3440875008966934,0
34,107173,328,1,429018,2,0.7417944493970019,0
22,21996,392,2,75408,4,0.2058042657061519,0
29,139999,629,1,229155,2,0.2908659228156008,1
57,64387,483,1,310485,4,0.33979029124639826,0
40,134965,394,1,149763,2,0.6180395468613966,0
46,23089,652,1,376930,3,0.33627950441013066,1
49,118827,564,2,271897,3,0.455691059424715,0
21,40659,318,1,6833,4,0.3699458474994557,0
55,65178,798,0,240304,4,0.4361916370659743,1
26,140053,438,0,275789,2,0.8597160113138462,0
57,115965,824,0,241192,2,0.8981634468168012,0
25,101268,554,1,382572,1,0.6800054743848765,0
53,105042,384,2,363121,3,0.6006155100189765,0
34,126471,757,2,45024,1,0.6959134920713982,0
32,90726,831,2,253140,1,0.7401565402932357,0
40,90111,391,1,113853,0,0.7173089205266601,0
44,126031,368,2,216670,2,0.2573247697400034,0
54,133682,336,0,145707,0,0.4172053935007418,0
45,54565,439,2,156136,0,0.4404019672528248,0
49,120435,477,1,14940,1,0.45847813190509884,0
59,109242,436,1,302313,0,0.4410196450560794,0
51,133204,489,2,345791,2,0.7509646082152293,0
43,149642,641,1,245739,1,0.7233232675190648,0
58,42884,304,2,50200,2,0.20322021202485627,0
40,37199,556,2,192401,4,0.4074670664463033,0
43,80038,542,0,449374,0,0.636564553449728,1
36,77786,714,1,165811,1,0.2841859353921597,1
28,129636,642,0,244354,3,0.2498388061398727,1
41,124970,678,1,153865,2,0.7798786836489371,0
21,69294,445,2,88682,0,0.5168789905204483,0
28,98015,622,1,38677,2,0.7989811575445973,0
49,54178,421,2,464512,2,0.776486909023596,0
52,32665,551,1,290166,4,0.8253593654984099,0
58,149604,610,0,469364,2,0.23379219449245298,0
25,20534,774,0,499760,4,0.3302910462758692,0
42,111828,791,2,163337,4,0.40730021508099434,1
54,56132,646,0,5530,4,0.2953612714865021,0
21,135720,786,2,276695,0,0.53982887455,1
46,56110,772,2,295538,2,0.7592838230273409,0
30,78754,681,2,47987,2,0.8658272675947931,0
50,83580,579,1,447200,4,0.8227018941335262,0
38,42469,371,2,335240,2,0.5201356760110658,0
37,84016,820,0,351241,2,0.6455437709596665,0
46,66233,665,1,337783,4,0.36148728641405703,1
28,122804,393,0,422306,3,0.4821062999523439,0
32,149863,672,2,481673,3,0.8098278167940021,0
47,86708,638,2,243841,4,0.22043826541363656,0
28,78232,736,0,7781,0,0.572931490850432,1
45,113450,635,1,22330,2,0.8109588085293149,0
24,106437,791,0,272401,2,0.28540691169553234,1
53,126311,339,2,63642,3,0.8877823413657853,0
21,54409,658,1,190321,4,0.20867402478681846,1
39,135159,553,2,318807,0,0.8202840080242151,0
51,39324,697,2,39956,4,0.4475708020764768,0
36,28738,469,0,240439,3,0.2928834071744339,0
34,123030,810,2,282759,3,0.31015072267817456,1
25,130093,559,0,268025,2,0.6908251028479895,0
46,44054,758,1,400063,1,0.8095037736591608,0
48,49709,828,2,240975,0,0.6487464476647515,0
22,129321,640,2,449343,0,0.850107479952527,0
26,105643,356,1,126265,1,0.7897351565398294,0
29,148805,517,0,354790,3,0.2063222648584553,0
53,20363,763,2,132148,4,0.6686007651010943,0
45,30358,546,1,304480,0,0.4132442821000048,0
33,121613,672,2,86850,1,0.5181500082042871,1
29,135233,716,0,100654,2,0.26582152369395873,1
33,23240,330,0,176003,2,0.3974694133101553,0
51,92201,667,0,442140,3,0.6428801772027553,0
31,65689,407,0,290110,0,0.35286749117942684,0
24,21936,717,1,442239,4,0.653275667789835,0
54,132272,697,2,16320,0,0.8461225195576707,0
58,111074,571,1,456057,2,0.20345821350347007,0
24,63965,415,0,70125,0,0.7500395038109009,0
58,97534,555,0,465968,2,0.6489232161142318,0
39,20882,380,0,227172,1,0.2326429339136546,0
26,40224,427,0,240077,1,0.7531169960716542,0
54,125227,534,2,488153,2,0.35716472459599174,0
38,143750,480,0,122296,4,0.38607437850583737,0
33,139299,456,2,130355,4,0.26546097772856136,0
43,145865,753,0,197930,0,0.5740658707402816,1
39,132012,323,2,456930,2,0.5487566181877587,0
31,143745,772,2,16780,3,0.44302215443540227,1
21,50825,699,0,343374,4,0.31812766543674115,1
44,90740,433,1,206417,4,0.7865674881493461,1
27,48885,720,1,480314,1,0.8134649010473702,0
45,60056,512,1,117696,4,0.5784057274995704,0
41,23203,781,1,496193,4,0.37095773351956474,0
35,80241,647,1,111075,4,0.26727704598907875,0
21,22244,465,0,258731,2,0.8079809172440939,0
32,118322,647,0,138001,2,0.26723690371268805,0
27,135329,697,0,362297,1,0.20922602642461594,1
35,88619,734,0,386666,0,0.5285783041370471,1
41,41584,520,0,412460,4,0.7118897153855339,0
39,28521,607,0,365559,0,0.5202759031339284,0
49,70017,765,2,376859,2,0.23598742489057528,1
45,53541,398,2,127636,4,0.6830203793952759,0
53,49063,541,0,382546,0,0.6496328343904956,0
52,90268,457,0,391425,0,0.6770708117871884,0
55,145234,526,2,16116,3,0.34784174394433465,0
58,146218,722,2,224026,2,0.7569888864016394,0
46,138206,371,0,479459,1,0.5354177482236934,0
31,84952,542,2,350445,1,0.5754469674133083,0
55,113054,829,1,434111,3,0.5820810067579744,1
28,59563,344,1,214708,0,0.4007645059498407,0
34,59752,771,1,28867,3,0.3750938730359296,1
30,115233,670,2,376651,3,0.20333629133707548,1
22,22567,391,0,6208,2,0.4776272394387802,0
29,36121,321,0,180157,4,0.5395720887573459,0
23,21674,471,0,332716,0,0.719962621958709,0
41,96411,491,2,463450,1,0.24663887266101,0
46,129876,376,2,88748,1,0.8467925886790979,0
28,86275,580,1,147324,3,0.38477092777292904,0
22,87081,663,2,90261,3,0.45670448308977346,1
26,49140,478,1,405222,3,0.23385372591668327,0
48,145139,537,1,249443,0,0.6571954875726863,0
49,29327,434,0,225667,3,0.6962459581729068,0
46,90663,579,2,338027,3,0.8501538521028358,0
45,43331,318,0,37171,4,0.4357803023206601,0
32,43004,670,0,33517,0,0.3801581109147634,0
25,127369,411,2,160346,2,0.7082605524996095,0
54,139243,520,2,431793,2,0.6947606219100495,0
57,30492,603,1,32648,4,0.8559868404973707,0
35,74797,624,1,336798,1,0.34372303696329876,0
56,78095,736,1,285054,2,0.6937048358861746,0
35,33749,737,1,262471,0,0.246808004032548,0
43,83217,469,0,214691,1,0.536257674730053,0
26,109044,674,0,54647,3,0.28357354408599583,1
41,29045,680,2,476939,0,0.6572021916661304,0
43,40116,313,1,5424,1,0.6210267331841801,1
36,38667,799,1,187971,2,0.23418305354081004,1
35,95057,690,1,31641,3,0.42373247580932927,1
45,94205,848,0,432966,3,0.47652354259372687,1
56,47302,829,2,389560,0,0.3736421886590751,0
31,31283,791,0,479670,3,0.2270690308131671,0
35,50935,849,2,159226,1,0.4231753272742412,1
24,92534,684,2,184238,4,0.7548374310155799,0
41,114342,495,0,410208,2,0.4520763620141498,0
33,51624,599,0,301145,0,0.4263588286640473,0
42,33440,846,2,19546,4,0.8592271965381091,0
39,131001,607,0,177596,4,0.2291415031001509,0
54,66501,551,0,466771,0,0.7371017369493882,0
34,107333,307,2,6304,1,0.5381655188200449,0
24,21269,507,2,127722,2,0.8611237552573785,0
47,27868,430,1,379592,0,0.47542952091437424,0
49,50251,325,0,447500,4,0.6956296359038652,0
48,97909,753,2,349512,4,0.2489547550733604,1
55,104523,485,0,93327,0,0.8501406979087167,0
28,58729,783,0,277166,4,0.44117986675901477,1
36,35734,350,2,211958,0,0.5668032030490006,0
56,62429,304,1,82354,0,0.29693712613407697,0
50,61337,459,2,431833,2,0.8618905098541685,0
38,60325,507,2,125045,0,0.6710792827509254,0
22,103600,556,0,336642,4,0.23776323378527858,0
33,82514,504,1,194896,3,0.30864474542549836,0
24,28433,310,2,128780,2,0.4798837983498548,0
46,133957,307,0,206462,4,0.35173970866899024,0
45,29111,708,2,39307,4,0.4132378986614314,1
50,123986,331,0,252659,2,0.8982438126133234,0
31,83753,839,2,265956,2,0.6610540880048618,0
27,133783,686,1,466696,4,0.8455523216201164,0
51,100583,527,2,124645,3,0.5050588623980303,0
30,93620,774,0,420543,1,0.6971975991433974,0
59,41751,506,2,270388,4,0.521783204512902,0
33,36453,617,1,420936,2,0.42975717999851687,1
51,105844,647,1,30090,0,0.5634212025507395,0
27,58968,533,1,331421,0,0.49911772925124065,0
56,50077,343,1,116559,2,0.8863784540764856,0
40,128582,441,0,104895,2,0.5473164836514806,0
24,54775,475,2,127641,1,0.7677791930291569,0
27,78144,748,1,446752,2,0.6667736278070939,0
21,68570,381,2,274999,0,0.5357390660521957,1
33,66097,434,0,258555,3,0.5319050507264353,0
42,44503,476,2,390107,2,0.43932308194342634,0
41,22779,682,2,254502,1,0.2748872653424393,0
42,106840,542,1,263845,3,0.7330285302561217,0
48,20755,440,1,383959,1,0.8426663552403773,0
29,59263,756,0,399817,3,0.35256839826208236,1
46,128491,739,2,430168,2,0.8479714457504381,0
29,75087,355,0,116113,0,0.36261295264079474,0
35,62281,826,0,317518,3,0.5710553713886426,1
30,71482,718,0,403906,4,0.4405353972889965,1
44,74857,387,1,17521,1,0.28015615013858075,0
28,142989,307,1,105146,3,0.23698686246888315,0
44,37400,776,2,212091,1,0.4557425725009592,0
36,60115,514,2,406274,0,0.23314070518460797,0
46,34249,796,2,149776,1,0.2729445062764959,0
47,133183,802,1,63933,1,0.29960830515858894,1
57,66825,544,1,76101,4,0.20134099432529934,0
24,130361,777,0,48856,1,0.3072765510905574,1
44,44600,608,1,42256,3,0.6040950762648623,0
39,57706,530,0,324496,1,0.7736661854671556,0
56,39222,682,0,263660,2,0.33540097158564885,0
59,119041,454,1,428831,1,0.2566108226932502,0
30,124504,474,0,126638,2,0.7106599389051105,0
45,61139,414,0,243282,1,0.20571389802005124,0
38,134919,689,2,269071,1,0.7139134714254669,0
39,136605,610,0,413728,3,0.2917820651068169,1
56,61302,599,1,275445,2,0.35979954348358245,0
30,114684,317,1,91849,2,0.2840489376216207,0
53,107838,311,0,210065,4,0.37313670993597614,0
25,88159,703,2,469244,1,0.7587231569232564,0
55,28646,531,1,335903,1,0.292780873587553,0
54,33543,577,1,355191,3,0.8959159426054737,0
53,114496,652,2,354135,4,0.4289684432684543,1
41,148212,602,0,330202,4,0.8453776878558301,0
37,42785,840,1,497474,3,0.3330231558848826,1
42,98353,769,0,463142,2,0.3315282639610812,1
57,51406,376,0,421650,0,0.5957349781301516,0
35,108992,820,0,297485,3,0.23542005943327457,1
55,71428,323,0,374989,2,0.7607020283449151,0
48,43777,314,1,413223,4,0.5077306754676376,0
27,77939,824,2,367022,3,0.6894375313469981,0
52,73026,646,1,162871,0,0.32224254244721356,0
31,106450,471,2,322964,1,0.6496501455503332,0
30,49553,626,0,413890,3,0.6158494580461855,0
29,43548,784,2,413642,0,0.7289628763425606,0
34,83221,788,0,470847,0,0.4081809048556794,1
33,57265,761,1,311935,3,0.8532159024800565,0
45,145549,677,1,225712,2,0.8729107485770122,0
22,60701,463,2,8255,3,0.8076865278549483,0
55,71287,671,0,169898,4,0.6004236363123793,0
27,26727,723,0,498477,0,0.49420178946294535,0
41,130460,776,2,486784,0,0.2405946929989684,1
38,70717,681,0,272088,1,0.8630594610226927,0
23,52427,454,0,436042,0,0.8662469405888569,0
59,36692,556,0,297641,1,0.2130819184857787,0
31,51625,367,1,294867,0,0.4498212826485041,0
59,44918,643,1,433503,0,0.8160254577807833,0
44,126931,576,1,278989,3,0.2565964231277328,0
39,61136,690,0,356977,3,0.33759646369714513,1
24,134826,748,1,466322,4,0.8850741217737135,0
46,134881,558,0,360183,2,0.7931021684842439,0
58,72409,606,0,471202,4,0.8384444458586344,0
52,35577,394,2,221879,0,0.29950809305872206,1
59,105155,763,0,242079,4,0.34792117127679145,1
56,131776,545,1,60569,3,0.6237916090462243,0
57,119246,486,1,86434,0,0.5512167547018894,0
53,122924,672,0,215997,0,0.4089523733829342,0
56,146759,705,1,249790,4,0.8186924098160724,0
23,140408,707,0,423679,1,0.8309720308749011,0
29,101731,424,2,267888,2,0.4041788071026278,0
28,47689,636,0,486556,4,0.3090271984143579,0
53,31154,640,0,434498,4,0.30436469453921944,0
26,124657,477,2,57082,2,0.5390976367743574,0
59,114948,469,1,452905,0,0.29304294678094706,0
24,41341,338,2,343551,0,0.5313381554666576,0
33,117554,368,2,84072,1,0.5233538510019002,0
22,94681,535,0,486849,4,0.8188771492439599,0
25,127798,680,0,331910,2,0.40734730786002593,1
47,66330,356,2,70711,4,0.5924567210486842,0
52,138069,576,1,270361,3,0.7204499049988675,1
41,107759,398,2,478858,4,0.6171403565349345,0
28,88416,826,1,428575,4,0.8678474914860959,0
58,145067,624,2,117000,3,0.621594236349839,0
28,106807,760,2,320653,3,0.8313035249290783,0
23,53313,478,1,460186,2,0.3715394724776201,0
23,66900,418,2,289501,0,0.5925269409456054,0
42,98840,768,0,309498,1,0.5803141485966581,1
26,54695,848,2,305714,3,0.8926164770980585,0
22,50225,754,0,12034,0,0.34315441937938646,1
43,106072,325,1,21263,2,0.29869537885618425,0
22,116367,789,1,440396,4,0.6281704543412943,0
58,69156,307,0,186171,2,0.3565845003324443,0
37,97209,815,2,210384,2,0.6474087419552028,0
55,107453,832,0,80348,3,0.8807423619636856,0
54,47829,448,0,90275,1,0.8625541967782202,0
43,100908,787,1,425141,3,0.3617721172507986,1
50,45938,324,0,256011,4,0.31962744374850427,0
28,79164,724,2,286719,3,0.592517501013782,1
42,74530,592,0,27231,4,0.6107441017562051,0
56,140921,484,1,344079,3,0.6635750499664552,0
25,88199,730,2,183803,1,0.7190436481907658,0
33,80282,616,1,290244,0,0.6206701174704029,1
49,67801,697,0,146840,1,0.27822710260376393,1
51,29465,623,0,497051,3,0.7531105793986135,0
36,23326,845,1,195409,2,0.2556620291672382,0
50,23659,375,1,252457,0,0.21399488035203446,0
36,80289,785,2,254130,2,0.7387607376283136,0
32,47594,387,1,55697,1,0.583850197104973,0
37,135819,531,1,16357,0,0.6890139930105663,0
36,24763,306,0,465189,3,0.46792312694531907,0
32,108657,849,0,161018,2,0.20776474546714474,1
28,30828,351,1,222496,3,0.43171074439171775,0
40,67588,695,1,76038,4,0.6256946630461999,0
23,31221,520,0,373056,0,0.3579921493290768,0
36,31211,727,2,60149,2,0.6814630335430519,0
50,33569,442,2,10566,1,0.7560807069243614,0
43,116894,662,2,127474,1,0.5179868988558913,1
48,57860,681,2,308720,1,0.8130049086484172,0
25,91558,576,0,320462,1,0.7983715951983825,0
40,65337,570,1,336694,2,0.8146405669542836,0
21,72311,313,2,394203,4,0.6627259228597845,0
50,33515,597,0,56408,1,0.4133522997715059,0
41,91695,763,1,451722,1,0.5368758976601005,1
40,142006,826,2,254070,1,0.6973574546717639,0
26,131527,533,1,346293,4,0.3473945572838009,1
42,126749,326,2,307311,0,0.7171904564781684,0
38,107227,770,1,300843,1,0.5836620319651282,1
28,44904,392,2,253089,1,0.26721220819849434,0
59,79935,608,2,316689,1,0.590100428900117,0
52,63790,351,1,498985,0,0.24674329674873832,0
53,88580,618,1,188501,1,0.21001509953263545,0
36,95148,480,1,381071,0,0.822739368935099,0
32,25636,419,0,223422,0,0.5429412781231462,0
58,97129,342,0,290530,3,0.5803027585282273,0
54,134483,559,1,326417,3,0.3959564401411868,0
34,22892,496,0,117312,1,0.5799213036202454,0
56,41672,554,2,308729,2,0.31820808450481297,0
53,25812,635,1,397270,3,0.7219520581691676,0
43,116621,801,0,240364,3,0.7763444122827199,0
22,148177,554,1,12509,2,0.7991130459434823,0
41,20654,813,2,223924,4,0.274656902199551,0
22,74633,541,2,247225,1,0.590428080241355,0
47,37143,448,0,343751,4,0.7661256788908231,0
29,75934,598,2,229350,4,0.2897515417486718,0
21,87334,752,1,379529,0,0.2696656857218537,1
31,123463,692,0,214836,0,0.7718593990690146,0
23,145851,511,1,213222,1,0.7577152272238559,0
43,49087,837,1,474053,2,0.5140851958744275,1
46,31618,430,1,260117,0,0.2767978182020454,0
24,28446,628,2,68305,3,0.5612862101218662,0
38,107182,555,1,368229,1,0.4763622400032663,0
26,122127,778,2,309995,4,0.5629832017308088,1
55,68867,362,1,344054,1,0.5079266414179078,0
42,71028,610,2,39407,0,0.5979600893736223,0
35,80101,706,2,313750,2,0.7089908029593057,0
42,47200,404,2,112277,4,0.742401932555601,0
57,115107,314,1,215590,2,0.6542875387664908,0
32,108074,558,1,135204,1,0.3392584305324749,0
58,126091,711,2,495010,2,0.47798611792358336,0
38,81465,558,1,443868,2,0.24985682011500515,0
55,129500,559,2,146320,1,0.5161716096526201,0
50,106436,344,1,277659,4,0.8792375889073958,0
44,138422,630,2,367722,2,0.6492114953137075,0
50,144124,464,2,359489,2,0.30822876026444784,0
34,107892,492,0,146902,1,0.3880043618428028,0
26,108559,820,1,327775,3,0.24520155241178276,1
23,140044,700,1,367928,2,0.3276897231063762,1
36,59148,673,0,130496,0,0.5414891504344445,1
27,102928,364,2,405015,4,0.4413994670000429,1
34,40698,686,2,210155,2,0.3427736221161367,1
29,62470,794,0,233170,1,0.3026188894939993,1
35,112071,714,0,412544,0,0.6592497818840442,0
41,71660,329,2,410895,1,0.5906716638109958,0
55,73910,565,1,26058,2,0.7898482185504074,0
22,55450,627,0,393370,0,0.3282770200094274,0
47,76463,791,0,233845,4,0.7935898219497723,0
22,53757,516,0,313840,4,0.6045378207918992,0
55,98012,619,0,483658,4,0.3863562357858009,0
38,126750,698,0,245035,3,0.39148719839795787,1
34,147043,404,0,43872,1,0.4732662731006967,0
40,90247,629,2,59971,2,0.522089051666756,0
38,92015,346,2,349227,0,0.2577535593158179,0
30,51390,613,0,28306,1,0.7893994159664295,0
45,76116,446,2,426426,2,0.2850787485269358,0
22,33161,761,1,50693,3,0.5384218901209171,0
45,52152,785,1,295383,2,0.46807776323364525,1
53,100171,709,0,98366,1,0.5586009590183599,1
56,126379,326,1,336061,2,0.8212377619477205,0
51,115833,328,1,367512,0,0.8923618378992744,0
34,40836,570,2,230449,3,0.21418996087793085,0
21,110367,800,2,143519,0,0.4752676022076359,1
36,86543,552,2,484120,3,0.7723273716420704,0
23,75648,684,2,156343,3,0.4286220161833839,1
55,46331,359,1,464091,2,0.6543253231429651,0
26,125992,406,0,123469,0,0.8945814426365224,0
45,30763,519,2,221582,3,0.6527399021711606,0
33,89444,740,1,228117,3,0.27783396433628826,1
54,113109,845,2,108434,2,0.7900523698677899,0
28,39187,395,1,192915,1,0.8766602061047708,0
41,31957,388,2,293365,1,0.6987558949092073,0
54,24379,530,0,263180,4,0.49334766989014917,0
24,47959,574,2,462604,4,0.8638801227417972,0
45,102018,545,0,359943,3,0.8780004105344388,1
35,143076,410,2,61467,1,0.8545817204494102,0
24,47105,533,2,340413,3,0.4882733016170564,0
32,20877,577,2,116414,0,0.7527953717781928,0
52,68353,776,1,337729,1,0.657925551323842,1
52,103788,716,1,48086,1,0.3257946661199108,0
48,116870,427,0,378081,1,0.5748604311740078,0
33,104585,536,0,91624,4,0.7233837063900459,0
51,103308,427,1,86144,2,0.8271385931757165,0
34,71567,693,0,5638,2,0.8038188592845874,0
40,77913,774,0,471461,4,0.30826095012983745,1
38,22637,694,1,337823,4,0.5416232725396476,0
49,92778,410,1,199006,4,0.5347880406225495,0
26,62025,389,1,333904,2,0.8291159433285455,0
52,126917,579,1,52234,3,0.2013561163958068,0
49,121187,632,2,328193,4,0.7170994763388494,0
22,119508,523,1,330987,3,0.6330490615823857,0
43,102464,400,0,184119,3,0.8451000312235963,0
39,48742,431,2,115406,0,0.5198421452322166,0
51,31831,312,2,145813,2,0.6603705749128504,0
25,133768,756,0,256183,3,0.8809229212950795,0
39,135911,740,2,330148,2,0.7207326340411362,0
54,105092,397,0,328633,2,0.24716878189083719,0
30,110879,419,2,290135,0,0.31727348568087216,0
45,108370,592,2,110711,2,0.7750157720718236,0
22,146537,300,0,424297,3,0.43435687868156125,0
31,66762,549,0,127761,1,0.6941426774187924,0
51,124824,448,0,249166,3,0.6898766133406795,0
35,118958,694,0,62304,3,0.8955903663717435,0
29,108741,343,1,413858,2,0.5289109065454385,0
43,38830,343,1,263382,3,0.7164826523541461,0
39,75044,377,0,342247,1,0.23412701410027165,0
29,93948,525,1,374307,2,0.523813714485162,0
55,89202,461,0,253134,4,0.3306770813719917,0
41,57045,552,0,123778,3,0.7884000861992237,0
29,106322,431,2,415615,3,0.7879358324112495,0
48,137257,747,0,38103,0,0.3654550944939867,1
27,91051,773,0,20330,4,0.42279960718152776,1
36,127509,408,0,414680,4,0.6917344491222465,0
36,46627,334,0,138206,1,0.716786146388587,0
53,35198,766,2,129679,4,0.6603421214800616,0
24,89521,574,0,54409,0,0.8976862462683128,0
24,131439,486,2,231270,1,0.8080782483895783,0
59,126471,542,0,5184,4,0.49194121652676576,0
37,49475,563,2,494139,1,0.4288837050793185,0
57,125752,821,1,126529,4,0.6177948235972563,0
59,138998,840,2,447490,4,0.7723454350834527,0
49,39403,386,2,242432,4,0.532740431615587,0
56,23681,834,0,339943,3,0.7163848247821476,0
58,111555,509,2,60810,4,0.21341202765422967,0
59,138884,345,2,83727,3,0.8480880758086728,1
57,113122,766,0,205122,2,0.7416843092608167,0
55,135260,839,1,430950,0,0.47593306073489305,1
27,62292,325,1,469829,1,0.46880862786350447,0
47,123057,565,1,317690,1,0.27202076542395376,0
48,125386,474,2,40120,2,0.7713076067177698,0
42,122306,815,0,184556,4,0.738040656480029,0
34,25629,610,1,196635,0,0.6411747952749314,0
27,113246,621,1,342180,2,0.27101953050082417,0
57,115864,434,1,85528,2,0.38363895594594954,0
42,97814,354,1,191185,1,0.5212401312852328,0
25,28417,842,0,189168,3,0.3861803606349582,0
22,138888,830,1,15133,3,0.5037817462070325,1
47,54765,455,2,142477,4,0.3581702784463566,0
41,94499,446,2,428485,4,0.4447203526642117,0
58,134088,784,0,218482,2,0.6566078185176394,0
35,76574,319,1,101993,4,0.8246527565457866,0
41,122828,568,1,120742,3,0.4695214768629777,0
30,110545,632,2,153157,0,0.6843357618125303,0
43,148206,700,0,40702,1,0.2943551604677642,1
59,47675,605,2,256147,3,0.578572584499033,0
25,145609,327,0,478099,4,0.8451929578881594,0
21,121711,766,0,149574,1,0.2195550631201684,1
33,92267,559,0,313623,1,0.387290153208766,0
41,60563,833,2,84384,2,0.292745473576101,1
46,31332,400,0,92957,4,0.5731850356474903,0
41,143745,652,2,281570,2,0.6757497248499278,0
38,39177,599,2,468447,1,0.24044543444417654,0
57,109254,595,1,250579,2,0.24919909444838592,0
52,88447,652,2,414076,4,0.8087404349242338,0
56,77104,429,2,314009,3,0.5193632039972558,0
37,104335,455,1,52404,0,0.5240661197470535,0
55,134938,373,1,96246,3,0.8612062764706818,0
31,100730,641,1,324567,1,0.4241467271854522,0
41,24951,764,0,95947,3,0.8279165529229533,0
46,126402,389,0,472595,2,0.8819783212033845,0
24,48333,754,1,36152,4,0.3691859383553012,1
54,41673,631,0,479325,3,0.55982719444878,0
38,134421,647,1,371014,3,0.5740493070301809,0
55,60870,532,0,297881,4,0.8063176782544448,0
49,141945,401,2,59325,2,0.41273569546727507,0
49,147536,780,0,174839,0,0.7586297103473902,0
58,91101,513,0,229864,3,0.8797051738946082,0
41,42821,407,2,238242,1,0.7882356569210094,0
33,45494,464,1,439921,2,0.8363981984197022,0
37,119477,634,0,138074,2,0.6958481074000786,0
29,146083,385,0,349303,3,0.8327690321940215,0
21,94160,723,2,196309,4,0.31539544474662917,1
22,132698,663,2,383776,3,0.6986529905291381,0
49,131560,359,2,322857,3,0.7123141484800333,0
53,20835,781,2,46815,4,0.5074266625495945,0
30,145126,549,1,463213,1,0.2558169271505385,0
41,38646,416,0,459075,4,0.635710622382579,0
48,143777,844,0,250301,3,0.23631656459933648,1
31,97360,343,0,199308,0,0.46768174730958467,0
54,57335,808,0,354931,4,0.47556916028302615,1
28,89351,464,1,345387,1,0.899245755924333,1
42,134934,667,0,487869,4,0.40986142361037736,1
28,22429,591,1,27743,4,0.774317756546582,0
35,61950,585,1,323883,2,0.23722017965284767,0
37,80654,503,2,124492,2,0.5708361897700882,0
43,127422,823,2,474542,3,0.5756841749892084,1
44,129934,420,0,365300,3,0.6401248972361235,0
39,139975,487,1,135275,4,0.7670036423729567,0
25,88143,312,2,217204,0,0.7333463672062035,0
52,111186,499,1,35339,3,0.732705689832662,0
21,124234,755,2,39121,4,0.5026057540270008,1
43,117889,747,1,441211,4,0.7092300377265683,0
57,122326,370,0,450248,4,0.543921002424385,0
28,97527,429,0,381276,4,0.24686582484150155,0
33,106704,342,1,448047,4,0.8231272478282088,0
28,51099,819,2,46446,2,0.8231143142971322,0
43,59385,312,2,254380,1,0.4260151352585975,0
21,55919,834,0,131530,1,0.8397318334966581,0
44,116952,601,0,443894,4,0.730588826953557,0
55,80782,826,0,418914,3,0.48056086160341616,1
44,91116,414,2,241240,0,0.4320539188976774,0
37,92590,759,2,478468,4,0.8825998895702707,0
25,109626,804,0,363486,0,0.6988388741779177,0
40,60387,607,1,88404,2,0.4651669683398401,0
41,35823,624,2,315062,1,0.6493887215865635,0
51,66015,474,0,101666,2,0.6000683393261582,1
56,122877,813,1,193307,3,0.5671780158927725,1
31,35339,471,2,11125,3,0.6512913291682907,0
35,149949,801,1,243580,4,0.5763384255262534,0
39,23491,633,1,257428,3,0.6583532475804664,0
27,20706,583,2,394566,3,0.8352979935565472,0
48,117493,774,0,498867,2,0.8952854777016903,0
25,35728,353,1,183583,0,0.6965008113436093,0
25,26997,757,0,238084,1,0.849474561225303,0
50,123537,719,2,296190,3,0.8008871777180679,0
52,80408,708,1,224368,3,0.40652617858689544,1
28,78097,603,1,389762,2,0.8530355881301248,0
30,149526,521,1,15114,1,0.24956630003683505,0
58,58523,832,1,5637,2,0.4309452747304814,1
52,141648,457,1,43634,0,0.64796145457336,0
48,45163,647,2,355857,2,0.5688408121265994,0
37,37718,458,1,40776,1,0.5796886749805539,0
51,107508,534,2,159672,1,0.7564218308608737,0
28,103767,704,0,480003,3,0.3362925776003346,1
45,59619,556,2,293953,0,0.8874528569772211,0
29,32126,346,1,421972,4,0.5062207591080194,0
22,109131,512,0,457685,3,0.8648902853639167,0
35,84926,778,2,43368,2,0.46818110514778283,1
23,60633,786,2,82185,2,0.6212506681961449,0
56,97654,641,2,394313,1,0.5152180299261953,0
24,23317,823,1,475118,1,0.6731546146963792,0
34,64980,802,1,410096,1,0.32853731056893054,1
45,64115,305,2,481535,4,0.48043997298833946,0
30,81646,443,2,261286,4,0.247866785475202,0
41,63158,560,0,193227,3,0.6186709918930094,0
56,75963,531,1,383337,4,0.873877189012386,0
32,67631,569,1,92762,1,0.23213456061017004,0
47,69316,746,0,111745,3,0.6617410171510965,0
22,125364,521,2,332460,3,0.7425685745463617,0
33,79342,351,2,75856,0,0.3491758969243402,0
52,35504,415,0,406943,4,0.39115200535798295,0
51,88593,837,2,475476,2,0.34110676036802473,1
36,46660,840,2,306355,2,0.40818884567341523,1
52,57196,318,0,352613,0,0.2770577914353619,0
52,85938,691,0,346074,1,0.4592435098997956,1
54,28605,718,0,241328,0,0.45825043672007637,0
31,77388,608,2,308561,1,0.7650872196237861,0
30,101297,485,0,220730,4,0.7606708209205029,0
35,75501,560,2,499889,4,0.7577063543165554,0
37,73309,827,1,198899,3,0.5969251392532512,1
38,47043,572,1,429653,3,0.42811648080643416,0
29,53635,459,0,287663,3,0.4876751614803036,0
45,99315,523,2,275127,3,0.42242045333345724,0
34,100691,555,2,49656,2,0.6073495334865049,0
45,126514,479,2,272779,3,0.8565853849195664,0
42,53132,319,0,369517,3,0.39914774883899995,0
50,109387,767,2,371699,3,0.5211962723522907,1
40,35366,509,2,377027,1,0.6585818510975381,0
41,113944,812,2,253945,3,0.7912864382569078,0
52,92107,357,1,155694,0,0.3773337444486754,0
41,82580,392,2,240113,3,0.3962029656862734,0
55,135267,520,1,79975,3,0.8196158725791554,0
52,142362,531,2,360589,2,0.2561806839900621,0
50,77889,663,2,65666,3,0.6238133241770488,0
59,99553,673,2,368021,1,0.802318791267191,0
32,59236,755,1,323149,4,0.8452199252460733,0
38,24150,387,2,234501,3,0.20888107796300814,0
41,131369,319,0,112725,3,0.458766184245929,1
33,39423,313,2,147475,3,0.38008535028473267,0
41,24137,432,1,65477,2,0.5976228121423062,0
28,49992,333,1,497826,4,0.6430035937695404,0
27,130540,507,0,367549,2,0.8998421343238701,0
43,114438,498,0,70035,2,0.558933747829248,0
52,135140,454,0,168975,2,0.5860268151160888,0
31,64921,377,1,490705,1,0.4900194554639493,0
42,141225,471,2,143383,4,0.303374066487003,0
42,99369,588,2,448827,1,0.4123272481964189,0
45,86917,844,0,102561,1,0.37288944239772226,1
42,93690,719,0,25615,4,0.7608537839438394,0
48,54235,306,2,323952,1,0.5820714950866186,0
49,98975,459,0,38580,4,0.40733554115073944,0
33,39122,539,2,455268,3,0.5423650320254523,0
38,43956,722,2,128731,2,0.35320541816679085,1
22,83879,835,2,359000,1,0.3295890054012526,1
49,78560,369,2,47898,4,0.8019595660693202,0
41,141435,515,1,160024,0,0.8613675981262972,0
35,102800,403,2,87790,1,0.2560102254788915,0
47,130310,353,0,20227,1,0.7354178950304944,0
51,88685,629,0,411976,4,0.5173180754991031,0
35,44660,502,0,275970,0,0.47228014891577735,0
43,148029,587,0,477691,0,0.6825879166834747,0
44,126196,344,1,366116,3,0.38637757973405595,0
33,106064,497,2,350357,1,0.21440685839851117,0
42,134440,515,2,458648,2,0.34980199347401053,0
57,21168,780,0,472212,1,0.3294475536964182,1
53,65124,608,0,456420,2,0.22383456708749377,0
23,55897,734,0,406889,2,0.4249207912184249,1
39,35032,631,2,98402,4,0.5321629734598978,0
43,72797,326,1,303302,1,0.7150800879354049,0
49,55294,465,1,473205,4,0.4279629278448178,0
50,63827,617,1,20904,3,0.3361781859604204,0
59,23516,573,1,130212,2,0.36143383847752375,0
45,39751,682,0,151468,0,0.8238239554132001,0
57,50373,664,2,229978,2,0.3433042844921581,1
28,142026,402,0,92469,3,0.8154684672615571,0
36,50270,802,1,59039,2,0.5129692968414568,1
28,30386,672,0,231957,4,0.8540803026439685,0
21,121859,544,1,9334,1,0.48566449541328904,0
25,84817,468,2,364140,0,0.32437805366407213,0
23,85184,717,1,32268,4,0.5843209504479363,1
21,134316,655,0,69636,1,0.6113946219943474,1
24,99693,777,2,289212,0,0.6448425122912887,0
55,57879,424,1,426463,3,0.488047702928669,0
52,125056,836,1,70121,2,0.23402093855614664,1
54,69597,701,2,390905,0,0.6387039460646584,0
45,59132,816,0,224742,3,0.8531211079868801,0
30,23626,830,2,283429,1,0.8702910399540111,0
41,105936,553,0,105539,0,0.6178197575027102,0
59,122179,420,1,222975,3,0.21392091256810228,0
47,123801,331,1,29136,1,0.27422693659416864,0
47,101515,336,2,458594,4,0.78379336803861,0
22,97065,641,1,436003,2,0.7808211063573396,0
33,75390,312,2,29425,3,0.8622109236878535,0
29,36645,482,1,493217,4,0.5946420960067691,0
56,111960,564,1,23961,1,0.8046714061279074,0
42,74144,387,0,169515,0,0.7774208479773141,0
46,33382,761,2,285967,2,0.6125945643449701,0
32,24025,345,2,342553,1,0.7485462873569375,0
37,63226,691,1,76123,3,0.28799738115873,1
34,99380,418,0,109249,2,0.6474419298160842,0
34,142971,830,0,30852,4,0.8674156694360358,0
54,138910,746,2,42535,2,0.31337024890758547,1
40,89711,345,2,12004,4,0.7208298772600008,0
31,116055,807,1,163895,1,0.4245500581403693,1
36,146189,825,2,109913,0,0.771972746602481,0
51,94710,302,1,321230,2,0.6880476535939672,0
26,23443,327,0,254408,0,0.8483219803246365,0
39,41395,680,2,12131,0,0.6983547937857266,0
57,30725,456,0,219304,2,0.48721741647400313,0
24,53461,810,0,292793,2,0.20762477414322805,1
24,147000,632,1,140171,0,0.7550418277395796,0
40,61115,413,0,449022,3,0.4859254766587839,0
30,130084,688,1,429787,3,0.6694438663844018,1
44,116887,786,1,35580,2,0.27354653687389313,1
55,103732,549,0,119163,0,0.8236780451283585,0
46,132145,614,0,99200,0,0.5049604581845536,0
57,99790,538,1,86118,1,0.8437842136660774,0
58,99557,533,1,31469,0,0.6949122036561437,0
41,131672,602,0,332323,3,0.28502358346863726,0
59,91260,633,1,486154,1,0.6054376293853895,0
41,48690,412,1,29236,3,0.8369541135592511,0
30,21407,661,2,423326,4,0.7599793919184019,0
58,93568,396,2,290574,2,0.492586285303375,0
24,78560,315,2,311551,4,0.8685450780777348,0
40,67340,675,2,174020,2,0.38800332656106873,1
37,37794,689,2,88299,3,0.462575392322821,0
27,39881,516,1,381640,3,0.7247999213007588,0
24,106292,698,1,349709,4,0.3630331900508612,1
49,125698,559,2,455583,2,0.5607621289716835,0
34,114952,619,0,174252,2,0.7101524330729081,0
23,69703,495,2,140724,1,0.6507774362996437,0
44,64354,777,0,77370,0,0.3087589398846778,1
57,111288,717,1,369899,1,0.6407622212894841,0
36,98462,774,0,486239,3,0.600897370163575,0
24,139020,843,1,132845,4,0.5904913775273788,1
44,119301,530,0,405300,2,0.7782330305760723,0
54,138764,820,1,443846,1,0.32872721576750974,1
50,34390,499,1,189348,4,0.7260961909304131,0
38,124403,320,2,216300,4,0.7326482124145572,1
39,107475,610,1,120052,0,0.7058518077066078,0
51,47307,733,2,138727,2,0.554177819435132,1
39,116364,670,2,455968,4,0.4768771234164162,1
39,114049,377,2,110737,2,0.47627401205101566,0
42,138740,841,0,497834,1,0.7136660997595683,0
44,139991,584,0,183742,4,0.54852769180801,0
32,44502,439,1,141344,4,0.4369036069616488,0
50,115599,581,2,398434,1,0.6378287790837252,0
58,42486,557,2,101428,2,0.7859078823521117,0
51,131813,659,1,304615,2,0.24305611881779723,1
56,58258,739,2,53762,4,0.8804958704400063,0
39,77716,569,1,419731,1,0.26765635770733304,0
56,117228,433,2,170379,3,0.5582166844920428,0
50,123920,403,0,254193,2,0.5921466808264573,0
53,101494,394,1,476897,3,0.29674749375294374,0
38,120552,779,1,154058,4,0.8409156271123757,0
48,102768,540,0,351768,3,0.5300269541047458,0
31,30748,312,1,337744,3,0.30018436012227534,0
53,82785,446,0,379236,2,0.6981286819934396,0
37,96050,394,2,123336,4,0.6643830416698269,0
26,42738,592,0,322032,3,0.8740058988470132,0
24,94231,324,0,485948,2,0.5090614272814238,0
40,93606,571,1,147675,3,0.38745718121533157,0
47,113301,804,2,335168,2,0.24199580440668347,1
35,61662,465,0,95728,4,0.7131850675561886,1
26,138313,386,2,296041,1,0.6320943824612957,0
34,116297,790,0,154874,2,0.8808275844305316,0
31,102234,440,1,152483,2,0.6985154858625426,0
59,35123,402,0,65399,3,0.8532130359567511,0
29,120680,525,0,231274,4,0.8941051563457063,0
46,45616,593,2,65692,0,0.49990180096288006,0
36,122682,605,0,455892,0,0.30520650935849397,0
25,31182,553,1,148842,1,0.33709554383228457,0
30,110369,479,1,78513,4,0.4228626561786217,1
23,118878,339,0,435645,2,0.556227036946391,0
33,82013,819,0,495783,0,0.28569399957744934,1
50,51331,845,2,392185,1,0.41120251029866495,1
26,66098,535,2,457645,4,0.41545569316804076,0
37,46128,762,1,206157,1,0.20285995847529897,1
39,51556,527,2,418553,0,0.44791811776647494,0
55,147398,782,0,360045,3,0.28130654005927,1
46,107505,729,1,222253,3,0.5007979657636724,1
25,41876,321,2,249405,4,0.3375757161826244,0
49,28949,642,1,160579,1,0.7754799677852373,0
57,71962,339,0,64596,2,0.2563677469416765,0
40,110054,472,2,75509,0,0.80596230199274,0
41,143984,738,0,13436,3,0.6063686308672187,0
30,91206,478,0,15086,3,0.5210484642388502,1
25,44099,432,1,481492,1,0.5848196218257371,0
56,124871,650,1,358198,3,0.46327639042436847,0
26,32716,824,1,418067,1,0.28932833349436154,0
46,72611,839,2,306876,0,0.736115871048646,0
24,58885,805,2,413058,1,0.8495381130674908,0
59,73144,383,1,396072,3,0.8650473361839053,0
59,85220,763,2,388899,1,0.669498054355921,0
55,27837,642,2,262144,3,0.48724319856166703,0
21,69355,579,1,231562,4,0.5348519735935475,0
44,67299,562,0,6745,3,0.6598759878925209,0
56,39159,465,2,279841,3,0.7761507615558434,0
26,145212,592,2,490685,3,0.46219699628012834,1
51,136680,808,0,8879,4,0.8417468573467779,0
40,136931,525,0,221769,2,0.42699050845142905,0
44,126802,469,0,154571,3,0.5716018427290429,0
45,136375,747,1,224249,2,0.8729532600249295,0
56,122413,801,0,171107,0,0.8567392407979271,0
41,71012,826,1,416867,1,0.6870215626694245,0
50,79305,678,0,342368,2,0.42719213613250606,1
44,107096,500,0,380513,0,0.3533245232288025,0
50,37106,549,1,343668,1,0.256100348733481,0
42,78123,708,1,356150,3,0.6960580833175698,0
48,131825,424,0,304393,3,0.552415485801425,0
27,28720,412,0,422065,3,0.6006013857609801,0
55,57661,436,0,497449,4,0.5306745217480164,0
48,135031,795,2,209381,4,0.53806250350141,0
34,113898,449,0,237700,4,0.5998915334434756,0
30,113794,642,1,296220,4,0.8399834043232264,0
36,107318,620,2,206195,0,0.2205564096276334,0
36,126704,831,1,169196,0,0.7611457457012136,0
51,41120,588,2,151859,3,0.473361382390786,0
45,39790,788,2,320606,1,0.7214469870980997,0
33,78655,791,1,353128,4,0.8639684304710495,0
26,79643,551,2,76035,1,0.4144008954684346,0
29,113448,376,1,8841,0,0.26268824572065924,0
56,67374,691,0,312034,4,0.36260890542044794,1
40,62907,711,2,394871,0,0.3554649817787938,1
38,70071,472,1,30402,0,0.7192945922221778,1
41,140507,500,2,256093,2,0.24330072720758217,0
24,54812,516,1,378857,0,0.23565350589901365,0
53,69570,675,0,486807,3,0.6855260161386851,0
47,70901,310,0,372507,0,0.5897037794132166,0
27,80186,311,2,202273,4,0.4924372813902424,0
26,142066,734,2,102807,3,0.6027578848839317,0
35,148364,672,1,290381,0,0.7146735341780472,0
38,70251,572,1,179060,3,0.2724299608947455,0
52,85171,808,2,492019,0,0.5873004911866597,1
31,56160,431,1,212382,3,0.7770917830400137,0
40,39156,618,1,398769,1,0.45370041940481864,1
44,96208,467,1,149932,2,0.7341125913358473,0
35,99980,696,2,95439,3,0.7917945874025563,0
27,92320,479,0,274189,4,0.7746504342740936,0
41,37929,357,0,342060,2,0.6552494813901029,0
46,86606,779,1,61435,2,0.7021411628775209,0
34,108442,759,2,103453,0,0.7513726265003466,0
57,120154,360,1,37261,3,0.7135965166483424,0
41,82559,668,0,250749,2,0.5161761136006051,1
38,74205,420,1,477095,4,0.3113846600103689,0
25,130694,845,0,7853,4,0.41681141991986903,1
23,88475,316,2,80664,4,0.34507259356944076,0
43,84341,795,1,115884,0,0.45301090802750155,1
46,115377,796,2,53022,1,0.5425317561276997,1
57,62863,804,1,400952,3,0.8713326702139721,0
44,101837,831,1,300868,2,0.8716239564924839,0
39,85439,614,1,278584,3,0.7387119646417997,0
45,27194,368,1,337860,2,0.8860982018543382,0
41,91387,460,1,428500,0,0.8986110710771213,0
32,141361,444,2,111911,3,0.8196797234590503,0
53,101914,684,2,409862,0,0.25565250824429664,1
24,86214,568,0,482781,0,0.4982308724249833,0
27,116176,753,1,90694,3,0.5738839867177394,1
42,119292,817,0,412558,3,0.2868578099309532,1
53,49777,649,2,201692,2,0.7660414390701875,0
37,145355,409,0,200333,4,0.30407839046414664,0
44,46183,782,2,264004,0,0.4683301427750887,1
54,47445,706,1,400151,1,0.24823852594951695,0
48,87038,350,0,494218,2,0.56721516157105,0
59,136477,702,0,440592,2,0.6179290127842787,0
42,107201,775,0,210870,4,0.7146237951124756,0
37,36198,386,0,475356,4,0.4376230420780671,0
54,41411,367,1,440697,0,0.6133720497222266,0
26,70577,341,2,486885,2,0.7139031377623304,0
26,35867,356,2,121189,2,0.7334246042370167,0
54,82501,495,1,99203,1,0.41114929251502597,0
21,34266,361,2,191793,0,0.24739275112468753,0
30,59422,562,0,498993,0,0.226333634286088,0
41,55208,411,1,104039,4,0.7376421992848086,0
25,128538,477,2,269982,0,0.469807242026872,0
22,141544,325,1,171402,1,0.2937598639623461,0
42,51213,709,1,477192,0,0.32914225486489057,1
22,27367,830,2,107210,3,0.7363053323621864,0
30,144158,616,2,235648,3,0.6192314004835354,0
54,99026,831,1,370284,1,0.5509822163144995,1
36,55362,405,1,105166,4,0.6361053099371728,0
59,139377,763,2,304138,2,0.2962496879101969,1
42,71588,545,1,227947,0,0.4233295700371099,0
32,58285,380,2,35384,4,0.4618444621695505,0
44,146683,695,1,312522,4,0.42014843856585216,1
58,145085,821,1,374462,0,0.8050914184944553,0
30,94755,563,1,430859,2,0.606994801256832,0
55,91846,573,2,415142,0,0.7105249852387254,0
52,56307,471,0,43977,2,0.36569426291298757,0
27,115167,564,2,28652,1,0.3848518261070253,0
41,100280,325,1,199367,2,0.3577351881547024,0
40,39867,768,0,15270,4,0.6815857043518903,0
46,76523,775,0,87804,1,0.44432869698336286,1
24,104161,655,1,197702,3,0.48355889268291413,1
42,26378,325,2,41417,1,0.6963851254872027,0
35,104685,333,0,132390,2,0.8802590913182438,0
41,127669,563,0,445110,1,0.3133127196133226,0
35,96958,437,2,61042,1,0.2438733877643624,0
42,47926,761,2,330397,3,0.33639215237722264,1
48,123215,467,0,184913,2,0.7144724794742947,0
34,118707,380,2,319867,4,0.33623910373431143,0
47,33180,706,0,156389,1,0.6090466818374204,0
48,112837,345,1,453224,0,0.6132215755492875,0
46,138070,352,2,172506,4,0.40609617020795674,0
22,56931,775,0,182197,1,0.24810839591364012,1
45,44014,315,2,217056,4,0.47944036221612324,0
23,134775,659,2,342593,0,0.33074979557957496,1
28,116472,786,0,210174,4,0.32913124718656683,1
53,99872,801,1,234052,4,0.5658122097201186,1
55,78502,440,0,86141,0,0.6711847966684275,0
26,107736,746,2,5557,0,0.2527905365865696,1
59,25470,589,0,374920,0,0.6048249790497506,0
43,116395,508,2,442599,3,0.3723411504139225,0
45,34953,774,0,404256,0,0.6713086427137779,1
39,124580,712,1,51652,4,0.7671510853416568,0
25,58507,726,1,497648,0,0.7649095449661187,0
31,138961,670,1,121048,1,0.458902950768514,1
32,112969,589,1,65941,0,0.597088771714281,0
30,111493,731,0,354484,0,0.7555866286861661,1
28,26523,567,1,341972,2,0.24256718303633404,0
44,106923,450,0,162182,4,0.6239370353206535,0
48,77190,554,2,403565,4,0.7855653886771119,0
56,67761,652,2,166446,1,0.4606498985310685,1
57,51169,676,2,351689,3,0.5187856797869007,1
41,65641,657,1,377767,2,0.6891096479915448,0
28,42990,669,1,47591,1,0.24751929830598915,1
29,49661,526,1,398273,1,0.4699451722944379,0
35,33419,602,2,391151,4,0.40699753915669423,0
38,34457,688,2,472255,2,0.21189597471099159,0
40,87600,676,2,360973,4,0.3371808628632821,1
26,123619,417,2,256608,3,0.4771184959121945,0
32,96102,304,0,331722,4,0.3382000958803997,0
22,53085,743,0,375641,0,0.6216788227361896,0
27,117064,651,1,155193,4,0.5140568251354163,1
36,70654,832,1,272637,0,0.22763690634136938,1
23,26130,423,2,264830,1,0.39252818501876185,0
23,125723,576,0,107181,3,0.21363373926544982,0
47,22042,693,0,72818,0,0.4506946259261332,0
58,90134,659,1,224778,3,0.38137701242208344,1
53,62982,768,0,387340,4,0.6817307475179231,0
48,118422,356,1,268575,4,0.4151848479175726,0
21,85185,550,2,458685,1,0.46261106520905476,0
28,53477,449,2,460457,4,0.707733752304246,0
57,134161,751,1,443510,0,0.536642373136057,1
52,72709,461,2,105079,1,0.5895180650170879,0
57,48716,419,2,260270,3,0.788942664623214,0
24,98137,650,0,222199,1,0.34482181382015786,0
50,56018,398,0,409567,3,0.8924298699693132,0
26,28061,466,0,168555,2,0.8300735642882757,0
39,28609,813,0,298339,0,0.4005869800207427,0
52,55371,700,0,249015,0,0.825056892334392,0
29,130350,664,1,260280,3,0.7277693108077694,0
32,103021,625,1,238761,4,0.8515295303735062,0
31,40805,546,0,158807,4,0.6837946316880221,0
36,27857,733,2,20203,2,0.672134168088911,0
21,31620,392,2,271118,3,0.20242508636827194,1
41,28177,567,1,240281,2,0.5322280700725395,0
50,50111,620,1,369913,3,0.34018802432489614,0
33,140770,361,1,259171,2,0.4268570214183051,0
54,108578,599,2,90222,3,0.8851709437974391,0
24,104181,702,1,437929,0,0.25985137047832363,1
48,109941,602,2,260848,2,0.7057405293176549,0
58,147049,552,1,17636,2,0.32106138930961126,0
51,31826,777,2,302214,3,0.20518093764730383,0
47,33890,668,1,296267,1,0.5509930961935303,0
25,102428,459,1,125973,1,0.31285070913178514,0
45,137067,465,2,430028,0,0.8758263791871039,0
23,146044,504,1,426976,4,0.3425877159765073,0
53,78031,566,0,9966,4,0.3344246918244075,0
24,139440,437,2,247823,0,0.22251684726258672,0
45,132134,667,1,385558,4,0.4308737470752379,1
40,95020,742,2,351106,3,0.2168781724502994,1
54,25495,316,1,84698,1,0.5492206446701889,0
46,48481,367,0,414274,0,0.5539274499791862,0
25,31267,432,1,46482,3,0.23727030094479018,0
55,137897,729,1,245275,0,0.36804359389119135,1
48,125702,607,0,7998,1,0.7824745396010462,0
49,26743,473,2,127659,4,0.5237813410477565,0
29,74800,711,1,66265,3,0.5042270291100401,1
58,123475,396,1,71445,1,0.6891438631532587,0
26,68773,453,0,378177,0,0.7004173604424906,0
39,77042,541,2,170720,2,0.7333738205569804,1
31,69476,603,2,458839,3,0.7813376275603361,0
22,147967,584,0,345177,0,0.3625754524816586,0
29,112105,326,0,351624,0,0.24646642509554573,0
41,48552,701,1,143599,1,0.46618541502932465,1
44,85242,659,0,371144,0,0.7985685374362066,0
54,65772,359,0,139144,3,0.2546200649998976,0
42,63730,501,0,410234,3,0.6031676591620652,0
23,48948,669,2,34652,0,0.6907580643989752,0
32,96311,832,0,9476,1,0.536985049297608,1
48,89093,451,1,100768,3,0.37862281052462565,0
50,89123,401,1,163554,2,0.42841663727635404,0
46,36535,745,1,238865,4,0.25015646858851026,0
41,86490,528,0,198585,1,0.40480848313707607,0
48,66562,424,2,222483,1,0.23106460529289202,0
46,139042,535,0,283363,4,0.708427498693778,0
53,145251,461,0,297592,4,0.8285966949581804,0
41,109080,652,1,478119,3,0.643459189917515,0
55,147844,367,0,423336,0,0.6596922560532307,0
54,78535,472,2,273999,0,0.5304996359982703,0
38,118991,560,1,454769,2,0.30922551444357566,0
31,61269,516,2,466849,0,0.20540759887735877,0
43,100674,423,2,180657,2,0.44078319832739976,0
42,62462,461,2,483641,2,0.7260419901596693,0
37,23127,500,0,137156,1,0.872302105520907,0
25,43147,753,0,103856,1,0.5017594480193293,1
31,65528,701,0,158016,3,0.4557737086334731,1
50,97095,761,0,432137,4,0.5121709544319668,1
35,133100,574,1,66282,4,0.4994424270629352,0
47,88931,505,0,92393,2,0.6381158830990514,0
55,110925,339,1,187469,4,0.7139031779686653,0
53,86381,572,2,134822,2,0.7494706162782061,0
40,119468,392,1,23070,4,0.6547233666043235,0
36,131258,341,0,191059,3,0.5064067711511505,0
54,83749,764,1,251453,1,0.8650726288860768,0
22,58672,678,0,61690,1,0.6977137874598864,0
55,33731,406,0,226083,2,0.49866062859232424,0
48,144647,627,1,66134,4,0.5126072439668531,0
59,74512,364,1,354899,0,0.7725865949503108,0
26,118658,664,2,374137,3,0.5083786214057064,1
29,71024,783,2,457655,4,0.5613915359453638,1
40,136712,323,2,298633,0,0.40408660434373683,0
21,121121,839,2,28178,3,0.7872403837197088,0
28,23832,361,2,346163,3,0.565599836212324,0
43,52332,790,1,325100,1,0.5867751568725994,1
23,32467,572,2,183874,2,0.8164727818993791,0
24,61025,528,1,246535,4,0.8443620874930466,0
45,33107,319,2,67778,3,0.776935657666564,0
58,148347,302,0,193791,4,0.24575928908411587,0
35,97994,720,2,431789,3,0.5104563712460801,1
41,114202,606,0,431904,1,0.4403316574066978,0
55,63481,731,1,116466,2,0.3494603469303831,1
34,22581,435,2,123292,0,0.8362677130920502,0
56,95118,814,1,495281,0,0.8230482708201527,0
32,144010,492,2,366891,1,0.5257085182982755,0
37,71638,714,1,241424,3,0.29419259547100446,1
59,143714,417,2,51475,1,0.20935593423225124,0
29,28418,508,2,317841,2,0.5069269563953731,0
55,113627,333,0,432194,0,0.22796860400148017,0
33,49113,617,1,165749,4,0.6266891593438321,0
35,104363,419,1,479756,0,0.6258862096160482,0
38,143607,824,1,15272,2,0.8292576135422138,0
53,83044,388,1,404428,3,0.3330343898025496,0
26,99955,811,1,288215,1,0.4599759696894808,1
47,81030,346,0,113644,0,0.801681772148995,0
43,31814,821,2,211308,0,0.5320075517430805,0
47,119340,583,0,362660,4,0.24180630228036099,0
54,30024,676,1,153369,1,0.27754873811687003,0
58,83288,433,1,188004,4,0.7694182001049157,0
34,129236,547,2,242957,4,0.7205882010199591,0
56,77836,617,0,455100,3,0.8131170620167543,0
28,27435,735,2,426841,0,0.28320281613640064,1
55,87084,475,2,33831,1,0.7322917206575692,0
39,144023,650,0,255747,3,0.6585730554707323,0
50,90601,442,2,385457,3,0.36260526879872995,0
34,108416,697,0,128950,3,0.8817330698889276,0
40,140871,668,0,454694,2,0.5992483734058618,0
45,138645,800,1,330053,2,0.8348145827779947,0
44,23407,669,2,296511,3,0.8013651939448905,0
34,118943,681,1,181885,2,0.4331878223658281,1
46,52940,385,2,499090,1,0.5751698033907693,0
58,25666,759,2,25121,0,0.5019578095832702,0
43,57122,624,1,302691,1,0.6963542991820529,0
42,138647,821,1,330786,0,0.6116294031803994,0
39,45092,788,1,292058,2,0.7493974731260689,0
23,149753,696,0,383808,1,0.20822658171858918,1
39,143402,654,2,153250,4,0.6814552829901909,0
29,95645,587,0,72258,3,0.4233456086537585,0
48,121190,758,2,215493,0,0.35695549792259257,0
40,120468,835,2,65563,0,0.7608689564510707,0
27,149207,590,0,186122,4,0.2624548478317298,0
34,46505,467,0,329751,4,0.35992203156939884,0
29,56713,727,2,70638,3,0.34261403876984475,1
39,74387,789,1,360115,2,0.4938778115417913,1
34,63169,654,1,263140,1,0.42563574919008274,1
58,93282,495,1,411478,1,0.704327821976769,1
56,97511,844,1,405669,1,0.6895589164210336,0
37,71742,310,2,244015,2,0.4278296237742273,0
50,60522,555,1,181246,3,0.5058865433020566,0
29,101132,695,1,383864,1,0.34553572892584106,1
53,139622,708,1,344904,0,0.6695844303473895,0
45,138764,661,2,404388,0,0.47735591809280287,1
34,123489,558,0,81788,0,0.2929782731095507,0
31,119397,302,1,285062,4,0.2890858443380579,1
55,23880,383,2,274341,4,0.42562447489482286,0
34,63454,455,2,364271,2,0.7231275200453371,0
50,75711,475,1,149749,1,0.21785303529205027,0
24,63539,771,0,409255,4,0.3804422852280175,1
24,128984,723,0,294929,0,0.3137403112221301,1
48,88321,433,0,271714,4,0.8695344749139304,0
28,107985,679,2,77242,0,0.6936971227797184,0
22,34799,576,1,409871,1,0.3632628788832623,0
42,134584,535,1,234810,2,0.34522240980533625,0
36,124843,312,2,52907,3,0.8006213817710937,1
49,80102,641,1,276593,3,0.33315868749148914,0
50,70726,334,1,291774,0,0.8979414401380588,0
32,68784,513,0,341802,4,0.39761218400797976,0
55,140364,711,1,51371,4,0.2590329004086745,1
31,133034,704,1,409207,0,0.6836593258118007,0
41,63333,793,2,29887,1,0.6267499548089216,0
41,60828,458,2,18859,0,0.8998755157530196,0
25,89526,409,0,421856,1,0.7614600210603826,0
40,74362,848,2,315483,2,0.5001855731932674,1
57,73997,825,0,489284,2,0.6736280137141585,0
23,143973,646,0,189307,0,0.7724946175223464,0
53,70341,578,1,269656,2,0.5596085678103065,0
29,39073,778,0,348126,4,0.3910100155146481,0
29,122399,410,1,289056,1,0.34707394960045873,0
24,34549,730,0,235639,3,0.40669700562953004,0
55,103795,841,2,125639,3,0.7936481471688637,0
37,76920,414,2,171587,2,0.4663026607421147,0
54,105326,389,2,413632,1,0.4006649109964222,0
44,95515,511,0,471032,4,0.7641210594565566,0
52,149392,849,0,212582,3,0.22234423924218047,1
21,40316,838,1,382925,4,0.6157707896512394,0
28,46183,659,1,441962,4,0.81154226223039,0
43,113860,785,1,179847,3,0.48705862433892516,1
32,44624,671,1,369211,3,0.3885227129514991,1
32,82515,514,0,279371,2,0.5441963486051695,0
35,123712,314,0,411247,1,0.7022340173844555,0
39,105781,558,1,244891,0,0.5616238941246396,0
46,66705,762,0,300144,1,0.20534729623804118,1
49,109326,419,0,318397,0,0.25482718927561115,0
42,46756,427,0,115848,3,0.704929896162791,0
41,80390,822,0,334708,4,0.479965934412849,1
58,88369,624,1,125921,1,0.7493430818891644,0
40,90821,619,1,363113,4,0.6546429398741362,0
49,29589,805,0,389758,1,0.6070610840253152,0
24,133012,825,2,154385,1,0.8309626178648879,0
27,34116,349,1,250398,4,0.21492545143649888,0
48,93181,368,1,342330,2,0.3085240529784612,0
48,64786,690,2,227832,3,0.6370631688443831,0
24,114686,682,1,455967,2,0.24607963258506682,1
42,143711,315,2,319636,2,0.6514793395424838,0
32,96425,738,2,297508,1,0.8888847539176874,0
23,50286,431,0,416577,3,0.8151656692961737,0
42,123081,547,1,72949,1,0.6136418468178,0
22,35994,572,2,111330,0,0.8257836720141736,0
44,121039,648,0,429286,1,0.2813877058863857,1
54,131915,783,1,108722,4,0.5182859154478949,1
47,142961,849,0,158481,1,0.500073281068453,1
21,110198,656,0,34854,0,0.4355133108950937,1
28,124672,617,2,101742,1,0.2001409786940173,0
43,46639,347,1,124625,0,0.8237203130278765,0
58,37205,309,0,34655,3,0.7443946271069564,0
26,76677,532,2,408168,1,0.6570002609198522,0
42,52930,335,2,434581,0,0.2902767906961438,1
45,93313,712,0,481514,3,0.46474359358405287,1
38,113851,761,0,333300,4,0.8470288981574818,0
37,133153,303,2,235305,2,0.6318507235486827,0
32,112509,343,0,126232,0,0.6223873755682175,0
26,38316,554,0,192796,4,0.8391886023299242,0
46,47304,413,1,282599,3,0.5918836074297464,0
47,121839,696,2,223818,4,0.6183362739898854,0
28,116058,473,0,445889,1,0.44200098613335215,0
39,107876,554,2,137046,2,0.4600086504626601,0
21,105366,765,1,279823,0,0.6799248036899068,0
49,33403,576,2,197863,3,0.42430465164191844,0
55,100052,763,2,32429,2,0.591375544411495,1
34,137478,801,2,285217,3,0.39543768380960576,1
55,104627,740,1,75207,4,0.31628766656811175,1
40,93495,368,1,35365,3,0.518081721257091,0
33,51932,808,2,454144,3,0.352212208689875,1
58,116090,625,2,247975,4,0.8289460135570785,0
28,56701,366,1,341597,4,0.41252907607892303,0
40,23385,603,0,111657,2,0.6181814668775247,0
53,141324,783,1,12784,0,0.38440928838164273,1
46,119226,847,2,379673,4,0.3806134839073365,1
59,77241,716,0,497178,2,0.44544525703488547,1
41,30367,458,0,135229,3,0.8411121971246642,0
29,85030,448,0,237273,3,0.47404841679968657,0
44,66505,326,1,256428,1,0.7748865285969011,0
57,144462,547,1,125913,4,0.33810865217690306,0
37,53332,400,1,148363,2,0.23371868019550177,0
44,105178,395,1,482678,2,0.747174544911009,0
41,96325,683,2,293298,0,0.579312428219971,1
59,55268,581,0,262946,2,0.552608069118845,0
59,106486,621,2,292794,4,0.3905440944745895,0
33,45563,695,1,204813,2,0.2506219104015463,1
31,125185,577,1,238420,1,0.5380020254329922,0
39,56404,828,2,100830,3,0.8070584511595602,0
31,75182,562,0,303345,3,0.2840154095924401,0
33,52991,592,0,437695,2,0.8504196155430206,0
21,124601,593,1,77920,2,0.3923103561691303,0
39,67663,694,1,218869,2,0.5725304049800636,1
32,85886,812,1,448459,2,0.2465558768266073,1
28,142002,479,1,466811,1,0.49753261566185203,0
28,103848,534,0,167806,4,0.28812852048501447,0
32,44127,636,2,224999,1,0.23358165025404526,0
53,77692,307,0,86451,1,0.8765903853993549,0
46,114389,742,2,241889,1,0.7110661748248928,0
59,57500,838,1,379313,3,0.7033404047095624,0
48,53785,390,1,104978,1,0.26338478263862647,0
25,104146,571,2,47568,2,0.8505453671414194,0
28,109126,304,1,253586,1,0.52862796050692,0
45,114979,518,0,161865,2,0.7965988476402017,1
47,67997,417,1,319348,4,0.20882077077963956,0
43,27170,414,1,444962,3,0.40874453693625484,1
50,33303,562,1,430205,4,0.8972329854885259,0
43,91743,605,1,185537,4,0.4994866298867794,0
40,97852,721,0,226913,3,0.8219454772050483,0
38,55187,506,2,197455,2,0.4295988438597278,0
38,85034,602,1,21767,2,0.5677303925877444,0
22,91776,411,1,305796,2,0.7979533461481723,0
24,21893,716,0,481948,3,0.6240743921427547,0
50,33753,584,0,89244,1,0.707634639851298,0
53,58090,484,0,411599,0,0.36018324295369486,0
56,84922,520,1,469000,1,0.3091233062185976,0
38,96768,743,2,368877,1,0.3612145103867592,1
57,79412,416,0,327233,4,0.5451340524009398,0
39,142406,369,0,31440,0,0.7606753353374729,0
48,76030,369,0,319587,2,0.44779569533338637,0
40,37509,726,2,323469,1,0.5953710473943798,0
53,88653,742,1,222838,3,0.7633687226847665,0
32,56929,436,1,231262,1,0.36714352626484936,0
35,149626,803,1,60919,2,0.8180830144438667,0
59,68291,430,0,152683,1,0.8671576185556682,0
22,24042,517,1,199555,4,0.22727909505952515,0
49,82574,470,0,420673,4,0.24137777705935104,0
30,57201,774,2,408472,1,0.26367180312235183,1
22,112282,428,2,453072,4,0.7437378859567512,0
31,34016,356,1,307677,3,0.33253586162528437,0
33,45022,480,0,366970,0,0.707987190526135,0
30,120962,545,0,103995,1,0.5088932489103204,0
34,47938,443,1,164353,3,0.7853785065599819,0
38,63678,350,2,334419,3,0.7659887889629828,0
29,138171,667,2,399741,3,0.8717637929677129,0
59,149638,758,2,152525,2,0.37572649533348773,1
48,121248,517,2,404467,1,0.3604674139404225,0
23,81720,556,2,375888,1,0.2220555827020195,0
40,125514,455,1,24507,1,0.4872912667985702,0
26,76805,741,1,215468,0,0.521344218128792,1
47,94323,324,1,222716,3,0.8751596834006066,0
22,21986,835,2,426122,1,0.7815497059203811,0
49,96478,359,2,471401,4,0.31675420263494647,0
58,102994,766,1,497807,2,0.7589425538257406,0
23,32161,733,1,280337,0,0.3248094965850291,0
36,40689,365,2,494774,2,0.25443554890044395,0
50,147101,405,0,364336,3,0.7859579260197156,0
22,114699,395,1,243143,4,0.8831717072998497,0
37,80924,467,2,217521,3,0.26168298116946287,0
32,121311,341,2,331186,1,0.7697474133529374,0
55,119273,403,1,326660,2,0.8014488540502172,0
21,94308,503,0,479381,4,0.28312890898650955,0
35,121128,819,2,166764,2,0.3982774302403622,1
46,83745,581,1,337634,0,0.7135624473091453,0
57,146881,342,2,38512,4,0.7654111957077698,0
41,21211,409,2,146791,0,0.4477818854347656,0
51,20229,509,2,191499,4,0.31195057977566465,0
45,138972,348,2,425865,1,0.6538411332064665,0
43,68542,414,0,17402,2,0.6913780222704347,0
44,34345,454,1,370024,2,0.5525254977265195,0
58,121489,802,1,124764,3,0.3014587473480109,1
48,51819,370,1,145288,4,0.7911407210258283,0
41,67779,818,1,250739,4,0.6516861713465616,0
38,102421,635,1,36050,0,0.8084149741815847,0
56,112244,366,0,100808,4,0.8530783521430578,0
55,85584,792,2,55093,2,0.7639884988066481,0
29,39950,512,2,10050,4,0.8710601901614343,0
58,35173,480,1,313860,3,0.8679804220221046,0
50,137743,547,2,120455,3,0.6335411887732352,0
54,78032,513,2,400654,2,0.7097218713268538,0
52,135074,658,2,375830,2,0.6895859747148079,0
23,119273,548,1,52431,2,0.6347953365155097,0
23,48036,815,1,248445,4,0.21354862308159656,1
48,143885,387,0,283904,4,0.4491346774599453,0
35,132857,475,1,475830,1,0.27005481959803623,0
43,91356,725,0,152545,0,0.41018137709252434,1
31,34292,380,1,48815,4,0.24799536484826823,0
52,23052,437,2,198532,1,0.8440220476559321,0
56,64377,732,0,407473,1,0.5159309409591668,1
53,109317,769,0,92986,3,0.3325551133727698,1
44,87838,649,0,30634,4,0.6093454617447663,0
59,87819,425,1,327547,1,0.33751565336083406,1
54,133689,608,0,51573,3,0.7631082252532984,0
48,128103,529,1,426864,0,0.4141433768181757,0
57,35620,759,0,228784,3,0.4204304430054515,0
27,50461,644,1,447196,0,0.8089656607414935,0
24,40750,609,0,132099,2,0.5914420192551644,0
57,118426,319,2,277440,2,0.821111474028857,0
21,108719,840,2,458413,3,0.4890216209057507,1
21,29472,776,0,289103,2,0.44074938758645454,0
40,89263,568,1,19570,4,0.5543420980862757,0
39,132036,302,1,302567,3,0.2430441698420367,0
49,77602,315,1,85263,1,0.3079405398465248,0
30,45523,657,2,416115,4,0.35366514500842217,1
38,50766,432,2,171857,3,0.7716740978805232,0
48,123262,611,2,117446,0,0.7136591298375325,0
55,86060,781,1,198878,2,0.3353150951487605,1
51,29079,843,1,324107,2,0.3937232950614681,0
47,28399,604,1,476091,2,0.8609833044269892,0
31,80726,568,0,39341,3,0.26006207355821687,0
58,112906,713,0,10597,4,0.5832185687036421,1
25,36532,324,0,490864,0,0.5654048944101493,0
28,142689,615,2,408460,2,0.7079954720103825,0
54,102357,575,2,139868,4,0.3830047634474518,0
32,63162,688,1,112127,1,0.8543408555585335,0
58,23749,743,0,80589,1,0.48740801714008647,0
21,31353,726,1,426744,0,0.40000372506394344,0
51,132313,356,0,251992,2,0.43580859179210535,0
24,48477,667,0,416864,1,0.4441056441601998,1
25,44570,641,1,351111,4,0.3392498895656959,0
50,106373,603,1,136607,4,0.8496377438654323,0
44,31437,673,0,315613,1,0.3224126292265339,0
23,58104,411,0,200984,2,0.8179828440375585,0
31,83370,305,2,311637,0,0.48345045395829916,0
24,24551,578,1,470633,2,0.3884935384575261,0
46,88359,681,1,50785,3,0.33895626698706294,1
47,74880,312,1,258138,1,0.553039630935789,0
47,32916,602,1,352161,3,0.6684809800926964,0
26,146150,459,0,374915,1,0.828754721322337,1
35,100703,453,2,396170,0,0.656712608597094,0
50,61445,480,1,499593,2,0.538563743190939,0
57,67636,825,0,464777,2,0.22343324520475832,1
57,93927,479,0,166941,1,0.8407988339729338,0
57,98194,676,0,201166,4,0.8316584700877077,1
55,49685,467,0,236427,3,0.46510187712457746,0
43,71134,513,0,35192,2,0.22032426387292875,0
26,108916,449,1,205229,2,0.7133586860553227,0
24,127967,315,1,494318,1,0.7541766137999926,0
38,114455,390,2,484699,4,0.579726080688743,0
29,147763,419,1,84941,3,0.4820124896839745,0
49,87847,552,0,324688,4,0.7957929864620992,0
33,59993,359,2,140475,4,0.3347614916807298,0
37,64333,565,0,434307,1,0.5076907324510745,0
52,128574,708,0,188582,4,0.21714027750308348,1
42,78865,330,1,486277,3,0.3148073695842403,0
24,99096,320,0,10017,0,0.8585818642746075,0
25,69756,588,1,175275,0,0.6046582752553302,0
57,142863,842,0,192545,3,0.7639146306694728,0
33,81192,797,2,188195,1,0.5405502898718995,1
54,80686,773,0,315404,2,0.7843789686059781,0
42,68733,704,1,50938,1,0.5772653575889232,1
43,124089,847,0,194001,3,0.20317639938768994,1
23,45993,431,1,90265,4,0.8297893049215797,0
54,50492,623,1,492182,0,0.30399628388513883,0
52,40981,431,2,371264,4,0.5153883329154396,0
41,44143,820,1,173444,1,0.5336720301941072,1
41,97603,329,2,368872,3,0.2330653915827997,0
31,109452,600,2,189324,0,0.23714926980747145,0
59,80277,303,0,281772,3,0.7337862666112946,0
24,127044,624,2,390383,0,0.4103155530354864,0
21,131957,808,1,148573,0,0.48673971636791885,1
48,69990,536,1,123165,0,0.5948787608256678,0
44,148406,834,2,428347,1,0.4613702731831392,1
55,82888,315,0,356246,3,0.7425261985802358,0
33,89351,833,2,356504,2,0.8191252575334171,0
54,117372,745,2,124346,2,0.24180251888390078,1
31,69999,802,1,335492,2,0.6447823687332261,0
56,123013,529,0,365492,3,0.4223620052200039,0
37,122811,406,0,97862,4,0.6082926948917546,0
55,124879,688,0,251393,3,0.5387351226926089,1
38,90309,562,0,14402,0,0.4335749647085976,0
42,32446,364,1,96861,4,0.2663709524314497,0
44,50733,564,0,454172,0,0.5916079380520283,0
39,139156,637,0,393265,0,0.27895479649874627,0
57,96000,600,0,187992,3,0.30928406172368655,0
59,68632,677,1,267084,2,0.887522678451637,0
41,41576,474,1,112089,4,0.42169363324295517,0
28,23320,451,0,31000,1,0.6091053327350296,0
48,30750,775,1,356939,2,0.3905623594133448,0
25,123002,565,2,117885,1,0.8058566070243027,0
37,73463,628,0,203534,3,0.39833813361134535,1
57,46572,462,1,464608,4,0.45681960614624223,0
56,138361,737,0,273132,3,0.6258713044670231,0
39,37948,642,0,210351,1,0.8089906953512105,0
47,146898,666,1,324143,0,0.7713499081717092,0
54,136528,764,2,467890,3,0.3847019198898743,1
31,58826,498,0,245456,4,0.7806884702468739,0
32,109051,799,2,217690,3,0.6908367207736742,0
41,47867,315,1,451642,2,0.8928799432877113,0
31,80231,595,0,457040,3,0.854813367590376,0
59,86262,810,1,118174,1,0.5731957054317641,1
48,111356,538,1,234982,3,0.7249500334347789,0
25,146340,600,1,210471,4,0.5991257913910598,0
37,92233,305,1,65659,3,0.6164968094804806,0
40,64678,519,0,436006,3,0.2710505809844451,0
32,127561,752,2,250776,4,0.2015719959343587,1
26,32963,732,2,100343,3,0.2337304621324211,0
37,84360,685,0,420334,4,0.876641467526097,1
39,69434,594,0,188097,1,0.2883877595460924,0
46,86617,417,2,389597,4,0.23107279292263025,0
52,40269,704,2,64938,1,0.4167509467950155,1
26,137569,311,0,10149,1,0.6117259579681698,0
56,96312,508,1,43079,4,0.8639224510120529,0
58,117352,464,0,138556,3,0.6899213049860409,0
31,99732,593,2,453690,2,0.39344707823011676,0
53,137658,818,1,488943,4,0.8573406127660037,0
44,127648,377,2,380460,3,0.2252287526856406,0
43,101494,733,1,315745,1,0.8853378050867549,0
35,108905,376,2,253965,0,0.24104849057851432,0
47,97225,347,1,310953,2,0.7276949811400162,0
31,102867,381,0,156863,3,0.23170827742141706,1
37,57528,508,0,205415,2,0.8520930096579549,0
34,144597,744,1,162720,0,0.2760661277117974,0
47,98972,821,1,429306,0,0.23533530911899458,1
38,85602,328,0,357780,0,0.8224856083774632,0
48,116261,603,0,135366,4,0.2670557187423375,0
24,110748,764,1,232557,2,0.7585519035460584,0
27,143193,801,1,106477,4,0.7229242483192055,0
55,146277,745,0,22857,0,0.6192146269418564,0
29,53332,789,2,392449,3,0.46457390415351457,1
28,144481,727,0,198399,0,0.8409063847430924,0
37,110937,658,1,248588,4,0.809756879107687,0
37,149529,390,1,229458,0,0.498372977669545,0
53,98929,352,2,254098,0,0.3622074694202537,0
52,89206,503,0,179039,4,0.39080016859289013,0
28,111137,455,1,320853,4,0.35422650415378776,0
39,22251,301,0,466164,3,0.5788763739323808,0
58,65717,656,1,184933,4,0.8079771799992084,0
23,119108,357,2,121839,3,0.7415283770387193,0
25,47027,553,0,204790,1,0.7568573219618073,0
33,117382,479,0,128307,1,0.5138019441897517,0
51,106551,792,2,127850,4,0.42571138225886607,1
36,29583,334,1,25948,0,0.7301490394935368,0
52,70387,374,1,300926,2,0.7553087930981413,0
42,43104,588,0,186828,0,0.686747594536494,0
49,32224,670,2,349933,4,0.2224749857795879,0
42,80624,628,0,110217,3,0.6127792816479387,0
23,76058,603,0,237103,0,0.44293208047351923,0
30,124320,520,1,204460,1,0.33733492431859724,0
41,116372,463,1,482744,4,0.686076684339609,0
36,49299,779,1,465025,0,0.38796829498025454,1
32,98572,754,1,143721,0,0.8389888112690991,0
22,105469,674,1,165074,3,0.4086553516342364,1
44,97928,519,2,39723,3,0.5886264197505504,0
55,149518,553,0,79314,3,0.7794335145561435,0
50,93474,487,2,357456,2,0.4814828366191683,0
50,24141,490,0,206157,4,0.7800605714687188,0
55,43350,688,1,217471,4,0.7065874782280637,0
39,95082,514,2,278953,1,0.8446061671582081,1
28,90871,674,0,456385,1,0.4280841938128358,1
46,25077,385,1,144374,4,0.2735196453460926,0
27,66015,773,1,275244,0,0.5012446485512991,1
50,91147,830,2,204519,4,0.7500694284323965,0
27,79180,346,2,344771,2,0.5153045793730386,0
23,60857,364,2,79635,1,0.38339155113514944,0
21,121196,774,1,322164,1,0.21932222430111037,1
56,79840,445,0,10663,1,0.41911666206907916,0
45,145463,681,0,362584,4,0.6993667778141965,0
57,79902,365,2,492043,1,0.3033296293587156,0
21,25577,816,0,180721,1,0.43861556621506664,1
35,40002,392,1,314280,4,0.21416202319357858,0
57,70711,725,0,251314,0,0.7052285022581939,0
33,59451,767,1,260855,1,0.8164781329358226,0
28,119811,393,2,373746,1,0.5979698223816239,0
25,69103,432,0,41104,1,0.21811047412484172,0
29,48647,733,1,44137,2,0.3523377187846732,1
21,54831,640,2,400750,4,0.5069283947064497,0
56,138330,613,2,334906,1,0.6113068543930399,0
55,120304,511,2,450661,2,0.5473934397293299,0
22,116498,819,2,145657,0,0.84110623248789,0
43,148949,458,0,491012,0,0.8570454214810537,0
29,133870,567,1,491163,2,0.27500672377741586,0
54,115119,773,0,234542,0,0.29687361474513707,1
34,86830,709,1,343582,3,0.45063843856267866,1
24,100632,773,2,41392,0,0.4948644173304162,1
50,56833,655,0,351411,3,0.6102466848627879,0
51,132394,492,2,219396,2,0.7412118248513597,1
58,112864,570,1,167198,3,0.2950373938932198,0
31,44398,413,2,309629,0,0.7618477872542782,0
55,144633,822,0,247479,1,0.6270198194327199,0
28,81554,354,0,312942,3,0.886619122556501,0
23,70755,364,1,204382,0,0.6558173746577726,0
34,37706,571,1,145089,1,0.7012640533185024,0
33,42340,801,0,161772,2,0.33664620648151866,1
52,84994,661,0,357824,2,0.7382033687513254,0
54,83884,445,0,100446,4,0.2554863243782216,0
39,104361,508,0,434723,2,0.6595713053317303,0
58,37482,585,1,183751,4,0.23890103619409098,0
36,74225,309,0,228293,2,0.2806580749167178,0
22,78849,485,1,94938,2,0.27550639202161353,0
37,94854,763,0,42232,2,0.23673884537578943,1
54,61256,433,0,231671,4,0.4247972418621274,0
36,129545,470,2,487877,4,0.8960467205317753,0
58,128721,512,2,422236,3,0.44375775792307537,0
22,101110,829,0,364383,0,0.7325431393369848,0
22,133606,801,1,62172,0,0.2926219110999704,1
46,34650,326,0,364449,0,0.5181437561858182,0
33,66118,367,2,149818,2,0.32958108489542454,0
51,48930,707,0,258048,0,0.3344680190652428,1
54,105707,408,2,461753,4,0.2697830256018266,0
59,149030,373,0,9094,3,0.5024309071195525,0
23,120400,561,0,73466,1,0.2528744445240686,0
28,31801,667,1,366211,3,0.8368679494489626,0
43,71360,536,2,297899,0,0.513530225100368,0
34,107908,665,2,231713,0,0.7869962990065169,0
47,36559,585,2,147624,4,0.8856251147938585,0
49,52334,677,1,499970,3,0.6744454251741677,0
59,125473,675,0,195563,4,0.8310575299939214,0
59,33288,375,1,417995,4,0.2947572643521017,0
21,42398,308,0,296144,1,0.7809955521037051,0
37,96230,495,1,221711,4,0.3898521332469831,0
50,32191,589,1,452169,4,0.5308186271895126,0
33,38051,360,2,62564,1,0.6526078543660325,0
41,81715,688,1,150174,2,0.8324805147746497,0
39,30737,307,0,137933,2,0.8376956606508192,0
39,85140,668,1,310718,1,0.2644716639992915,1
45,45251,344,1,168754,4,0.45518884217474087,0
42,70975,643,0,83819,0,0.7552226446789516,0
51,25147,674,2,358277,3,0.6922098224625577,0
37,70508,326,0,250869,0,0.21844671151457962,0
43,72224,492,0,82972,0,0.5149225835398648,0
52,39643,656,0,388381,4,0.7804771665865324,0
30,58967,361,1,361104,3,0.7163791061336409,0
30,118850,361,1,201257,3,0.48829485463262584,0
56,123535,721,0,341570,2,0.7146127856427289,0
28,60733,679,0,446336,1,0.5858474963956246,1
40,104003,576,2,43297,4,0.8388402986478005,0
52,54808,730,1,119147,3,0.6109890220803806,0
34,139222,414,1,13299,4,0.4805139251560577,0
48,87288,420,1,439564,2,0.804044437197764,0
44,78959,824,1,46384,0,0.23490818961464865,1
35,21849,715,0,384326,3,0.8303574505462337,0
42,88178,462,0,343837,2,0.6874427701484498,0
50,87136,636,2,231371,4,0.8584241022968544,0
24,80740,678,1,299831,2,0.3753534083888709,1
33,132255,623,1,200649,2,0.6864449552479028,0
43,106322,472,0,327191,2,0.7666242868341961,0
28,64565,363,2,146263,2,0.6914718058501137,0
38,40183,400,0,192956,2,0.34723359160248557,0
32,135306,621,1,322055,2,0.39291269765099057,0
51,21132,365,1,344447,1,0.5967196439168716,0
34,58259,757,2,481663,4,0.5127254218835386,1
54,116612,752,0,361309,0,0.7145820318915699,0
38,83668,558,1,105330,4,0.4650736840264243,0
54,148355,725,1,359624,3,0.8016363653018057,0
31,58563,477,2,179798,3,0.5023442835257251,0
32,112227,579,1,39623,4,0.22802889650035468,0
35,128835,643,1,118219,2,0.212154853119462,0
51,30931,316,0,259398,1,0.6527198102591834,0
49,147156,595,2,219589,0,0.5783871827972781,0
46,93169,501,2,128089,2,0.579921250349402,0
38,149457,493,2,317144,4,0.7530063112199119,0
52,70639,448,0,338638,4,0.4630041642478037,0
42,142536,674,2,478457,1,0.8968128983164891,0
58,123313,334,1,363316,1,0.8618710704268966,0
37,78901,668,2,199099,4,0.2090732370104773,1
43,120417,328,1,195067,2,0.8270199377391294,0
44,21044,520,2,310020,2,0.6763847552590749,0
28,66691,352,2,123217,2,0.5514632357712244,0
26,120735,652,0,449286,0,0.6079232318658297,0
25,44363,691,2,357832,0,0.7893001542850249,0
49,66694,375,2,371209,2,0.8657261744511167,0
48,21582,793,0,71224,4,0.5922335373155097,0
31,99910,821,1,30365,1,0.32690401303201294,1
21,86844,416,2,34663,3,0.6478277886755854,0
39,41301,579,2,463652,1,0.25335327787200645,0
29,94329,474,1,371754,1,0.6445971157844075,0
47,21620,594,0,108376,3,0.7660282617688114,0
54,82224,750,2,88275,2,0.44733200554012087,1
24,76655,817,0,390373,1,0.2498290969786216,1
56,115419,320,1,461427,3,0.6845582898890343,0
38,57534,372,1,146981,4,0.4375301251180054,0
35,140050,335,0,65883,4,0.37436765631638613,0
33,123496,806,1,279857,4,0.6824272312602693,0
39,59390,532,1,148686,2,0.8787105282361565,0
26,91629,796,2,365241,1,0.7217256641980163,0
32,75856,505,0,25734,1,0.5439450283915628,0
57,69252,725,2,428925,0,0.6203575056969037,0
37,75809,343,0,421101,4,0.29959523608005223,0
43,42259,390,2,76622,2,0.7692492999779654,0
46,40655,769,1,83267,3,0.6230065074279931,0
49,53005,766,0,484344,2,0.8760812785986121,0
53,51629,753,0,411557,1,0.8856383578029636,0
47,43610,632,0,44435,4,0.4482106847082822,0
45,77184,806,0,17976,0,0.8919821548588696,0
30,41602,769,1,87910,2,0.8697834696718132,0
43,105945,320,1,476085,0,0.6478823746635952,0
41,31110,527,1,403506,1,0.4334250999214094,0
41,26073,675,2,135177,3,0.7273381545234383,0
33,120846,429,1,50812,2,0.3898660619492951,0
57,100818,713,2,448744,1,0.6408907276722065,0
53,30195,370,2,456786,4,0.21720712965969483,0
44,21537,703,1,378985,2,0.6400079575809214,0
31,37138,696,1,192471,0,0.8661257993134932,0
37,64328,636,1,446653,2,0.36460012989435375,0
24,145138,804,2,225194,1,0.7447256407010443,0
45,66202,575,0,325051,1,0.4053964849409211,0
50,60164,312,1,125992,0,0.695494824110049,0
29,146545,302,2,349020,1,0.6899806589114678,0
41,109743,523,2,446939,2,0.329316419183335,0
40,74659,474,1,302799,0,0.617989537294714,0
39,106155,684,2,250170,1,0.8014182671792076,0
39,69692,540,1,454049,1,0.46777314860769287,0
32,140198,846,2,216168,2,0.6971938659442387,0
57,44845,313,0,291141,1,0.6721010246641825,0
37,109846,494,2,71876,2,0.3802598012604226,1
57,123435,696,1,115233,4,0.8430504918499924,0
59,50562,730,0,127660,2,0.594458458881391,1
48,48036,605,1,162085,3,0.44870485976386687,0
55,80752,633,2,37862,1,0.3150508629917057,0
38,94233,709,0,57448,4,0.5314208466938383,1
34,103049,302,0,486034,0,0.7110794065311901,0
55,128575,751,2,443824,3,0.6365481888396916,0
27,88681,794,0,351756,0,0.7089367916869342,0
33,47818,716,0,123849,3,0.754232526610269,0
38,50544,690,0,381204,4,0.5087033365426079,1
57,82532,672,1,176966,4,0.5641163288170046,1
33,98636,351,1,483417,4,0.8904954781066234,0
56,77705,675,0,186721,3,0.8776359770746058,0
51,40104,694,2,67104,2,0.49037198733120135,1
22,144336,441,2,212531,0,0.6796256669445465,0
36,147904,385,1,44821,2,0.387313124829497,0
29,89603,763,2,184012,2,0.3068882819449539,1
29,122499,345,0,147007,1,0.7378808558366134,0
58,79025,537,2,487793,0,0.505325978592617,0
31,116264,309,1,17467,3,0.32393696255501325,0
42,52317,829,1,409289,1,0.7311935464643828,0
53,51416,477,0,12691,1,0.8406192518558164,0
56,62012,305,1,444754,4,0.8532914503204159,0
43,125585,606,1,135115,3,0.6174335959238337,0
54,88045,847,1,160562,2,0.5357487902824114,1
29,41400,626,2,282832,2,0.2993066103132639,0
44,68270,655,1,103505,2,0.7549528629792723,0
28,92069,694,2,55650,4,0.8617262064702027,0
27,139415,599,1,149901,2,0.8226222895321778,0
56,69833,825,1,139158,0,0.7262484181063695,0
38,83644,584,2,245681,2,0.20319820381354325,0
23,100206,629,2,7590,2,0.48542561222513847,0
48,89468,349,0,438109,0,0.48749992019126553,0
26,132899,677,0,78396,4,0.8260577630718122,0
41,79473,837,2,396941,1,0.24595550184333384,1
48,65809,443,1,436392,3,0.5718558087173486,0
21,58328,359,0,72484,4,0.29529408274898206,0
56,56784,374,2,393628,2,0.6636057399861806,1
41,43723,302,2,107267,1,0.7545788417247266,0
55,80646,747,1,235069,3,0.6493714483801418,0
33,86255,574,2,424511,3,0.7562095987144382,0
30,20074,829,0,43131,3,0.6252474084123162,0
30,144173,514,1,180965,0,0.3328873773324135,0
33,46498,784,2,279068,0,0.4678644629516623,1
57,85522,628,2,109191,1,0.8698081713380785,0
58,116881,554,1,409067,2,0.4017224389446047,0
44,40541,686,1,274878,1,0.244003668984345,0
22,65929,425,1,178753,2,0.4693809824268868,0
42,143199,849,0,250567,4,0.45641498319088014,1
37,120453,623,0,125405,3,0.5292161710126924,0
56,46028,503,2,10293,3,0.5922123954568488,0
34,49545,471,2,320347,0,0.8946962865549626,0
30,99569,516,1,412036,4,0.729363759530212,0
55,51673,544,2,334971,4,0.22512353498039722,0
45,50974,635,2,445379,2,0.6988986297445589,0
23,78899,597,1,148463,4,0.7769622238882308,0
58,43097,481,0,237074,0,0.8269415172190704,0
37,122511,633,0,245942,2,0.49680427203168087,0
32,113144,810,0,264742,1,0.41953789767409466,1
44,84824,682,2,309114,2,0.7875273549062667,0
49,43525,498,1,182895,1,0.7443307865509772,0
45,77804,631,0,297940,2,0.575229714976078,0
56,35043,464,2,104345,3,0.28251794909060657,0
46,61846,541,1,383389,1,0.6562329373476707,0
58,97261,526,0,88127,0,0.24596729650301194,0
21,122240,750,0,244248,1,0.2702567632831171,1
40,127611,495,1,41389,1,0.43179816724766207,0
48,70227,503,2,270496,2,0.45982284780764365,0
36,73028,757,2,389287,3,0.523381827223196,1
37,57383,556,0,481814,2,0.4374000714531241,0
48,49483,828,1,164244,2,0.22365170880416352,1
32,27265,571,2,147009,3,0.3101909790980135,0
47,42763,308,1,98657,2,0.28057837608242403,0
50,95652,500,1,478354,3,0.5018285189961715,0
54,35733,358,0,374420,0,0.3484902490271652,0
57,132196,692,1,355816,3,0.40548170502647674,1
26,111038,418,1,202553,4,0.5300972243553084,0
27,57420,698,1,483564,3,0.3648933018673696,1
52,141480,630,2,209581,3,0.3721503730702415,0
52,128777,566,0,421768,4,0.783200924170598,0
45,29247,819,0,412334,3,0.5836608076424546,0
53,43840,779,1,16290,1,0.7997316161059977,0
27,85149,433,1,292267,2,0.5601681406534473,0
32,41058,654,2,217991,2,0.8364849626963251,0
36,135229,797,0,457767,0,0.3783194500451011,1
36,54929,406,2,57136,0,0.6316690234130407,0
56,104171,589,0,462102,4,0.5522622416977152,0
33,111164,446,2,122278,1,0.8430836486782352,0
27,51362,626,1,474118,0,0.4929357045001318,0
56,106489,714,2,465549,2,0.7983766692865972,1
29,104664,509,1,490208,0,0.5947328354241048,0
52,67356,595,0,442232,0,0.6959800663023481,0
31,97597,697,0,419643,3,0.8208251651836893,0
28,147880,402,1,7257,0,0.8978344902933566,0
53,26041,807,0,72733,4,0.7117976910534036,0
43,98209,508,2,144294,2,0.4201653670424479,0
45,147037,727,1,161259,4,0.4093083953044768,1
28,81954,692,0,215760,4,0.41637267742437495,1
42,81869,408,2,418997,1,0.2685358242096488,0
24,41059,647,2,130890,3,0.23751922435020856,0
23,119864,349,0,499432,4,0.6065900134265882,0
49,64722,404,0,393826,1,0.7674119690551846,0
49,37548,719,2,409220,2,0.22529417787075215,0
54,35078,672,1,374322,2,0.5966440074952883,0
54,25419,326,0,324744,1,0.46023278485598046,0
48,55490,572,0,161587,4,0.824739641790333,0
33,96086,639,1,85952,4,0.30177085021662037,0
35,135158,600,1,469904,3,0.5944024035066819,0
43,78760,779,0,470924,3,0.8796444948963547,0
46,50337,843,1,401401,2,0.44152307652554384,1
24,21468,564,2,95888,3,0.7192438379054538,0
46,44309,841,2,253492,1,0.8177158085280598,0
29,86344,465,2,128611,2,0.33034739373021016,1
25,110283,615,0,59476,4,0.8947690261834027,0
52,92255,300,1,363423,2,0.7665706655273212,0
40,147006,560,2,429428,0,0.2962949806787777,0
31,101899,362,1,97154,2,0.41761929036038636,0
35,48718,782,2,472913,3,0.6374790268501406,0
52,114337,620,1,127537,1,0.8194424338230748,0
48,128895,500,2,184605,4,0.3363848658145942,0
42,57841,521,2,219075,4,0.7118439077818466,0
37,93548,451,2,354269,3,0.3894536092526145,0
46,103565,761,2,173702,3,0.7637915154393653,0
27,66660,516,2,466822,3,0.6784094190925234,0
46,126553,495,2,246316,0,0.5660363242680251,0
45,70281,501,2,341243,1,0.6549061736863,0
30,133451,533,2,489006,0,0.8135116718736719,0
39,136041,440,2,249307,3,0.4704981018925386,0
31,20767,797,1,133969,1,0.73847512610922,0
33,23895,356,1,414801,3,0.31123380441284754,0
28,78026,803,0,100833,1,0.6908298958093311,0
24,138142,441,2,316384,4,0.7254601537301975,0
51,62968,838,1,281916,0,0.5100983877281187,1
48,60097,405,1,216063,3,0.7555354737097042,0
31,35332,464,1,470051,3,0.5899723561145138,0
21,34621,514,1,211796,2,0.855392078368626,0
58,96870,370,1,378134,4,0.27872650517295516,0
44,38174,389,1,117315,3,0.2915749983856273,0
51,144357,527,0,488515,0,0.7896992094311888,0
46,119189,378,1,365197,4,0.7896528921964465,0
25,60502,648,0,354235,3,0.529857325845781,1
40,56674,545,0,230931,0,0.8747735469105615,0
31,57260,571,2,154010,2,0.6755725230386922,0
53,62498,702,2,158055,2,0.8879972727334433,0
58,87609,415,2,148946,0,0.5726767766409229,0
47,69464,734,1,95341,4,0.3411293409736109,1
54,91805,829,2,65896,0,0.5110751889203914,1
35,84919,741,1,444425,0,0.88634078936291,0
52,148564,471,1,37822,2,0.4592897671205852,0
41,74469,315,2,156822,2,0.8699115031943834,0
25,37194,355,2,369479,2,0.7579149433720216,0
26,46811,402,0,440299,3,0.5094744294550981,0
58,92377,583,0,122828,3,0.5793097223703085,0
42,145737,816,1,389910,1,0.6252073540976069,0
38,63723,577,1,164018,3,0.6660362593112139,0
34,120336,568,2,137624,4,0.25368945163058376,0
30,95235,699,2,493801,4,0.8535116366913493,0
33,131041,802,0,340475,2,0.6178997991704658,0
51,96298,385,2,141343,0,0.8518044537226737,0
50,79238,619,1,347345,2,0.6423289299018553,0
23,148353,331,2,332795,0,0.5017108423068257,0
50,125433,635,0,369061,2,0.5968496080754325,0
26,137393,350,1,165066,2,0.7806522918281995,0
49,127092,378,0,294330,4,0.42828808201617163,0
28,22147,473,0,35267,0,0.8695220399531431,0
53,118919,800,1,306284,1,0.5261686384640154,1
37,119251,375,0,250506,1,0.8693659014681705,0
31,58445,615,2,423151,2,0.816529630320284,0
33,73803,672,2,298892,2,0.7373633694910686,0
31,147253,380,0,95139,4,0.5272064596060442,1
51,81108,370,2,402053,0,0.6108616010200241,0
48,126170,370,0,69875,2,0.786620588652228,0
26,22013,345,2,198766,1,0.5808390613052904,0
36,105617,346,0,407826,0,0.7167327035769437,0
24,102410,721,2,33615,2,0.7534613357047342,0
55,73502,448,1,212716,0,0.5591666719680792,0
46,137116,429,1,371279,4,0.5753732628475681,0
32,57755,755,2,420563,1,0.33848430205531765,1
31,28733,804,0,39062,0,0.37131742439495896,0
57,29479,543,2,322266,1,0.8334602282359482,0
45,95361,773,0,184503,2,0.7882307288643227,0
38,41304,681,2,78086,3,0.20708579097807983,1
39,55694,402,2,295349,0,0.8085713101916436,0
43,144232,788,1,285603,1,0.21766441991076146,1
58,125586,336,0,248206,0,0.5207962820596298,0
38,101171,848,0,247407,2,0.2472029082776319,1
46,134151,819,0,421966,2,0.8781761969200181,0
26,106296,632,0,246245,1,0.8806234790629512,0
24,29490,696,0,294873,4,0.627609659376632,0
49,41252,595,1,255967,0,0.4745434375764735,0
54,125290,406,2,305729,0,0.5583949251362055,0
37,26862,829,0,88698,2,0.7336095243373411,0
36,130463,382,0,50635,0,0.3562350718041286,0
22,89959,587,2,180926,1,0.5092057438518506,0
54,30450,760,1,212298,3,0.7160880831771594,0
28,76022,514,1,34104,2,0.47677473448598906,0
33,147898,580,1,480509,3,0.2223975654648875,0
28,81991,758,2,281914,0,0.5551760933385839,1
50,60927,643,2,264258,4,0.7161878137776827,0
52,120377,493,1,395894,1,0.8837714864291921,0
56,108090,457,1,248705,0,0.2259323072381455,0
50,69853,764,2,389389,1,0.5779444215056839,1
21,51826,403,1,474209,0,0.5149570634972702,0
59,62879,333,0,391155,0,0.36971415250365797,0
37,77265,401,2,154029,0,0.6464339040330663,0
40,92361,624,1,60178,2,0.31453574499904746,0
44,128956,440,0,362299,3,0.3987053371203969,0
42,97990,773,2,25828,4,0.747230173122587,0
49,109787,330,2,284315,3,0.5222882180178885,0
42,106184,362,0,235921,3,0.8955694528439193,0
29,60736,386,2,459681,1,0.4705225209041558,0
57,44530,603,1,411362,2,0.5242827462701514,0
30,98052,360,2,390393,2,0.41018043346197386,0
56,67058,695,1,182338,0,0.3654055243337318,1
57,126080,633,0,264595,3,0.845596987836372,0
48,94094,710,0,182011,4,0.7241786480901118,0
48,94255,583,2,19202,1,0.4333817725409893,0
41,24886,765,0,173214,2,0.6901091927520073,0
44,146598,379,0,462044,0,0.8760486253055924,0
22,113721,376,2,92367,4,0.25183357592973976,0
28,138623,839,1,64046,3,0.3851530830596015,1
47,57387,660,2,276993,4,0.34040498443650097,1
42,41575,376,2,457488,2,0.8088482145510871,0
57,132260,808,1,156511,1,0.3254332306860612,1
47,128649,463,1,218598,3,0.41565319719276483,0
49,59643,308,1,346016,1,0.5807025413283293,0
23,30100,474,2,40344,4,0.6347660489108649,0
33,80356,761,1,486705,4,0.765728633772859,0
30,27856,606,0,189348,0,0.4851262725877326,0
56,58169,544,1,403267,3,0.5739713058577249,1
29,48804,421,0,447690,4,0.8758234525309436,0
47,149557,484,1,80604,2,0.40815321565038437,0
54,55790,331,0,265408,2,0.3736659478157274,0
21,50988,609,0,415183,1,0.6974194339392261,0
52,129979,671,0,419989,2,0.7397953898403302,0
45,96448,355,0,245377,4,0.4903452322262158,0
49,58506,572,0,363694,2,0.34908524275532343,0
27,133430,763,1,79383,3,0.7452458590679747,0
23,107904,755,2,206489,1,0.6693450266953267,0
40,87306,548,2,46182,3,0.8133594608961676,0
40,32305,377,2,383954,4,0.7910285250289848,0
50,29969,833,2,199661,4,0.34363662915296334,0
55,32404,407,2,471451,2,0.7826374260620763,0
55,28989,572,0,29180,0,0.3226216187832326,0
59,85305,314,1,250421,0,0.8045927326445339,0
47,55983,669,0,462588,4,0.7392246538228748,0
46,130284,603,1,56372,4,0.598902751997679,0
34,59462,504,1,108427,1,0.6495551730673124,0
37,39360,412,1,74086,4,0.27285548961233075,0
38,105657,552,1,289307,4,0.22791962704043242,0
49,46287,740,2,245010,1,0.43145271921373607,1
40,85472,485,1,199161,3,0.774984067992033,0
47,135440,526,1,386760,3,0.5260499012259808,0
38,128965,827,2,231283,1,0.35637582103724486,1
24,81313,653,0,246553,1,0.784184229940371,0
21,54160,300,0,37934,3,0.36003908105428106,0
21,26789,719,0,60595,3,0.7708456062686593,0
46,47181,460,0,31592,3,0.5170856716427037,0
40,34385,460,1,242685,3,0.5244464210870973,1
43,102597,427,2,28039,2,0.3909037269007695,0
30,85641,450,2,462315,1,0.8301218146295466,0
31,64247,743,0,375449,0,0.26214969298589386,1
25,106673,770,2,356406,2,0.3010844109124672,1
21,120250,762,1,236582,0,0.6451193377723454,1
37,25544,329,0,395527,0,0.7950806860294437,0
42,135783,772,1,39018,4,0.2668158751296593,1
54,33275,379,1,320302,1,0.7136265745916257,0
49,125289,338,1,262061,2,0.7197580731976405,0
24,83248,539,1,402774,1,0.6070659111154497,0
25,54550,636,1,299318,3,0.5407096337187641,0
31,73693,579,0,363085,1,0.4247614315152741,0
41,148924,415,1,178703,0,0.4460232547028665,0
55,39641,568,0,465903,3,0.6721034306908296,0
32,91749,634,2,370525,1,0.24570110384973723,0
46,144877,611,1,151624,1,0.6094544912812379,0
39,100021,352,1,433281,0,0.3951125347169929,0
27,35605,367,2,112532,3,0.5266241383607597,0
27,123173,333,0,400830,0,0.5912857329151389,0
46,70713,685,1,301791,1,0.8199615405440317,0
25,40390,548,2,62940,2,0.6053524218326483,0
41,95403,410,2,136692,2,0.3590117001473133,1
34,78466,393,1,159154,4,0.2556216172206639,0
24,23981,709,0,157963,2,0.6388918797136801,0
43,29493,478,0,111566,3,0.5815338774457974,0
40,91218,346,1,329539,4,0.6702585276032433,0
35,91318,675,2,55955,3,0.5215776053961358,1
49,135631,501,1,299458,2,0.7775880931331196,0
28,139238,744,0,421716,2,0.8441257775670432,0
39,115335,596,2,58685,1,0.22800309555653897,0
59,127441,607,1,128947,3,0.7208605753141846,0
48,36984,792,2,331927,0,0.22461238132278952,0
47,145580,637,0,105229,1,0.5115676808107812,0
24,131316,365,0,317333,3,0.523122251739924,0
35,42760,721,0,360698,4,0.6873528782675211,0
55,111529,839,1,24567,3,0.44668230874066284,1
57,21524,792,2,424194,4,0.7746309368227531,0
21,138454,616,1,343233,4,0.44000484056210365,0
23,69402,374,1,145702,2,0.4397625218390412,0
44,111656,358,1,410219,0,0.3559324673610529,0
47,85614,685,1,308588,3,0.6787082984866593,0
56,55891,314,2,91184,0,0.2536110591919419,1
54,111009,530,2,167679,4,0.4541385601193373,0
49,59832,498,1,291965,2,0.38682352230469397,0
44,65836,653,1,19601,0,0.36053494457099067,1
44,93953,334,0,181976,1,0.24268832202175888,0
24,33362,461,0,117882,4,0.333268181007365,0
23,86745,770,2,338801,1,0.512371087139091,1
54,57921,830,0,174629,0,0.5526190186871496,1
43,90434,722,2,188595,0,0.38865327165285535,1
43,147717,647,2,348990,0,0.655170455926597,0
25,38562,446,2,317646,3,0.43505533635988225,0
51,84510,673,0,128409,4,0.45707208677473404,1
26,96407,715,0,27098,4,0.7478370338847751,0
57,27610,793,2,181974,4,0.5863767049974314,0
30,129381,555,2,123502,3,0.867222395835817,0
27,112918,402,1,225139,0,0.45151084088559673,0
59,35791,420,2,175325,0,0.7794883471960823,0
58,78047,718,2,342660,1,0.7168362750654353,1
41,120848,649,1,260654,3,0.8231322492093265,0
40,123826,341,2,49280,2,0.8697539610461567,0
23,87906,666,2,276095,3,0.2053735626537747,1
42,39665,328,2,13117,1,0.2618084235072613,0
24,90246,313,1,30979,1,0.672037174859256,0
48,85864,784,0,472741,1,0.47313990178762433,1
32,66451,488,2,21915,0,0.7733875712199225,0
58,123883,594,1,326405,2,0.2083858807662499,0
56,106148,482,2,493287,1,0.7648841820975012,0
25,65890,847,1,233732,4,0.2946693988125566,1
33,26794,336,2,123825,0,0.4031743307738396,0
43,52888,313,1,245984,2,0.8783547401825282,0
50,26749,458,0,366046,4,0.2361186794837177,0
57,66531,793,0,340108,2,0.4443284287168717,1
45,135652,628,0,488633,2,0.25917014295045454,0
47,40608,382,2,468656,4,0.7975230842093577,0
34,100986,321,1,302821,3,0.6921112857761962,0
56,89211,431,2,316974,2,0.7602361714710104,0
59,140382,764,2,450752,3,0.5690956582333809,1
36,103996,755,1,13922,2,0.45040401377002987,1
42,76017,601,2,101696,4,0.20159153372358826,0
41,123947,566,1,72561,2,0.3945491184300399,0
41,77676,694,1,280364,1,0.5601874827362803,1
28,31560,419,0,444174,1,0.6650534255332584,0
36,74401,545,0,58380,2,0.3602561950211297,1
51,70468,337,0,400982,4,0.29723059240169397,0
30,135884,544,1,220090,4,0.34113040342091,0
52,52463,320,0,126449,0,0.44785323618378403,0
54,51663,409,1,431375,4,0.3038648038410334,1
29,133687,693,2,278079,3,0.30977213409477816,1
37,88706,709,0,270928,2,0.23062619000472873,1
31,78773,307,1,486802,1,0.799707636048117,0
52,53123,743,1,156293,4,0.3538310368425197,1
30,114346,627,1,427395,1,0.7753317073429009,0
42,29718,589,1,23069,0,0.506816570296067,0
37,146777,810,0,388329,2,0.6427064702995264,1
24,82637,660,0,40682,4,0.2529914953107367,1
45,20028,518,0,454484,1,0.6085063491461293,1
41,82370,705,1,489746,4,0.4029967822213112,1
57,67599,519,2,378691,0,0.266646967205837,0
58,37397,406,1,99303,1,0.8357627473174849,0
21,129198,585,2,394225,1,0.6225396296446436,0
45,127323,307,0,344962,2,0.36919533907081326,0
56,65406,488,1,418326,2,0.49375360750568487,0
37,67657,380,1,378413,1,0.44983009385579376,0
44,87560,407,0,167304,2,0.690405766100475,0
22,143178,620,1,311417,1,0.6252032232192458,0
35,124143,645,2,468703,3,0.2138475232433208,0
52,144745,627,2,60210,4,0.3384788927232715,0
59,146896,601,2,340335,3,0.5346895805686032,0
26,33503,499,1,296605,3,0.5118400545776534,1
21,74943,718,1,271754,4,0.5616724173604714,1
43,95839,338,2,324117,1,0.7003675833144203,0
59,102674,606,1,495369,1,0.6774062989487589,0
37,45345,303,2,481220,2,0.460969395499394,0
54,138423,376,0,143655,0,0.8143071395570165,0
49,70390,767,2,30583,1,0.24405279931396312,1
29,115041,478,0,153773,4,0.6091569265782085,0
33,79557,575,0,274024,0,0.8647798447986708,0
26,85054,451,0,498869,4,0.5843570064777248,0
26,21906,463,2,94257,4,0.5185744105689991,0
40,60167,589,2,450061,4,0.2937423120874971,0
23,27961,677,1,241584,0,0.767132366690128,0
37,46140,609,1,228462,3,0.4616564230286384,0
32,144098,688,0,117024,4,0.6908721366392816,0
21,139289,482,2,339561,2,0.33828281628493995,0
37,78701,605,1,8722,1,0.22930424205250435,0
23,97567,371,1,25077,1,0.4138272167696004,0
46,100664,518,1,85868,1,0.3969897030198236,0
35,101199,472,2,255152,0,0.8114326774690919,0
56,149856,571,1,132430,2,0.8052716450093278,0
52,119764,767,0,241600,2,0.5737259558209664,1
52,101218,568,2,280373,2,0.21329926190053555,0
24,142357,319,1,340482,2,0.35982726404433324,0
38,100729,802,1,197751,2,0.6473088159494031,0
39,48561,446,2,485853,3,0.2709858810012573,0
55,70568,728,1,409655,2,0.6904355853036129,0
34,129349,464,1,434118,2,0.20837358407112044,0
53,93302,609,0,7598,0,0.6777757427584892,0
34,115380,817,2,97297,0,0.7911774700015655,0
54,114968,313,1,402268,2,0.5284524037522813,0
24,49504,431,2,17741,3,0.7803566930770263,0
44,136116,738,2,74360,2,0.7470694132707087,0
49,57146,562,0,303432,2,0.6699934051173739,0
39,60297,524,0,137321,2,0.5116044969784835,0
26,106394,557,2,159042,4,0.39033283108104566,0
53,147173,533,0,20565,3,0.802604773518208,0
39,145942,635,0,324139,1,0.6540132657640638,0
21,88607,708,1,220066,2,0.7586117846754032,0
25,36939,323,0,56656,1,0.5863768494102244,0
47,110467,570,0,460350,3,0.3203065041457473,0
36,70715,394,1,50765,2,0.8856065576594754,0
26,64460,441,1,138086,1,0.3279171260203462,0
33,86576,380,2,206552,1,0.8378690507174322,0
55,88222,573,0,235324,3,0.34569705223148184,0
39,32666,575,1,119794,2,0.4616246092225051,0
32,82119,764,0,113987,4,0.5080584111761987,1
36,55321,507,2,412228,3,0.8449631926697017,0
30,21779,595,0,265131,4,0.8217389996391444,1
45,33186,338,0,239068,2,0.7762546845667051,0
40,36459,587,0,324642,1,0.463672603247014,0
51,106246,423,1,335920,3,0.20314527278024413,0
24,107755,582,1,128675,3,0.6771083240752636,0
43,25057,479,2,66711,3,0.48766768412564265,0
22,80663,396,0,47530,0,0.7299407349862048,0
42,38733,490,2,215339,2,0.7563964322584851,0
57,39157,373,2,416234,0,0.507806382042197,0
28,55030,746,1,133236,3,0.7236717957218639,0
27,39613,796,0,285060,3,0.7879560963637742,0
34,128612,783,0,45376,4,0.8499332921210501,0
23,135080,415,2,491356,0,0.6077187327425759,0
36,103028,834,0,377857,1,0.7449351383419178,0
39,106282,397,1,121128,2,0.5461954091467529,0
38,25188,627,2,201118,1,0.22916410030097345,0
36,127106,706,2,194814,1,0.30865499945942837,0
28,148346,612,1,90566,2,0.28975715646776906,0
53,49680,447,1,344269,3,0.3202359130808352,0
32,123361,641,1,92519,4,0.20714892472899027,0
31,80119,794,1,17437,3,0.8010947762856069,0
25,122302,322,1,67146,3,0.5921045239643087,0
47,94400,404,1,32618,0,0.46820500210788735,0
32,75718,521,2,186839,1,0.4868452101038826,0
37,56445,314,0,14705,1,0.5243457656032087,0
26,25796,377,0,193218,1,0.2517184502937148,0
53,67218,621,2,224288,4,0.39226578810594415,0
25,59131,540,0,348056,4,0.7961385059644595,0
48,28123,317,0,318894,4,0.720572665349789,0
34,28222,753,2,489172,2,0.5943838767777354,0
25,44074,742,0,49379,4,0.5364927892689741,1
53,131958,576,0,57682,0,0.3812812294936296,0
39,136088,723,2,200785,0,0.5298784787529738,1
42,49825,775,0,110894,3,0.6184986932467703,0
25,56839,326,1,192991,3,0.6988465660021064,0
22,127112,813,2,65384,3,0.3166481314266267,0
50,147514,763,0,135512,3,0.7691771879295441,0
59,88322,662,0,318272,0,0.44206789392367574,1
24,76321,682,1,400051,3,0.5522806583032487,1
53,119174,824,2,26283,0,0.6255330216174327,0
33,122500,681,2,54506,4,0.5416666093547233,0
40,130100,483,0,244173,4,0.6003698329078833,0
27,45988,493,1,189697,2,0.27806642527800984,0
35,55507,761,1,172035,3,0.5025088185760447,1
43,119244,355,1,392151,4,0.3963272296553585,0
34,118644,529,1,248244,4,0.2602183077208091,0
43,145788,788,1,145251,1,0.33415445794239595,1
39,115251,327,1,361584,1,0.6217111964992208,0
49,43806,483,2,373793,0,0.33768048185601524,0
40,56901,724,0,497426,2,0.32674480708336534,1
49,37043,674,0,16955,1,0.5869813026706454,0
44,95761,340,1,250144,2,0.8332917546948895,0
38,29752,783,2,405414,4,0.7520849954478808,0
30,88993,559,2,465372,0,0.8335623773638952,0
28,62616,740,1,311732,2,0.6080861416075606,0
46,72127,383,0,409982,1,0.486950692321025,0
49,94777,345,1,101626,4,0.7107489558793603,0
30,20453,739,2,189642,3,0.3829548197278556,0
37,95432,818,1,337018,4,0.2546377706037826,1
22,142872,737,0,184751,1,0.4412303549117949,1
26,107362,435,0,382261,1,0.40946568824091223,0
25,30976,482,2,403517,3,0.6728772494719995,0
48,134176,471,1,151216,4,0.58595387516827,0
25,119122,838,1,412000,2,0.2967840888390499,1
38,90404,419,2,72959,2,0.8359529258393288,0
46,101932,580,1,13272,4,0.615337258353363,0
40,117170,607,2,137645,2,0.5203789577966438,0
47,97707,576,1,29419,4,0.8560364489830574,0
32,109647,829,0,218411,4,0.2681112941585306,1
27,53688,594,2,496986,1,0.7527150566978025,0
23,106840,352,1,53555,0,0.45526585400400654,0
30,137106,731,1,141248,1,0.6867728256467801,0
54,127810,351,1,172233,2,0.8515077993533751,0
45,124779,371,2,199512,0,0.5623991563397921,0
55,113789,327,0,244133,4,0.21584717640012316,0
36,116516,768,1,194934,2,0.22019376112063657,1
22,22017,846,2,127082,3,0.43139257335976355,0
44,27957,700,1,151236,2,0.7471607535765432,0
30,134534,500,0,475974,0,0.40178294015150795,0
58,127724,765,0,30379,0,0.4341280206203524,1
42,24792,678,0,227261,4,0.7491224992382981,0
46,75982,476,2,481768,3,0.2813324217434966,0
59,33237,351,1,285512,4,0.7927690733740198,0
47,71586,378,2,225113,3,0.3860547608878746,0
49,101787,684,1,430987,3,0.23585614972023577,1
58,39252,307,2,463166,4,0.2821398944825825,0
40,30707,513,1,176317,2,0.8667884207171765,0
47,54206,324,2,109302,1,0.5159267685307078,0
40,114276,749,1,103906,3,0.37950667419892065,1
39,23543,756,2,471008,0,0.5648896651254366,1
40,64135,760,0,48327,4,0.6776426573756602,0
55,136469,497,2,182526,2,0.4231588856308485,0
22,133824,393,0,360931,3,0.7076898422127167,0
50,124647,736,0,182813,2,0.3765764356350414,1
54,55031,826,1,36977,4,0.2786360624308284,1
42,62929,677,0,496416,0,0.5847957542583664,1
23,85747,403,0,266456,3,0.3057830731258912,0
26,77851,338,1,11714,3,0.8583394150893979,0
35,75311,757,2,111680,2,0.20031431969229554,1
47,132113,663,2,344381,4,0.7289872699765825,0
30,125331,434,0,413107,1,0.39563124276983763,0
29,85867,673,2,499771,3,0.7922608032406568,0
53,108780,531,0,57299,0,0.24210561861826269,1
52,77196,338,2,463383,3,0.8671004188097,0
26,93705,346,2,332268,3,0.2709764186831094,0
56,77894,335,2,360196,1,0.7515179285248117,0
22,107640,394,0,456855,1,0.5621395495449231,0
49,127437,660,1,308056,4,0.5012763543143095,1
24,34591,824,2,381886,3,0.3961090501371901,0
21,117247,445,2,473668,3,0.7889586746743456,0
39,68893,667,2,73446,2,0.3398259782730651,1
46,20727,364,0,219862,2,0.7048688924950015,0
45,41359,527,1,66516,0,0.5120541557196044,0
30,63822,819,0,130223,0,0.8989465050030889,0
35,121547,480,2,442466,2,0.6279793141188408,0
42,135336,800,0,172188,0,0.2729327226766379,1
41,123399,454,2,88521,3,0.4936648324063997,0
42,132113,834,2,420367,1,0.24640928626963704,1
56,108534,734,0,392817,3,0.3999589440723802,1
54,30929,398,2,76366,2,0.4403217564167733,0
50,148588,671,2,180369,4,0.7972236258377219,0
45,80091,661,1,45888,4,0.7865912336252749,0
48,100378,411,0,323339,2,0.20809005398838085,0
21,43519,752,0,351154,3,0.5725950305035646,1
24,37393,468,2,207088,0,0.3564806289222977,0
27,54318,438,2,211051,0,0.42406516863188903,0
29,94531,530,0,190406,4,0.21515589986787464,0
56,114192,538,0,103474,2,0.724822105811719,0
39,67934,552,0,134986,2,0.865412843026681,0
21,125796,735,2,73345,1,0.3534869282196963,1
30,130805,721,1,437977,4,0.4392410069334828,1
56,101103,602,1,127617,2,0.344503796310905,0
29,48840,371,2,163002,1,0.8510340645490699,1
52,138089,562,2,64117,0,0.20654917753519875,0
52,109367,521,2,290239,4,0.6087035969037246,0
26,33265,376,0,213554,4,0.8095347727855049,0
58,25424,361,2,8991,2,0.3304150218807428,0
37,40625,770,0,28519,2,0.6129967039534575,0
30,99622,456,1,293801,3,0.23545367340541945,0
47,49187,424,2,267970,0,0.7702095934974664,1
55,55929,460,2,178697,0,0.39210038594105673,0
41,81892,840,0,349193,1,0.8921273920366823,0
45,40539,834,0,22801,1,0.8454067343428437,0
48,76630,405,0,428062,3,0.7127611789528998,1
35,110639,430,1,44566,0,0.5477898489600441,0
24,113410,656,1,159229,1,0.7366123783026313,0
49,29215,301,2,164435,0,0.2914263332799335,0
29,59385,532,2,448775,0,0.4171397477299198,0
47,107580,668,0,397938,1,0.21882747200379996,1
46,97462,550,1,403352,2,0.6515172491268181,0
39,133396,407,2,194009,2,0.7638763466570602,0
48,117037,575,0,22421,1,0.8623998874592174,0
37,115310,479,0,261080,3,0.6805550295351688,0
40,45008,592,1,262230,4,0.7124638681559106,0
59,68928,474,1,83027,0,0.8268190447644659,0
43,103096,422,2,12546,4,0.8554646202006884,1
52,109876,526,2,338583,1,0.543908284908794,0
53,44976,743,0,182695,0,0.276851172795792,1
25,133942,727,0,283550,4,0.5264921169105101,1
54,144984,382,0,478701,2,0.5892517040106029,0
31,47626,364,2,397353,3,0.6420813399768808,0
23,118256,580,1,276969,4,0.8924991901164914,0
53,120537,690,2,470039,3,0.8422942507035394,0
31,79789,727,1,246569,2,0.47745494192200993,1
36,24700,406,2,301317,4,0.2794175803894969,0
38,129331,847,2,266536,1,0.35035411875586975,1
50,83645,561,1,322763,0,0.32165973598339437,0
30,140594,458,2,350258,2,0.44920890900429755,0
38,93396,564,2,374215,3,0.8135424987616624,0
58,27526,767,0,406139,3,0.5065779543041036,0
39,123863,501,1,301518,2,0.5970941599785,0
56,59500,454,1,459929,1,0.3254168123871004,0
33,88049,312,0,177483,1,0.5449937966890775,0
23,93366,596,1,331512,3,0.8115394049802043,0
30,100317,797,0,275460,2,0.7414242844626537,0
58,79117,544,1,277700,2,0.25683350105931513,0
21,76096,599,1,408274,0,0.8034505881250806,0
47,27910,661,1,109554,3,0.39167966819394856,0
28,101383,653,1,236059,1,0.6660013745379771,0
37,91185,820,0,423698,4,0.3024680335999119,0
29,70248,685,0,49494,1,0.6722510590600614,0
26,94656,611,1,423221,1,0.22499100020001433,0
45,21951,713,2,351815,4,0.6204512907491524,0
59,85212,577,0,487640,3,0.6521581195329409,0
48,95701,655,1,37481,0,0.3711476998413449,1
53,99888,824,0,33401,1,0.8558832627973358,0
57,95282,315,2,45431,1,0.23218067104033563,0
29,129274,344,2,331603,3,0.8241965287494573,0
38,114533,620,2,357617,3,0.46732824134977163,0
41,61954,625,1,128311,2,0.6997403191917542,0
22,109719,447,1,253482,3,0.6560838991435548,0
58,28804,654,2,125327,3,0.31777235121959685,0
56,112705,535,0,214754,1,0.42329949291290114,0
57,20595,404,0,493853,0,0.5707714366387737,0
35,49592,773,2,475005,1,0.7925571892692247,0
48,60643,695,1,446720,3,0.868402053154828,0
38,143721,745,0,401439,2,0.21441064333606924,1
54,82665,519,0,469193,0,0.446790778829706,0
42,40823,741,0,244198,2,0.6677007472077239,0
31,25972,327,1,45149,4,0.5694106032698669,0
33,35882,774,2,17863,2,0.8601154810997313,0
24,86394,604,1,370632,2,0.21187860417516347,0
42,91055,704,0,165636,3,0.5064175790323451,1
27,43769,812,2,480405,3,0.6681626934632355,0
44,45020,801,1,225696,3,0.35230859970756917,1
24,62748,647,2,27499,3,0.7081099702804639,0
48,122621,539,0,243691,3,0.25686003975491595,0
35,105374,636,1,262128,2,0.5157269706369207,0
21,64912,325,2,356362,4,0.6733644693334933,0
23,32879,708,1,37132,3,0.3867299897683371,1
34,53798,376,0,131272,4,0.251692492372684,0
58,127791,516,2,140605,4,0.8699151268596099,0
21,109826,627,0,219034,1,0.8396761201566838,0
58,66073,322,2,347240,1,0.848458938128213,0
58,95791,609,0,432625,0,0.8849516683084095,0
41,86983,566,0,479677,1,0.32928863808796005,0
49,63005,714,1,266085,3,0.3104431984547117,1
25,114731,566,0,421203,4,0.22395021034537393,0
30,22850,632,1,15633,0,0.8242759513324476,0
48,48400,749,0,499817,1,0.7269339887951665,0
41,144948,546,0,454423,2,0.6432836877829459,0
27,31953,335,0,186607,0,0.8493733114302962,0
23,126410,700,2,493877,3,0.602553630144748,0
40,145155,327,1,271140,4,0.2908115269078836,0
39,43535,519,2,136086,3,0.32380513245450554,0
55,95536,705,1,478647,3,0.29252875123666755,1
24,95039,570,0,268818,2,0.41536060890612275,0
25,141640,810,2,436083,2,0.46564778317952965,1
21,101029,585,1,483753,4,0.7577873452792812,0
24,24055,753,0,62251,1,0.33387773801174037,0
32,58170,616,1,191781,3,0.7077556069905915,0
47,145331,596,1,387306,1,0.5438599514801553,0
43,117944,637,0,153936,4,0.8997619447897909,0
45,127585,606,2,293465,3,0.7436077227314084,0
41,119976,727,0,160154,1,0.8782670920573048,0
44,48251,650,2,45131,3,0.4396460511447299,0
45,24532,810,1,207565,2,0.2861351352163805,0
52,24924,824,1,140282,2,0.5541270636016442,0
52,68037,791,1,250152,0,0.2869676317044318,1
25,98082,308,2,256231,4,0.5447161934034453,0
56,112115,796,0,120663,1,0.3889587183227663,1
59,91621,739,2,462802,3,0.5437330486996607,1
36,97926,407,1,350749,0,0.8647453425353762,1
53,98816,544,1,39851,4,0.402323844956448,0
41,109654,554,0,294009,4,0.8954038345586928,0
29,90400,332,2,350750,4,0.36053062858285984,0
26,127620,322,1,140230,1,0.3456758652979234,0
55,119525,348,2,126497,2,0.5813519660994324,0
59,121164,761,2,324996,0,0.7894314568212599,0
42,112385,635,0,316483,1,0.72465246342722,0
25,113102,657,0,368230,3,0.7064758547071754,0
43,30702,421,1,287716,1,0.3978430588064916,0
37,126732,743,0,402316,3,0.21576174324922665,1
32,35385,658,2,180541,3,0.3132238031009767,0
43,29336,645,0,348205,4,0.4446313107974208,0
36,85421,492,2,196933,1,0.8801786253991404,0
23,51225,715,1,23456,2,0.8438442205817156,0
50,56021,676,2,322947,3,0.34045121108626947,1
42,23782,762,0,332777,4,0.7079357345892869,0
29,108877,445,0,211091,2,0.6053117998323669,0
49,135454,777,1,41232,1,0.2348898550614084,1
57,137369,707,0,72323,2,0.4601939279090128,1
43,109630,585,1,373211,1,0.5402516182561318,0
33,69111,410,1,420004,3,0.6673018863450713,0
52,109402,349,0,497203,0,0.4064335812101104,0
43,139774,313,2,283236,0,0.8536730403381376,0
37,142652,433,1,268276,3,0.5163153396925687,0
41,104585,642,2,213922,2,0.37397073688187554,0
22,62719,585,0,240253,1,0.42149966107307335,0
57,116528,613,2,224190,0,0.7263198000332749,0
26,69037,596,2,136024,1,0.6481997573021943,0
38,100103,463,2,491532,3,0.719524615012046,0
50,129987,796,2,262075,2,0.4046392777246299,1
42,145695,315,0,233844,1,0.4287940329524811,0
53,23513,643,0,254596,2,0.47770338158554954,0
50,135183,377,2,280212,0,0.33201509894650283,0
37,33335,645,0,445617,1,0.6837311814553737,0
52,64140,371,0,184598,4,0.430544659854494,1
34,124126,569,1,457174,0,0.42836535689935895,0
30,100373,586,0,120729,2,0.3885554789209979,0
56,97658,365,2,81593,3,0.5169794632909978,0
54,54840,367,0,60041,4,0.7403832554639473,0
29,51007,492,0,235230,1,0.7849260938207914,0
48,76947,354,0,240114,0,0.7631555143782587,0
31,126833,678,0,330516,1,0.6348355043283209,0
34,138637,467,1,72562,1,0.3962992745407947,0
59,140721,708,2,359243,4,0.7143986440658643,0
39,113220,807,2,69046,4,0.2275533592194901,1
35,46393,836,0,466302,4,0.7587066851173139,0
48,77480,401,0,395232,4,0.7461592948466023,0
44,137243,721,1,363602,3,0.6690007792235345,0
28,108290,777,0,143161,2,0.26854781498990443,1
29,106335,419,1,283767,4,0.8981389348698083,1
53,124263,590,2,316785,0,0.7294864346806966,1
53,29107,787,2,279187,1,0.714364781705525,0
39,148181,460,1,71572,4,0.24480549677051808,0
23,25993,377,2,462352,0,0.479093588601029,0
30,116341,337,0,391362,3,0.26032109975288703,0
21,113650,693,0,486268,0,0.4527259047663285,1
49,123325,740,1,91700,0,0.5993398880500284,1
54,144980,839,2,62061,3,0.8152105318496308,0
33,137595,761,2,122957,3,0.3980564130961478,1
21,72066,593,1,273266,1,0.6363902567375922,0
54,131850,699,1,314490,4,0.31525634564136396,1
49,62942,391,2,233394,0,0.44777469985955687,1
33,36138,305,1,381137,2,0.8630662326654328,0
49,138558,570,0,414366,2,0.7233486409079122,0
59,147408,398,2,92630,1,0.5820640349310202,0
44,64527,825,1,82228,2,0.37618775940931315,1
46,29190,493,1,279198,1,0.4657936558507221,0
37,112259,456,1,6767,4,0.30968533369676016,0
27,139773,414,2,9708,1,0.4474270351679426,0
33,98422,695,0,242729,3,0.3054429784010346,1
25,75698,821,0,325143,3,0.7567149231077799,1
46,102315,513,2,57158,3,0.25653136295960177,0
23,113710,832,1,427508,3,0.33258383586497353,1
27,49086,314,2,33082,3,0.6838167108465276,0
59,37322,718,2,39024,3,0.8317616986944052,0
21,128132,667,1,490486,3,0.8752141268373212,0
37,145604,512,2,290605,3,0.7852160417185436,0
45,120814,304,0,10351,3,0.34803024345635747,0
23,139324,530,2,445247,4,0.39999790008243485,0
35,103569,500,1,497269,3,0.809526647098987,0
49,105610,701,2,349772,1,0.8225330753208775,0
52,148921,448,0,109720,4,0.6484572160740787,0
46,23435,791,2,129501,2,0.419548769430809,0
36,121505,525,2,437934,0,0.3568396641321837,0
45,73331,468,2,377776,4,0.7965978894839225,0
48,48942,451,2,95577,3,0.34367849891482904,0
29,79635,523,1,131875,4,0.663263045477692,0
21,49059,803,0,227284,0,0.8775673399138926,0
49,77557,849,0,367161,0,0.693703974749856,0
42,133457,343,0,148849,3,0.38036921921521827,0
36,72389,803,2,225928,3,0.3977541308921114,1
27,73014,540,0,144380,1,0.2650263427946338,0
34,52826,650,1,48441,0,0.6803662429725685,0
49,50297,322,2,118682,3,0.5629049770246595,0
39,63890,342,2,85865,0,0.34453018967531696,0
39,41322,765,0,18882,1,0.3593678103846011,1
22,55739,339,2,119883,2,0.2063171883370282,0
35,29719,602,2,402930,0,0.8848935793746522,0
23,99553,474,0,227658,1,0.7796127298786519,0
31,28314,831,1,179504,1,0.4759189653697562,0
50,113831,760,1,217361,1,0.8622628955558642,0
38,95164,492,0,362659,4,0.673983957408081,0
22,127658,543,1,115625,3,0.7260237749394696,0
52,97028,579,1,478382,0,0.6759688499116183,0
28,56113,335,1,130934,4,0.7297941823680034,0
42,137174,839,2,415874,0,0.31965724969490367,1
26,35357,453,2,205317,4,0.5936785982743586,0
32,118865,322,2,234714,3,0.7945633927719202,0
56,40365,390,1,372209,1,0.21367980877904086,0
35,59029,689,2,238651,0,0.2864100673719787,1
48,21737,658,1,263669,1,0.37194786676276237,1
38,94632,849,0,344171,3,0.40630868770937384,1
22,105474,527,1,186880,0,0.32789270661351455,0
33,98218,501,2,44530,2,0.6370312729517462,0
35,144606,649,1,144906,2,0.40581334983562045,0
40,47499,337,2,412574,2,0.3106698905995141,0
49,130027,799,2,408088,3,0.8340783275307602,0
49,130402,342,0,325838,2,0.6865241720831307,0
23,148692,816,0,92193,0,0.3722411226025873,1
39,127430,367,2,128498,2,0.4526675433178203,0
23,66157,422,1,186393,0,0.7185498940220889,0
34,76247,635,0,226435,3,0.7536370514993351,0
24,148411,452,0,209781,1,0.32350531579416036,0
31,61034,461,2,283829,4,0.8556032588516123,1
51,20294,513,1,409549,2,0.7496903572930085,0
52,118072,675,0,121254,4,0.7997701059936977,1
47,44596,742,0,147428,1,0.30070116487430953,1
50,118185,722,1,307728,3,0.30035700654936814,1
22,31434,837,0,187434,3,0.41375819095775723,0
29,78382,529,1,16344,1,0.2452524937374811,0
48,58098,358,2,119491,4,0.2637471287990396,0
51,24655,395,0,49619,2,0.30024500886395605,0
54,103029,561,2,112107,0,0.698700812879463,0
35,66228,653,1,479547,3,0.22116120414883944,1
45,23771,611,2,231351,1,0.2582713469580204,0
56,94099,435,2,138015,4,0.8609284753299769,0
28,140811,772,2,226257,2,0.2585596771706409,0
29,76799,729,1,196289,4,0.5762236591883012,1
57,82257,836,1,117319,2,0.6498012345839197,0
59,37558,445,1,419237,0,0.8710154596007065,0
52,119468,823,1,275492,0,0.8298619025381506,0
37,78436,386,1,213358,1,0.5084779370306214,0
55,127779,408,0,469137,1,0.8595148429215533,0
57,144891,722,0,152711,2,0.5025861123585427,0
39,143725,644,0,90030,2,0.6689431008294425,0
49,112103,565,2,462782,2,0.38172564950273546,0
27,143400,793,2,178083,2,0.6456511681226802,0
48,52376,632,1,250649,0,0.5767322612260659,0
29,139154,712,1,239408,1,0.6247817299279717,0
48,107458,490,0,371709,1,0.6778558409335631,0
26,97924,441,1,285784,3,0.32141871007149625,0
49,49332,372,2,40402,1,0.41088396068296335,0
37,66737,466,1,70088,1,0.7153689708478697,0
36,109031,467,0,458456,4,0.3146767903894777,0
43,93970,558,1,400107,4,0.44096809710326557,0
51,71952,738,2,164331,3,0.666535083765165,0
23,40991,410,0,461237,2,0.8563556896341715,0
41,47472,830,1,165059,3,0.25271014475969483,1
46,79946,589,2,188688,3,0.5615925593634692,0
56,125566,809,0,398132,0,0.25733373746642774,1
57,46849,474,0,146755,1,0.46539236566607844,0
42,21541,601,2,459299,0,0.32277055286114176,0
32,149237,484,1,277111,1,0.6546068958049593,0
33,22765,638,1,82664,3,0.7304827863682857,0
31,63074,809,1,438410,1,0.37314024459121853,1
36,122795,609,0,105274,2,0.6990210043369222,0
28,49283,806,0,229903,2,0.5127732564996758,1
22,121387,645,1,484089,3,0.3985060212723491,0
50,140044,380,0,329805,4,0.5663811680807141,0
50,120161,673,0,92738,2,0.4657551006746759,1
32,20769,455,2,208379,3,0.3609973781886727,0
30,37806,731,1,310596,0,0.7297913572909889,0
31,110518,799,1,17857,4,0.7582669042547119,0
35,22972,446,1,429517,2,0.7602185685285023,0
36,38256,780,0,323044,3,0.46749995722498616,0
37,123903,734,0,36460,3,0.318669915986561,1
46,145574,818,0,91923,0,0.7882878970552349,0
22,38653,368,1,316944,0,0.43048471354034934,0
32,123579,485,0,408048,4,0.7236467615764137,0
46,106669,503,1,445624,2,0.7722153927308804,0
43,59339,312,0,279770,3,0.7377067483219304,0
38,45757,573,1,193944,4,0.47286422148356533,0
52,123376,597,2,482237,4,0.8566117086124891,0
58,62399,350,0,477175,0,0.6621136917621344,0
23,64013,799,1,364083,3,0.6030223990249263,0
58,117605,668,2,101159,1,0.6885363714525097,0
23,34706,656,2,21802,0,0.23130898628577307,1
50,58231,302,0,283477,3,0.47336048094504657,0
21,47909,553,1,302264,4,0.8168520076923476,0
50,125754,774,0,98621,4,0.3127557910469999,1
52,145777,805,2,158231,2,0.4900804534154308,1
48,96631,555,0,422876,1,0.4836735938203796,0
41,77572,449,1,61843,0,0.4492291974921171,0
33,105879,787,2,130179,2,0.593645930201286,1
47,83767,578,0,170591,2,0.8973386347099861,1
56,46469,358,0,361477,1,0.37909419415064083,0
27,21313,745,0,220649,0,0.6934699858024941,0
42,27847,412,0,49935,0,0.7305964984429694,0
30,70222,788,0,27507,4,0.6091489357757636,0
59,94702,706,2,207132,0,0.2682329815308267,1
35,29930,666,2,351415,2,0.6006614481417081,0
35,23285,359,1,324367,4,0.867425132970741,0
24,143637,628,0,163747,0,0.43944210107207143,0
52,55863,768,1,380631,1,0.6477816884655998,0
43,36704,362,2,22673,2,0.8715784126976738,0
26,38705,483,0,114619,3,0.7585931968643229,0
44,20555,610,1,40470,1,0.68181541078793,0
40,41323,837,0,308747,1,0.8798042151378198,0
57,90968,476,0,483041,0,0.31940806870916016,0
40,86922,728,1,429446,4,0.740924151949887,0
32,73915,372,2,150614,4,0.48478503712594134,0
53,129543,466,1,246635,2,0.452302181376353,0
48,30619,524,1,328551,0,0.5644707600813723,0
28,92390,308,1,58821,4,0.22362574114422076,0
21,148918,535,0,302834,3,0.4187707346498539,0
57,128500,327,2,11654,0,0.3163508461663883,0
42,134337,326,2,465773,0,0.2970836295921133,0
26,79274,849,0,117259,4,0.43613835701406867,1
41,93173,495,2,221616,1,0.7615850506074964,0
52,41225,502,1,355408,0,0.3407777474985481,0
55,131266,384,2,487914,1,0.5719910491026867,0
35,46739,329,0,294590,2,0.7240593358246084,0
25,67708,765,2,362659,2,0.36868007443358297,1
26,148041,398,0,53484,4,0.8469423070290403,1
45,73019,489,1,49078,2,0.8065485323321224,0
49,96154,311,0,381968,4,0.37582474821368983,0
27,122097,329,2,9225,4,0.8927466471560557,0
33,27373,337,1,391242,1,0.6684197658805113,0
58,55281,593,2,79745,1,0.40027002619428026,0
38,40187,659,0,246268,2,0.6767262187138976,0
22,87863,479,1,479475,1,0.6663737892823041,0
28,117927,411,0,181559,0,0.6243355373140302,0
31,127113,743,2,204748,3,0.6981872777549324,0
53,104085,320,0,16721,0,0.387820983262668,0
58,137996,444,2,400803,0,0.8852898399126741,0
47,59220,798,2,113878,4,0.8005270300926106,0
40,142755,445,1,44437,3,0.7220189468405247,0
32,27642,740,1,155061,4,0.2184134955222744,0
51,99971,720,0,168798,1,0.6132697612754368,1
47,75556,615,2,206612,1,0.6945387916996664,0
52,53760,465,2,346981,3,0.7978698789755181,1
30,58192,502,1,103215,2,0.8623099852522598,0
23,144257,795,1,491855,1,0.8410971699592267,0
47,24381,767,1,392581,0,0.48423145273788176,0
55,116583,684,1,308312,3,0.827550831581767,0
51,39558,613,0,462885,3,0.20052416645040985,0
35,50782,554,0,471256,1,0.4460326480554505,0
36,24782,322,0,369258,1,0.2797167484612756,0
33,111417,638,0,338760,4,0.8181473900351417,0
55,74712,792,1,143480,4,0.8495873338035098,0
31,125764,810,0,402369,0,0.3792058927051566,1
41,114945,665,0,392031,3,0.4571173136878243,1
31,39462,671,0,147127,2,0.8887143335919647,0
50,80030,518,1,286904,2,0.5962444246105775,0
55,88519,774,2,22752,3,0.5479390903951477,1
42,76411,722,1,225801,0,0.550304797511604,1
58,75206,655,2,402016,4,0.6873317254909479,0
51,117469,759,2,71573,4,0.8681801243404097,0
34,66950,802,0,428270,4,0.45663570082666094,1
44,22523,326,0,197888,2,0.3208605623043301,0
52,80926,522,0,294010,2,0.3295090245070933,0
56,29677,447,1,268136,0,0.2142513266594347,0
52,95828,723,1,290840,2,0.5887873472835059,1
35,35089,650,0,458498,1,0.8503820532093156,0
55,24581,485,1,238886,2,0.6991538267652635,0
23,31907,714,1,365841,4,0.8950751686007294,0
36,25609,728,2,78541,0,0.836669185197819,1
25,71153,340,1,57838,3,0.5443003713732969,0
41,70539,692,2,296544,3,0.5405845664138387,1
30,64143,378,0,349421,0,0.6398500608799977,0
39,42936,843,1,385836,1,0.27765491818161775,1
45,70182,749,2,284709,3,0.6253789683158888,0
24,128261,773,1,44585,4,0.5248518138682727,1
49,131259,441,2,433049,3,0.6499182986708278,0
39,119524,550,2,388703,3,0.5956469777996347,0
22,115042,593,1,279238,4,0.41727710219916303,0
30,33163,435,0,167352,2,0.6254333881128847,0
45,146686,783,2,51647,1,0.4562100470087758,1
40,79758,611,0,180450,4,0.3362347984534725,0
39,66057,345,1,417729,4,0.672549593430622,0
43,32537,535,1,398370,0,0.41444296511300616,0
44,42419,347,0,362942,1,0.8223173459062252,0
31,62578,497,1,426350,2,0.33953272179994953,0
54,94991,383,2,266972,4,0.6201008269027597,0
48,141211,842,0,113050,2,0.6000841423944773,0
25,142762,460,1,406894,4,0.33841926056080607,1
25,94599,727,1,142366,4,0.5079207872051779,1
41,20834,370,0,276718,0,0.672877140079956,0
32,52214,819,2,40183,3,0.4229690431429819,1
24,112934,351,0,184819,1,0.2796814601852255,1
40,143798,344,1,333750,0,0.6306685004705165,0
58,120028,592,1,154710,2,0.35688533158236124,0
45,141286,764,0,62194,4,0.6770324857687113,0
34,22413,849,2,445769,4,0.7876269676089172,0
31,29505,679,2,31082,1,0.28634876001485693,0
52,140681,777,2,152378,0,0.5063263715549107,1
31,122802,561,0,375515,0,0.5114455885441619,1
38,22105,478,2,132899,2,0.6427751430580059,0
47,88104,656,2,274951,0,0.4340855501582976,1
38,148303,718,2,486976,0,0.4929984089121461,1
43,127634,500,2,187414,3,0.20839387081977867,0
31,134897,312,1,37143,1,0.2856981378282815,0
41,78408,742,0,126952,0,0.5989034696885029,1
25,57679,585,0,325558,2,0.3511270602065196,0
43,136908,557,2,226374,4,0.30120382285746256,0
45,134921,847,0,291859,0,0.42708893757491423,1
30,119096,789,0,198126,0,0.31447498645318644,1
42,99731,797,1,340078,4,0.24173570553467208,1
39,132205,632,0,17202,3,0.3987007744009228,0
21,85131,331,1,32987,1,0.3150509089558858,0
27,84280,342,0,171812,3,0.7595770196343854,0
24,35762,650,1,252274,2,0.2438598768514642,0
21,137798,633,1,81848,0,0.7232102657366846,0
35,136854,569,0,484106,3,0.46795744323824123,0
32,126830,712,1,189943,1,0.6727249165445766,0
42,78703,318,1,262476,2,0.23688260543337245,0
42,101434,646,0,149699,3,0.8444927963526996,0
37,83079,336,1,235721,0,0.7371629880761266,0
49,41577,391,1,230366,1,0.2981001503119583,0
34,21214,484,1,56069,0,0.3531490597191522,0
40,106339,327,1,45409,0,0.65079736284764,0
53,68114,847,1,263329,2,0.8450938230060452,0
35,109234,671,2,361166,1,0.5120826737043634,1
32,83230,829,1,478851,4,0.539942956515264,1
40,143163,644,1,116689,0,0.36646018297232075,0
50,52980,718,1,111948,1,0.4681076129347925,1
58,87194,495,1,197558,0,0.400212391981214,0
23,97806,377,0,6611,3,0.4453998047464692,0
48,132333,466,2,393191,3,0.21441833732874305,0
46,57792,389,0,36657,1,0.22874252127056643,0
50,65807,563,2,23462,2,0.676480573736232,0
33,144297,771,1,474525,4,0.67725663224584,0
33,145266,507,1,252824,3,0.43116142023508447,0
22,42301,570,2,94299,2,0.8198236777276857,0
57,25141,562,2,305691,4,0.38627848133994636,0
58,136482,805,0,374898,3,0.47704934738172555,1
22,124292,811,2,427279,4,0.7119629369982092,0
56,142984,823,1,241526,0,0.7204976824534901,0
46,33777,611,0,349417,1,0.8028160338936285,0
31,58346,473,2,346541,3,0.22034132933417372,0
28,74703,730,2,57788,3,0.32863107679881093,1
42,114977,762,0,178595,0,0.6484002394690426,0
40,67819,400,2,166356,3,0.4367398384654826,0
28,48469,315,1,92964,3,0.2304931696516077,0
49,23845,557,0,462212,3,0.610526671734682,0
46,130186,543,2,333391,3,0.4751512389253681,0
50,43290,647,1,280850,3,0.45486640098081194,0
37,132551,548,2,491830,2,0.3850549992800781,0
40,50699,404,0,15924,3,0.20419852518187387,0
36,64252,586,2,20921,0,0.3276520118794388,0
27,118682,468,2,423648,3,0.5319647084730235,0
36,23293,719,2,386104,4,0.39301551716146477,1
47,138017,346,1,22813,4,0.8120720754844186,0
43,139496,342,1,109748,0,0.3000997635094565,0
44,129934,620,2,376132,2,0.812738200925341,0
29,77089,520,2,201322,0,0.48337806594699506,1
55,131964,812,0,393222,2,0.3930882191480999,1
40,36608,740,2,467172,1,0.41300430096038765,0
57,148713,443,0,138140,4,0.43104955498029446,0
37,86273,327,1,44927,4,0.5545947892776646,0
51,36619,466,2,468558,4,0.44771761788466313,0
28,98006,548,0,372292,2,0.6530444429267313,0
35,135399,656,1,35539,0,0.49762530495805174,1
51,107908,410,0,278827,2,0.6701505967778949,0
50,101653,533,1,128031,4,0.6230984928461214,0
40,34779,323,2,352295,4,0.37111778070048296,0
59,71040,325,0,171746,4,0.7689413014950617,0
32,114830,680,2,57703,4,0.7592870274410464,0
37,76325,645,0,325954,1,0.8922863269114627,0
50,135947,677,1,353255,4,0.3225350941034195,1
49,41630,821,0,221415,2,0.7934867534915797,0
39,125575,316,0,353121,4,0.8103866457798306,0
31,135436,544,2,223186,3,0.6495149166216592,0
54,32178,838,2,147189,1,0.5544693444478832,0
27,39935,501,2,270809,4,0.8700816893183234,0
54,67258,547,1,311534,3,0.8808843495134304,0
40,42784,417,2,342028,2,0.6491882194395407,0
58,83722,308,0,68887,1,0.4516919005469137,0
44,43027,322,1,184338,4,0.7720156284261608,0
30,116544,539,2,322685,2,0.26247882705044606,0
52,77853,326,0,463018,3,0.4034169508208505,0
35,132167,380,0,361463,1,0.8898880063409951,0
57,87359,498,1,12882,4,0.7700333710448786,0
40,92388,391,0,75825,2,0.8577077300983866,0
23,98608,383,2,281054,1,0.6163561999700299,0
57,96669,599,0,307710,3,0.48537072070368115,0
28,35111,595,2,199145,4,0.8857830723737266,0
43,52312,753,2,364663,1,0.41659791010000835,1
31,149321,580,1,172248,3,0.7301899952362463,0
28,44161,358,0,88081,3,0.5907448705301457,0
49,138920,641,1,166361,2,0.35995500186012575,0
50,124823,764,1,448627,3,0.21223830118597986,1
30,145014,641,1,467842,3,0.4686348633528584,0
59,87313,361,2,114337,0,0.5833797750141161,0
48,70374,728,2,20362,3,0.32823328066742663,1
56,44014,555,2,485826,4,0.4901884201028587,0
33,100308,646,2,494587,1,0.6306329514612719,0
52,66389,825,0,280927,4,0.700446188494787,0
56,130163,603,0,180234,4,0.23691977093457617,0
57,38161,544,2,433965,2,0.6649265752616526,1
46,127800,711,2,242441,0,0.23966711621440392,1
42,27490,516,0,401770,0,0.21972984675154067,0
24,139547,815,1,456784,4,0.30668841813735404,1
51,127197,773,1,285917,1,0.6575508400480957,0
38,44502,335,2,471910,0,0.2369750100191197,0
58,55757,477,1,464766,0,0.21462734854390192,0
44,61111,686,2,182367,4,0.28257165794328776,1
43,118273,316,2,166403,0,0.8648046934973996,0
42,103245,347,2,312784,2,0.8350944249490515,0
22,78645,361,0,463093,4,0.26052618256975785,0
51,130218,368,1,314113,0,0.4128092284615941,0
31,79055,665,0,310130,0,0.8631047073330866,0
48,139815,461,1,107017,0,0.2683813714195509,0
52,28998,787,0,383324,4,0.26621718738672395,0
25,48906,730,0,12585,1,0.26020272841431025,1
58,121026,788,2,9122,3,0.8835333673690731,0
30,90192,529,2,21838,0,0.7201759592977028,0
44,70477,669,0,153373,3,0.3501390571515089,1
55,56901,477,1,290251,3,0.23216308290755208,0
43,111271,709,1,193429,0,0.8756690562380733,0
37,72021,569,2,224233,0,0.4978423292317838,0
21,49092,505,2,369822,3,0.6188627718064822,0
51,21242,381,1,191283,1,0.39543736344868774,0
51,126843,492,1,71025,3,0.7308522256036529,0
54,21831,488,1,71520,1,0.3377616421258115,1
29,70721,575,2,22344,2,0.7508383533628602,0
42,48511,373,1,324346,1,0.3614221303345243,0
33,92782,309,2,367230,4,0.26853855797890047,0
45,117003,515,0,282103,0,0.5351757881715624,0
38,38302,589,0,436967,2,0.7692517648269555,0
32,75568,744,0,400085,3,0.46940528752351846,1
37,23232,492,1,311408,1,0.22021155546849605,0
35,122062,588,2,297412,2,0.5873167986087846,0
35,124301,443,1,89564,4,0.6763299722464693,0
35,71507,688,2,437822,1,0.7184864617352047,0
59,144277,706,1,149622,3,0.4813474680164988,1
33,149999,669,0,255105,3,0.2679137420446804,1
37,96508,740,2,141774,1,0.6090285041243705,1
52,133672,828,1,83563,4,0.43068351966672724,1
29,120128,312,2,377308,0,0.8628212375923971,0
40,30683,639,2,459961,0,0.5518984756429294,0
46,43664,611,1,234351,3,0.5305862327592851,0
47,122364,403,1,291603,4,0.41644667262284973,0
41,140012,638,2,323926,3,0.43715055376848355,0
38,53172,497,2,486038,0,0.5589283488559385,0
33,103641,599,0,142104,3,0.41466535672049637,0
36,84340,743,2,6825,1,0.8246134190578884,0
29,107236,658,0,131187,1,0.5073125527003761,1
32,31017,667,0,475306,4,0.404415458809117,0
58,56613,468,0,253870,0,0.30877638347880454,0
39,106130,448,2,446317,4,0.6706455084102506,0
27,96920,341,0,327253,4,0.21805086029990886,0
55,50348,501,2,17470,0,0.5149970510189583,0
38,36448,543,2,270914,2,0.5850852742570567,0
36,29491,763,1,163340,2,0.43784922761623213,0
59,98648,748,2,398245,3,0.7248724230925039,0
24,141070,736,2,166155,2,0.6729623477865572,0
45,116557,830,0,276102,1,0.8799792912989732,0
52,78759,572,2,380950,4,0.5561367595027773,0
33,64553,729,2,275950,3,0.576468655240568,1
37,20968,512,1,299306,4,0.3720875234356755,0
57,20368,403,1,341876,0,0.46983872351150435,0
26,93960,491,0,170961,2,0.21880241381081278,0
39,55010,679,0,32702,0,0.6824923520183827,0
33,74154,380,1,433993,3,0.418135959778478,0
46,55851,848,1,451187,1,0.5782569067666885,1
34,142761,676,2,274883,2,0.37849467748766435,1
51,45496,453,0,291743,0,0.6347253402377611,0
24,143568,539,0,303971,2,0.5133077450678311,0
59,147152,673,2,81821,4,0.5373024566704059,1
28,50936,503,2,101683,1,0.8598249978707282,0
45,98858,649,0,493479,2,0.6943122261867021,0
33,87005,442,1,73446,1,0.3833298149200518,0
52,57493,488,1,216282,4,0.5527452724189978,0
58,89795,571,2,351034,4,0.5266709733363848,0
58,56390,831,0,494428,0,0.7565368248148545,0
48,30292,599,2,489866,3,0.7833485798673419,0
50,112377,725,1,290183,0,0.3984099759192078,1
23,48365,345,1,393165,1,0.7748060177343654,0
48,37207,394,2,255527,0,0.32565098370370105,0
23,121735,363,1,443145,2,0.7339393881763867,0
54,42912,712,0,364511,0,0.3741491806609525,1
36,122455,308,2,48884,3,0.40855181018930714,0
42,122517,758,2,161218,3,0.7967274881322957,0
52,100771,708,2,50819,1,0.4940524055394079,1
58,76572,769,1,88162,4,0.8933960773994072,1
28,127293,805,0,218704,3,0.3063601209352088,1
28,119083,372,2,429524,1,0.5243443266277783,0
26,133655,383,2,411270,3,0.7127152316362553,0
34,129346,358,1,84606,3,0.20375694058495522,0
52,39276,320,0,374933,4,0.3062986947351122,0
55,117459,757,2,57018,2,0.21424972458768624,1
30,25534,456,1,31250,1,0.8950145057679275,0
23,112005,628,2,150485,3,0.7324372636950294,0
32,121610,502,1,344535,3,0.4614913684226202,0
51,55670,405,0,306065,0,0.309399454287743,0
49,82147,421,1,338267,2,0.2632682699624155,0
25,118099,617,2,260311,4,0.5723350403856383,0
45,131695,481,2,79363,1,0.8831239227394392,0
51,56486,615,1,161857,3,0.6722276612604348,0
41,85557,705,0,192937,1,0.45559685778111064,1
40,54268,369,0,102400,4,0.5505956812662418,1
59,127338,459,2,101847,2,0.8992323575576162,0
42,101335,539,2,274005,0,0.5631363602191153,0
24,46336,822,1,81340,2,0.874941040043449,0
33,23641,437,1,412195,0,0.2114532031724782,0
40,107132,794,1,202905,1,0.7046741897639208,0
33,52959,546,0,118049,2,0.6390130144491816,0
37,33306,842,0,5357,2,0.6797309009201251,0
56,66182,823,2,264718,2,0.5993969624802169,1
53,94123,542,2,381748,4,0.2309237433691591,1
21,76326,635,2,314345,1,0.3046947548442781,0
35,116895,721,1,190326,0,0.8455758892346501,0
33,41498,493,0,349304,2,0.36304750585698164,0
37,90198,607,2,277940,1,0.8950560885288592,0
44,122630,805,2,28238,4,0.6757119390762318,0
28,127369,580,2,361320,4,0.5110481430883291,0
47,47197,738,2,449194,1,0.8440341995052281,0
43,40719,782,2,45883,0,0.7564903327322188,0
28,110201,522,2,495609,1,0.5002755557094314,0
28,128775,416,0,90478,1,0.24801508058714924,0
46,45032,491,2,74396,3,0.8078132021741506,0
33,79624,815,0,246819,4,0.7355279519508389,1
59,98177,829,1,271591,0,0.7535143861035003,0
57,61964,606,0,287667,3,0.7214011129078888,0
48,50028,831,1,462295,1,0.393028142564658,1
45,131030,421,0,200895,4,0.8011920037685363,0
36,74646,453,0,447505,3,0.20156278720087614,0
22,101187,836,2,254494,3,0.36609339486862685,1
38,28536,751,0,498487,0,0.232591719176937,0
37,137399,468,0,140921,1,0.277417519668272,0
50,76747,358,2,160790,0,0.5726653962622538,0
59,65712,600,1,372615,3,0.2260793329587241,0
33,26273,849,2,355006,3,0.3269667333902657,0
52,91820,416,2,471218,0,0.3629181031735794,0
49,145342,426,2,328121,3,0.658737163596055,0
50,111228,704,1,355469,2,0.5281743671137623,1
38,94353,698,0,163207,4,0.5208887661388208,1
33,114491,814,0,166334,1,0.737902787980337,1
41,112091,797,2,395566,4,0.5197049884520346,1
50,105914,827,2,226043,1,0.44394212004263245,1
41,70830,697,0,39787,3,0.8737157319230329,0
37,126718,564,0,240550,0,0.20580531660649992,0
39,37127,562,0,282833,0,0.4137751000527687,0
35,135150,697,1,175932,3,0.6265749014658062,0
29,103488,826,1,384681,1,0.7479664652369638,0
30,31539,735,2,317488,3,0.771489068330995,0
51,66761,659,1,335035,1,0.23225119229862073,1
43,66219,428,2,187730,3,0.6963924388903115,0
50,34692,540,0,102464,3,0.7041775504302719,1
53,103656,521,0,333013,3,0.3498555950193877,0
29,33334,513,2,433546,0,0.27894251992906444,0
21,48615,434,0,85312,1,0.7247803103867114,0
55,27903,685,2,196136,3,0.37465000436609464,0
31,48527,602,2,32014,4,0.20117166285857407,0
54,35629,586,2,39563,4,0.3565008225038027,0
36,141690,488,1,413486,0,0.2217476061714188,0
29,78008,596,2,429495,2,0.37443068068589,0
52,103276,825,2,365701,0,0.43451370763227465,1
35,119318,688,2,401873,2,0.38998011167656604,1
32,46708,758,1,94422,0,0.8439559470254712,0
53,30860,560,0,375063,4,0.36277306316969926,0
34,37438,412,1,466989,3,0.527274375944671,0
28,87300,335,2,499851,1,0.8701993156908328,0
28,149263,378,1,399243,3,0.8154396439591554,0
47,91545,574,0,150271,4,0.4164809321729329,0
32,40842,577,0,121854,1,0.42854320647022814,0
21,80213,611,2,443170,2,0.6153305817566148,0
31,62372,828,0,251229,2,0.842503995527961,0
59,134316,503,1,84317,4,0.20699985681906233,0
51,118971,316,1,282264,1,0.47518385452962686,0
37,88906,775,0,192884,3,0.7948428404535568,0
53,58744,810,2,94825,4,0.4873289848707431,1
52,136082,509,2,273127,2,0.7040384126539574,0
49,77442,798,1,264571,4,0.6843474316885416,0
41,149070,701,0,333773,3,0.3438210967412571,1
41,105990,728,1,75325,0,0.5147161530568882,1
43,141670,377,1,138984,0,0.5963306989688704,0
26,126917,379,1,315023,3,0.7008240546708628,0
42,123903,605,2,157945,1,0.7756727421025598,1
58,23650,357,0,19332,4,0.7319532478186452,0
57,65117,829,0,152636,3,0.21981802716966112,1
28,111244,507,2,82795,0,0.6694464891211658,0
55,128198,810,1,112716,2,0.5481208246989713,1
31,72772,434,1,418742,3,0.6017032150975108,0
44,23190,821,2,201553,3,0.46107634892211385,0
41,68113,382,0,450991,3,0.6998183502108337,1
22,28789,343,2,353793,0,0.6717219584833933,0
39,52125,782,0,414222,0,0.6056405370194559,0
59,118695,792,0,26643,3,0.8031238728125203,0
48,37459,798,0,488165,3,0.2713300174241476,0
37,55418,317,1,68128,1,0.41071629314419855,0
26,131904,593,1,47523,2,0.5465912906419794,0
39,67085,447,2,493874,4,0.8710233679096748,0
58,38768,771,2,337364,4,0.25037437039727345,1
48,69961,471,1,471606,4,0.435954242989386,0
22,101099,830,2,57784,0,0.8481233876081649,0
58,142735,419,1,355037,0,0.8285632972144144,0
57,47885,365,1,326845,1,0.8056718994953216,0
24,107421,440,0,416162,0,0.41587331920096876,0
42,81082,745,0,149199,3,0.7927850458257037,0
46,26895,805,1,383245,2,0.5537375883271431,0
56,70311,488,0,114002,2,0.6338451908296536,0
33,109494,457,1,165476,2,0.36717743382260837,0
52,87067,545,0,224496,2,0.6946717222433707,1
37,91017,332,2,22401,4,0.4293879729789475,0
56,43932,660,2,413644,4,0.440716298284456,1
39,41360,629,1,369102,3,0.6457720232655029,0
55,74847,811,1,249373,1,0.3678823455218496,1
48,129178,370,0,257602,0,0.35710710627207165,0
21,110365,612,0,117046,0,0.45841405981725425,0
38,105468,378,1,331516,4,0.7446445375414634,0
53,146065,468,2,279115,2,0.35727743434420445,0
32,58931,479,2,355162,3,0.751122873387557,0
28,75823,559,1,259572,1,0.6869236940153249,0
44,58032,785,2,391912,4,0.6753559163291045,0
36,135919,304,1,483720,3,0.5323289715993873,0
24,101426,596,0,21565,3,0.7221214833515457,0
58,38807,659,2,11829,4,0.20946366407271533,1
47,31767,416,2,261680,3,0.4139250807157953,0
29,28071,656,0,81023,2,0.67539622467667,0
36,73413,738,0,433651,3,0.8911067969856978,0
32,46149,630,2,496377,1,0.20176003875899318,0
51,35540,824,2,86823,3,0.5569805855235954,0
44,121212,487,1,43941,0,0.846685500325917,0
34,90248,580,1,256181,3,0.8044775693716715,0
45,141443,810,2,178531,4,0.216195336328095,1
54,111737,765,1,446192,0,0.5706906891454796,1
23,130494,414,0,378683,4,0.2030009709918535,0
44,138571,535,1,477415,1,0.7527024637626629,0
29,105435,637,1,14176,2,0.416212389462542,1
46,39787,821,2,262505,1,0.7359134633407021,0
40,40982,498,1,318660,0,0.8613553391925002,0
30,139696,349,2,151144,2,0.8832595379086039,0
39,42606,441,2,469268,3,0.8258778266146976,0
23,147560,827,2,364512,0,0.34290041722247633,1
44,30150,813,0,417905,2,0.3362201189495978,1
25,105929,329,1,154671,4,0.6380463030203594,0
23,137423,381,1,130670,2,0.580837577573583,0
47,122795,330,1,87045,4,0.20667422546094422,0
36,132223,632,2,171460,4,0.47420914580593043,0
35,66936,476,0,386047,2,0.8346837038620227,0
55,113286,669,2,55603,1,0.8288513132439033,0
32,28593,846,1,341880,1,0.3427348188672244,0
46,37358,834,2,292933,4,0.4673741484100825,0
54,102143,405,2,213504,0,0.5922562076972578,0
43,57381,396,1,485683,2,0.7969489855645571,0
51,141465,529,2,355767,0,0.5723961074689438,0
40,110347,526,2,487505,1,0.8777398687241245,0
32,48074,670,0,319426,0,0.7593364965915215,0
43,40595,399,2,300608,3,0.8671643110850353,0
24,64194,744,0,203878,3,0.7120445528634403,0
43,69377,767,1,489843,1,0.8143368975537708,0
21,46853,354,0,309138,0,0.7817026546644945,0
45,93719,494,2,217668,2,0.3776869372187896,0
22,40661,819,1,244103,1,0.36067549641798813,1
50,70493,723,2,374453,3,0.805068397819712,0
23,138724,614,2,128189,1,0.25927441626422604,0
41,126705,427,0,96123,0,0.4859945232898123,0
45,56495,331,2,249460,0,0.7744604391998913,0
40,33703,392,0,493481,0,0.7692675322888214,0
42,73080,818,1,292738,4,0.29714796747618866,1
41,50815,557,1,188635,0,0.5413968606000465,0
53,49565,519,2,385550,3,0.5358826819075916,0
58,83321,405,0,216424,3,0.4266050167074529,0
35,137491,847,2,110021,4,0.8420268015450356,0
35,78453,715,2,222912,3,0.6571823284040123,0
45,108478,608,2,295530,3,0.8861312428910593,0
41,128522,665,2,252804,1,0.2467363475787312,1
44,53161,820,0,71652,0,0.47604512103765223,1
25,75991,758,2,361979,1,0.7845962934691675,0
26,134296,669,1,365267,1,0.49587996844851145,1
43,127339,630,0,284684,3,0.3833146189303269,0
24,29716,310,2,380627,2,0.8984652810219751,1
47,127099,806,0,300900,0,0.8111874227916196,0
38,53349,718,2,441642,2,0.5825315629096139,1
41,67098,421,1,141659,3,0.5931964653726253,0
48,128435,534,1,481964,4,0.20480407241135729,0
55,20132,630,1,217411,1,0.8866962066181783,0
42,71990,842,0,94792,3,0.7644066133352441,0
43,133288,647,1,316183,3,0.2257105516812402,0
23,88921,711,2,408485,2,0.32343113451140953,1
30,56538,523,2,11088,4,0.7747218612081972,0
45,120572,452,2,367793,1,0.2608058837903725,0
28,119279,511,0,47044,4,0.859250009256697,0
31,125909,391,0,425297,4,0.8999237435054377,0
25,27213,630,1,197460,4,0.8205029667062045,0
57,144693,766,0,146615,0,0.7172327925502617,0
58,64223,527,2,8005,4,0.5410976458181411,0
49,111655,493,2,304347,3,0.25770070344316154,0
25,88371,829,2,283364,0,0.7113123622895414,0
29,88274,542,0,113991,0,0.47780560781952053,0
22,127853,688,2,37696,4,0.5991600418026721,1
21,24134,575,1,215755,3,0.4053733332991397,0
50,111428,749,0,51381,1,0.36950920666031906,1
31,59601,777,2,446200,4,0.4270078710524835,1
48,93889,779,2,241004,0,0.7696796163895991,1
32,35690,587,0,136148,1,0.49854407811169194,0
59,21909,839,0,371200,1,0.41819553837378376,0
46,111239,629,1,155018,0,0.5030792780924446,0
33,100032,769,0,481708,1,0.22260115616252782,1
28,32062,833,2,290615,3,0.8234229979707681,0
48,95386,766,1,380442,3,0.5862330914168148,1
50,113237,719,2,459747,4,0.2733783589844656,1
29,54731,421,2,436954,4,0.40188485236439464,0
59,25153,607,2,176792,1,0.8884869242144422,0
51,30481,633,0,361817,0,0.6151401984827461,0
41,119270,719,0,291584,3,0.4039834208298918,1
54,86425,625,2,279006,2,0.4984419629561959,0
51,83600,549,0,106415,4,0.38093234560473443,0
45,104981,394,2,73273,3,0.22226297998367772,0
32,91997,595,0,374992,1,0.7894210225064378,0
21,124470,483,0,26788,3,0.4047350491955972,0
42,48205,559,0,161594,3,0.7868875171985084,0
57,108887,485,1,75185,1,0.5349899466997463,0
21,101542,708,0,205476,4,0.32802624586333906,0
21,64149,368,1,188361,4,0.761308085243261,0
41,69112,307,1,397827,2,0.46397803673905613,0
35,30940,564,1,143896,2,0.6954104314646343,0
37,79010,783,2,387968,4,0.7860607683201126,0
42,96794,670,0,12799,4,0.8740899594406975,0
58,44485,382,2,265204,4,0.26007017281036937,0
55,109299,510,1,90406,4,0.20587053728830615,0
36,144321,612,0,312291,3,0.5838974870657132,0
28,125584,636,2,481138,2,0.38496867331250006,0
37,21067,789,1,263415,1,0.5283712528205033,0
37,40607,702,2,128699,0,0.25086108100927523,1
46,129419,490,2,275758,1,0.5511123326713518,0
33,81597,634,0,30147,0,0.28739895722469827,0
37,146736,821,0,343781,3,0.7870114307393359,0
58,94554,386,2,373354,2,0.7316407618455196,0
37,68521,361,0,25914,0,0.2518515047520695,0
34,132482,686,0,330843,4,0.785445248309554,0
26,35187,445,2,276759,3,0.4274709446972358,0
55,122911,452,0,55785,0,0.44700182001413163,0
34,23985,648,0,355733,4,0.3258625019690931,0
28,63052,477,1,236129,3,0.7847128850447347,0
35,39563,786,0,456027,0,0.48329403469389737,0
47,67322,546,1,346161,4,0.2341851094762196,0
33,122842,553,2,314042,2,0.8763747394783141,1
51,81245,799,1,394911,3,0.3791210497726035,1
55,71514,840,2,376562,0,0.8553240945345304,0
26,38608,651,0,322649,4,0.41086685385273236,0
25,124675,811,0,81031,2,0.7819986162886798,0
42,87262,312,1,96818,4,0.6649536447214335,0
43,112118,450,2,390096,2,0.8028984023926953,0
45,91327,349,0,5146,0,0.8832825906920281,0
54,77225,514,1,176347,4,0.8100385784196289,0
46,93994,671,1,414193,4,0.48256561305001433,1
25,141701,412,1,439781,1,0.770152437046614,0
46,37221,551,0,243142,3,0.6981555672149651,1
40,68506,640,2,432161,4,0.2431225695821574,0
26,40968,352,0,114822,2,0.8508320684163369,0
26,147677,429,0,237798,3,0.5261727641387819,0
38,102606,492,2,7594,0,0.2941153959873791,0
24,47937,356,1,81610,3,0.4977646680387022,0
37,82435,396,0,193727,1,0.6221988715850342,0
34,69508,497,1,425647,0,0.6010622875587368,1
34,146695,446,1,218756,4,0.6023555527504121,0
33,61831,594,2,127524,0,0.37908749820621357,0
27,62933,311,2,93197,0,0.6428917145948323,0
35,67307,632,2,163643,1,0.8351903836443639,0
39,68340,519,1,464187,2,0.4720668625861205,0
55,122951,697,1,499871,0,0.6414061978340768,0
37,128306,641,0,328941,2,0.3707909049050723,0
55,106338,811,1,48937,3,0.2337967141320913,1
39,63601,471,2,384762,1,0.6100119547435836,0
40,95956,767,2,195715,4,0.2332848615296581,1
56,92178,465,2,480270,0,0.7065092164443314,0
55,105311,469,2,492242,2,0.6692468884612348,0
52,48754,811,1,222610,0,0.4585275132309208,1
44,63310,488,2,243371,1,0.4879030767535873,0
37,89893,419,0,327195,4,0.84243265553411,0
27,106799,404,1,466118,3,0.20919353786614392,0
21,140007,340,2,345047,3,0.5943123665760944,0
55,68367,620,0,81990,2,0.8463527880141244,0
52,33201,634,2,342348,3,0.8397910734387177,0
56,22739,459,1,336095,2,0.6092590346772848,0
33,33231,563,1,102309,4,0.4668609992367186,1
26,145610,829,0,392485,0,0.2692324684326618,1
34,127814,776,1,131822,1,0.32164894266864535,1
57,62495,651,0,211840,4,0.6757713486425629,0
35,41168,844,2,165111,4,0.2116438586668375,1
24,52624,509,1,382838,3,0.8184399034855878,0
36,30635,795,2,423784,3,0.6115541291021185,0
48,29964,681,2,42459,1,0.23160266358533493,0
36,47785,780,1,143741,0,0.3678371941341428,1
24,115046,304,2,225821,4,0.6159406373973583,0
46,102797,333,0,219888,3,0.2249208858218706,0
48,104790,444,0,89985,4,0.7459911813704336,0
52,96928,650,0,171588,0,0.8439454467814222,0
22,32336,764,1,198556,2,0.8728542753113562,0
51,97475,647,2,224684,0,0.7135614728303676,0
23,47412,424,2,265341,4,0.7997778295876619,0
28,102212,570,2,204269,4,0.6274952236308154,0
44,95379,656,2,253738,1,0.5209805651791022,1
35,65591,826,0,421549,4,0.699194327360545,0
51,81750,797,1,93295,3,0.35692646498388647,1
29,110648,452,0,453827,1,0.2768490283368852,0
59,116134,352,0,315085,4,0.7332956832902291,0
22,55454,448,1,114903,0,0.8707307550901082,0
28,118537,802,1,306019,4,0.6042355326296165,0
27,82672,749,0,396119,0,0.5377796596985023,1
59,47228,518,2,148770,0,0.5740829618905292,0
36,34429,576,1,101500,4,0.5349249290693827,0
55,104294,751,1,328970,0,0.5095401968240667,1
50,87808,727,0,167480,2,0.8629249859023489,0
30,102886,382,2,129628,1,0.5358342337897739,0
58,135577,517,1,224493,4,0.256771708709785,0
38,73015,826,0,83845,2,0.7358616753491656,0
25,108074,703,1,368109,0,0.47409312238554024,1
49,88936,589,2,151205,0,0.6974854820242186,0
59,100907,719,0,125853,1,0.6056985517020848,0
54,77378,638,0,209818,2,0.6992260456090953,0
43,57310,718,2,172198,2,0.2433957699249757,1
25,121827,506,0,38043,4,0.22371132586747616,0
50,103683,564,2,402294,0,0.4649791373957988,0
26,88827,335,0,58906,3,0.6852162964753585,0
24,55256,672,2,16137,4,0.3565777688341959,1
49,96428,787,1,296494,4,0.5033805025738005,1
43,119862,558,1,271842,4,0.8865671847810821,0
26,122994,830,1,135119,1,0.3504121881621418,1
52,58889,322,0,431348,1,0.7935604232399545,0
38,71428,403,2,15165,4,0.7778226193678377,0
35,130502,540,2,136866,3,0.8239465297022919,0
52,57207,552,1,411862,2,0.8405992205401509,0
29,70255,441,1,224787,2,0.5551241346786926,0
57,125824,750,1,404086,0,0.6773536482369029,1
30,111531,606,2,103893,2,0.6332236384109861,0
40,25409,799,1,297880,2,0.4162639782558899,0
26,62438,307,0,238689,3,0.3958513103082951,0
23,130410,368,1,325228,2,0.4390989786507639,0
31,130238,367,1,21211,3,0.3529204124053845,0
37,115359,707,2,91665,1,0.7301684853449568,0
52,27869,817,0,457754,3,0.875201007898561,0
24,121260,418,2,143449,1,0.8074402192866548,0
24,76862,330,0,144933,3,0.3525582828618664,0
37,107937,817,0,416037,4,0.2363408294985259,1
39,45958,782,1,345632,1,0.7299657349505224,0
25,96302,506,1,472799,1,0.4731496641360313,0
52,39768,686,2,163025,2,0.7772288313167004,0
42,116330,711,2,395014,1,0.7454650576105164,0
26,46145,669,2,303945,3,0.6377871763993054,0
55,95622,652,0,23277,4,0.37873753406557675,1
42,128739,635,2,487655,4,0.2728250374811029,0
21,46442,588,0,350906,2,0.37685382823929464,0
40,101948,439,0,420844,3,0.556831786741827,0
42,143585,599,0,349390,3,0.8856240829496673,1
31,45596,312,0,134350,0,0.24458106814025107,0
33,95791,727,0,294946,1,0.34005040057115227,1
23,62406,699,1,461713,2,0.6390956203846976,0
29,60524,408,0,482536,4,0.4130550762669194,0
32,43332,784,0,389938,0,0.8009530096079189,0
43,130160,655,1,205886,3,0.29759189094591654,1
34,35764,448,1,451918,1,0.874210266508759,0
53,47563,606,1,264717,4,0.8386624240615688,0
38,107675,832,2,426893,0,0.8212703392075047,0
29,56370,359,2,143572,3,0.3211483292343913,0
43,25062,734,0,9015,4,0.430647286976851,0
30,64645,320,0,485588,4,0.7628677895634692,0
39,142759,681,0,135305,3,0.7654656458919622,0
25,27244,544,0,325956,3,0.6936227906449925,1
43,26372,372,1,12826,2,0.5136356170736263,0
50,125409,748,2,14201,4,0.418112489471406,1
45,146248,375,1,34048,3,0.874070555327209,0
48,105501,689,2,388615,0,0.29748358892184223,1
54,137450,641,1,24941,1,0.23062784267336928,0
45,84471,589,0,347785,2,0.2063913639929028,0
30,130533,630,2,63418,3,0.742518836743582,0
34,36956,558,0,201761,1,0.23969360217671765,0
50,60473,725,2,308685,2,0.5770505231303384,1
45,33894,305,2,448155,4,0.4571047087471117,0
34,130584,305,0,75422,1,0.30283552305054484,0
55,118918,490,0,385213,2,0.7184168408210421,0
54,89586,447,0,160022,3,0.2385047817307542,0
30,36709,704,1,125965,3,0.4228756870098166,0
55,101258,557,2,203875,2,0.5935338577940636,0
31,138428,778,2,156714,4,0.4816910063493765,1
31,35210,389,2,464722,2,0.3814037390614401,0
41,69510,309,0,46607,0,0.8482007032942327,0
41,122081,386,2,429504,2,0.8516792719490649,0
42,58674,450,2,379261,2,0.4912661777264585,0
27,145251,329,0,350009,3,0.47562109173299394,0
37,120025,427,0,19450,4,0.4151695332406906,0
22,37733,377,2,272762,2,0.7990293350386524,0
32,40080,720,1,258951,1,0.597540700196433,1
38,122200,354,0,170335,3,0.2626655490317187,0
31,73412,779,1,72583,3,0.7973244921828573,0
36,144476,604,1,342044,2,0.5744203889699004,0
38,78971,845,1,266360,1,0.4909142628741359,0
55,59709,404,1,295938,2,0.43650546055049055,0
46,79846,471,0,280235,1,0.2695986132190614,0
36,85480,798,2,466638,3,0.8696915094806086,0
26,131768,321,2,485324,1,0.7188704622306112,0
32,72960,586,0,282305,2,0.2922442941692865,0
33,123550,690,0,402374,0,0.557888173394384,1
24,61152,448,1,390756,0,0.5889026384504008,0
59,47250,571,1,32663,1,0.31752212992152906,0
22,105765,598,0,221453,2,0.4990550702036127,0
46,137265,471,2,404949,4,0.6520222808178056,0
47,68137,346,1,367105,0,0.39880740027033207,0
47,102011,506,0,239419,3,0.43212626842296387,0
35,138922,752,0,168073,2,0.2854199339455057,1
28,143360,694,0,437344,2,0.4892684510280293,1
27,141280,600,1,447846,0,0.6087000992958063,0
32,66412,475,0,145401,4,0.2815678784895219,0
33,63876,409,2,320249,3,0.6303490511845249,0
37,114547,501,0,330580,4,0.4784552503269687,0
37,93664,467,1,395523,3,0.6747275780735658,0
56,70227,385,2,135705,0,0.4203858828617782,0
41,52450,350,2,259928,2,0.5979494668041229,0
28,104433,411,0,226420,3,0.6289619937818609,0
25,93704,762,0,97635,2,0.6833551794023012,0
46,26861,741,2,74579,1,0.7298572884761094,0
36,127294,570,0,281386,1,0.29544619692993557,0
56,81914,643,1,103901,0,0.8756699195401942,0
48,83888,482,2,227886,0,0.7905517909576332,0
49,99286,802,0,130056,0,0.593623147819032,1
32,81293,309,2,425349,1,0.8232512095448505,0
57,102524,793,0,160812,3,0.4677030775865245,1
50,88515,533,0,367772,4,0.22400058612429344,0
43,43524,597,1,35976,0,0.7089219666075601,0
36,27065,543,0,176139,4,0.860340904548752,0
34,57684,808,0,16231,4,0.31329826450271164,1
30,108720,650,0,464321,1,0.6507117629114348,0
27,53365,566,1,139400,3,0.7693978924566218,0
57,78876,500,0,250900,1,0.8335469361466581,0
49,43704,538,0,30261,0,0.3935694313806302,0
23,77857,633,0,292406,1,0.2901136665693121,0
35,25622,714,2,401496,1,0.3734950797131544,0
56,103797,783,1,482899,1,0.6044051487133949,0
39,130468,736,2,167814,0,0.843109779546872,0
33,113955,545,1,8590,0,0.6077750678389543,0
41,120003,307,1,383870,1,0.8437349105851975,0
57,111141,451,2,186298,1,0.7390259165838533,0
47,114707,691,1,92542,4,0.6188726249174665,0
49,107700,510,1,18570,3,0.21525895648433074,0
40,135404,666,2,236601,4,0.43315303751329887,1
45,131733,385,0,231201,3,0.24022169005743438,0
26,99332,354,1,487659,3,0.42556964519181983,0
56,122390,745,2,276677,1,0.24363344871090858,1
22,116856,603,1,393034,4,0.3174711030150437,0
42,86201,431,2,480499,3,0.4874801413696862,0
52,52694,720,0,411582,3,0.5604193218030864,1
36,109766,684,1,380963,0,0.3519991818049984,1
38,42995,497,0,260019,3,0.7128041654805923,0
25,112320,346,0,343512,1,0.6132552353069138,0
56,100141,502,2,426541,2,0.6842323715342944,0
50,102999,560,1,39798,0,0.7129359767653893,0
39,28419,323,1,175525,2,0.7088442370067165,0
43,67952,639,1,289993,1,0.855363730837797,0
54,143028,711,1,192015,2,0.3660542337402669,1
33,53837,560,1,404373,3,0.38910894746188773,0
49,90799,585,2,379116,2,0.2659407476015055,0
56,68877,812,1,428394,4,0.6148104502017722,0
42,126255,385,0,218609,1,0.47662985534650576,0
56,65687,729,0,296174,4,0.547339216467434,1
29,119667,330,1,256197,2,0.3188750203998979,0
59,57276,739,2,131026,4,0.6543421753999681,0
39,54523,648,2,187206,0,0.6333135524476159,0
58,86055,711,1,125398,2,0.38534909885241364,1
26,74615,827,0,332873,4,0.5257916832982519,1
35,116642,609,1,13164,3,0.8260106566750958,0
40,130040,695,1,222450,2,0.7414493240280591,0
29,30514,637,1,6119,0,0.3588607137343322,0
52,67456,736,2,18351,3,0.8151983967497223,0
24,27233,664,2,192135,2,0.24711908139508001,0
38,21102,412,0,77076,3,0.48974999623878857,0
25,86133,475,0,312306,2,0.25608275927617724,0
40,66715,448,1,298904,2,0.8469499359305419,0
43,105193,477,0,447894,1,0.22849170927403034,0
31,130545,681,1,228136,4,0.30586820727553843,1
57,124085,522,0,94074,2,0.8405279606855858,0
42,129101,558,1,386711,0,0.6075103514304405,0
24,26256,488,2,495994,4,0.7566315825673862,0
49,141946,605,1,445844,1,0.21148473218325659,0
54,128684,677,2,490110,4,0.49336654938872204,1
33,84800,642,2,240221,4,0.8891259411919965,0
29,148900,455,0,266782,2,0.6058733462211091,0
51,114937,354,0,176811,0,0.7947779520199432,0
27,61548,741,2,34738,2,0.874491633827815,0
24,92090,499,1,253433,0,0.6795283563156846,0
39,98200,702,1,314065,0,0.42934132318522655,1
50,62367,476,0,389592,3,0.4160248539897937,0
51,148845,748,1,261349,2,0.2498941855135276,1
55,133815,840,1,66068,1,0.4994404714042696,1
41,109922,600,1,290725,4,0.8407725909353163,0
51,90382,606,2,100672,3,0.5346436986157865,0
39,147602,566,2,26485,1,0.8376964370887465,0
51,146270,513,1,228773,2,0.7719993532597673,0
52,146320,782,0,41294,0,0.8889309793029627,0
22,46205,561,1,320145,2,0.8633866973244442,0
30,45570,366,0,137706,2,0.6945382883370927,0
22,50255,432,2,48969,3,0.8098521008131825,0
22,41182,839,1,5093,1,0.723654391142663,0
44,59373,811,1,33370,3,0.6923761602495524,0
37,63019,510,0,24750,1,0.7008917045284615,0
52,82619,552,0,242092,3,0.7047305727505733,0
36,36043,337,1,248707,4,0.46559330830308393,0
36,65532,342,1,253706,0,0.4964936912368089,0
59,121290,704,0,283616,0,0.40584981142113097,1
51,85936,345,2,248617,0,0.30378240296993064,0
44,39239,753,0,23934,4,0.5209103802339347,0
21,30416,604,1,441990,4,0.8299645024905979,0
31,23412,532,2,224129,0,0.6558852946324802,0
41,101976,544,2,306269,0,0.23932625180267786,0
24,44406,594,2,465197,1,0.7678399611952564,0
27,21875,682,2,484757,1,0.8547810690522502,0
46,139231,457,1,306247,2,0.7805957079907393,0
32,57066,704,2,481966,3,0.7092789899090228,0
51,122072,300,0,196157,1,0.30508427706932506,0
37,25752,516,0,355849,1,0.44429992457681167,0
53,106753,806,0,323687,1,0.5957008218436213,1
31,98025,329,1,153010,1,0.2538025455648727,0
48,21353,819,2,344636,4,0.2743891498950494,0
52,46986,574,0,449802,2,0.8539777454078048,0
21,106907,791,0,325168,1,0.6918838352931885,0
48,124901,335,0,175759,3,0.3925609322358929,0
27,34691,610,2,469345,1,0.42915221683294347,0
22,89847,343,0,293351,4,0.4691005129961186,0
44,68075,454,2,54354,0,0.25254990480510187,0
24,30794,376,2,241529,0,0.7174238991000996,0
39,88470,737,2,173382,2,0.32378380846384397,1
46,36406,731,1,53960,0,0.763584017374497,0
31,95930,841,1,328406,1,0.7921107008438535,0
31,135897,338,2,102155,4,0.6469039241992249,0
23,46872,538,2,262091,2,0.7388984603792392,0
32,61708,312,1,149475,1,0.32028461668023034,0
23,135492,421,1,149137,0,0.6031572878694458,0
47,126629,443,2,226002,3,0.6737595201122919,0
22,40800,754,1,162873,1,0.6630924065979944,0
36,63397,667,0,113182,3,0.28210291435022655,1
22,143313,546,2,104132,3,0.44106772373602665,1
50,57909,344,2,427446,2,0.4275262650376356,0
40,41352,674,1,339850,4,0.6007688108178358,0
58,121975,590,0,482158,0,0.7356659902074272,0
48,113848,506,1,488430,0,0.5994132563191497,0
45,125596,818,0,297112,1,0.7283792070561579,0
52,35438,541,0,47517,0,0.2692773176893057,0
30,108921,413,2,255714,2,0.8146970836070941,0
53,64999,601,0,189311,0,0.5756319485549818,0
33,38482,575,2,430871,1,0.22624906232702102,0
57,52471,395,0,490839,0,0.6502491021156984,0
36,67279,593,2,259055,4,0.5621430311541529,0
42,129413,659,0,134282,3,0.35425869819399547,1
40,126748,587,1,198843,3,0.7350978210279482,0
47,74213,453,0,50984,3,0.853497775845586,0
36,133909,722,1,147121,4,0.4258784176904541,1
54,33026,349,0,339465,2,0.5457409779714583,0
52,127625,506,0,243374,1,0.28972249908890035,0
46,105184,512,2,126854,4,0.8508598065933712,0
45,25435,365,0,463029,1,0.42315724173346303,0
22,28493,531,0,402871,2,0.3363492785896681,0
32,92227,619,0,482210,4,0.5349000737386188,0
29,79321,436,1,265603,0,0.23029774265082653,0
32,22763,364,2,95638,2,0.3769857818584834,0
46,40389,813,2,208526,3,0.24736041554398758,1
29,51498,431,0,336116,4,0.28915980814593983,0
30,83755,633,0,288576,2,0.2785102856061077,0
52,121545,331,1,226481,2,0.81069396851257,0
54,55825,797,0,70896,4,0.8513043936242395,1
40,36934,542,2,246285,3,0.5321655160461023,0
59,25574,491,2,206207,3,0.6412919614973417,0
22,58179,441,1,441152,2,0.6871313280840989,0
21,21587,490,1,110035,1,0.4739193274104421,0
56,62782,448,2,498597,2,0.45914732693002147,0
44,124224,715,1,280894,4,0.6728983134565687,0
47,74412,819,0,295131,4,0.4637001606716669,1
22,80561,315,0,252933,4,0.6067066636851239,0
51,97224,405,1,370139,3,0.5606349675680204,0
34,24409,582,2,293309,0,0.5671224206306871,0
22,147159,403,1,186613,4,0.7805512040135156,0
49,91319,660,2,29346,4,0.6928399762290876,0
35,119016,334,1,256731,1,0.872477857826665,0
32,46751,412,1,8514,1,0.7536836390761057,0
57,58174,607,1,29838,2,0.302054760219927,0
48,142678,352,0,294703,2,0.71693831209989,0
40,76572,380,0,368367,2,0.6659532877769947,0
59,81416,668,2,495717,4,0.6522307856579439,0
44,32041,541,1,64207,1,0.5365212383344025,0
41,43227,330,0,21385,2,0.2437247438711905,0
30,55201,660,1,154389,1,0.866039337257049,0
34,56069,532,2,398609,4,0.7963472863070884,0
57,102190,333,0,29881,4,0.5407656261883005,0
38,46370,542,2,378905,2,0.3110066773415659,0
44,115018,358,0,234905,4,0.777130860499031,0
34,145342,828,1,426171,4,0.5014701237864301,1
54,147173,377,2,63308,1,0.4730797464544516,0
32,31586,601,0,377659,0,0.6657675623528909,0
42,70231,411,0,194086,3,0.7310727789728559,0
26,145758,712,1,258267,2,0.24398851563432067,1
56,25322,616,2,201502,0,0.7372894915384589,0
56,85294,444,2,339175,2,0.7137583509461396,0
42,99468,317,2,372401,0,0.6124467273654305,0
34,49299,650,1,354117,4,0.436893240050694,0
36,110715,454,0,64596,2,0.3153615030790795,0
56,90793,805,0,399929,0,0.27185707842870427,1
45,66501,659,2,25428,3,0.2008285856029976,1
52,77134,631,0,67160,4,0.344522122984465,0
53,131672,827,2,464387,2,0.48793587903498103,1
56,29777,311,1,255894,2,0.370551031980059,0
40,31249,374,1,347873,0,0.41628533752350694,0
38,140902,511,1,65843,2,0.4733166907526931,0
58,41390,582,2,421219,4,0.4157836159258018,0
23,40369,494,0,347313,1,0.7072347270611115,0
43,32881,329,1,361908,0,0.544208752415479,0
52,29587,308,2,440293,3,0.2135290034264285,0
36,113800,608,2,293874,2,0.3586677619536124,0
25,94327,744,1,381226,4,0.6967607712441715,0
24,127009,609,1,77981,2,0.41065136630075005,0
41,107911,725,1,246791,3,0.8440992401893341,0
34,108147,390,0,478033,4,0.6988648332131944,0
